V0	Vf	V_sent	D	dt
-6.984353	-6.813892	-6.800000	576.110107	0.095501
-7.001689	-6.609126	-6.600000	911.965820	0.136002
-6.789104	-6.604812	-6.600000	671.098389	0.099516
-6.990925	-6.405985	-6.400000	1065.922119	0.157508
-6.803345	-6.409120	-6.400000	828.632324	0.129994
-6.592394	-6.413895	-6.400000	597.783936	0.092000
-7.002838	-6.199710	-6.200000	1323.043945	0.207257
-6.803345	-6.205979	-6.200000	1090.920898	0.173996
-6.592394	-6.209129	-6.200000	803.637939	0.144000
-6.385829	-6.213889	-6.200000	632.787598	0.100495
-7.002838	-6.001088	-6.000000	1469.957520	0.247999
-6.803345	-6.003366	-6.000000	1233.056885	0.193508
-6.571956	-6.005996	-6.000000	1002.604980	0.170501
-6.385829	-6.007211	-6.000000	881.950562	0.149694
-6.126491	-6.013906	-6.000000	561.137817	0.099499
-6.966101	-5.848198	-5.800000	1565.070068	0.246004
-6.789748	-5.801090	-5.800000	1481.630127	0.258505
-6.591471	-5.821085	-5.800000	1194.729980	0.200001
-6.359895	-5.805983	-5.800000	970.945190	0.164000
-6.158168	-5.828892	-5.800000	805.382690	0.136628
-5.965834	-5.813896	-5.800000	592.799561	0.107937
-6.980471	-5.641923	-5.600000	1753.166504	0.288761
-6.802159	-5.648149	-5.600000	1516.703857	0.252501
-6.591061	-5.601084	-5.600000	1379.958984	0.236002
-6.404535	-5.602493	-5.600000	1149.714966	0.202498
-6.204302	-5.604632	-5.600000	1037.575928	0.179002
-5.937318	-5.609126	-5.600000	728.652588	0.130004
-5.777170	-5.613890	-5.600000	572.792969	0.093492
-6.977287	-5.436388	-5.400000	2051.014160	0.337484
-6.803345	-5.441896	-5.400000	1754.813965	0.302001
-6.543297	-5.448282	-5.400000	1468.441772	0.267002
-6.360990	-5.401086	-5.400000	1388.321167	0.249218
-6.202200	-5.403364	-5.400000	1066.385742	0.202760
-5.999137	-5.404626	-5.400000	952.568848	0.174752
-5.803302	-5.402298	-5.400000	796.947876	0.137497
-5.598920	-5.411161	-5.400000	644.427979	0.108500
-6.984587	-5.231072	-5.200000	2108.703857	0.369000
-6.793314	-5.236389	-5.200000	1929.336426	0.330760
-6.555466	-5.241919	-5.200000	1698.186401	0.305000
-6.317444	-5.248196	-5.200000	1420.076050	0.259490
-6.165397	-5.201080	-5.200000	1341.643921	0.244495
-6.002553	-5.203358	-5.200000	1129.725342	0.225495
-5.799310	-5.218958	-5.200000	967.570312	0.188997
-5.602534	-5.209115	-5.200000	678.627686	0.130493
-5.403891	-5.213883	-5.200000	532.776855	0.108001
-6.984587	-5.010552	-5.000000	2317.711914	0.420500
-6.789748	-5.031066	-5.000000	2097.030273	0.372647
-6.506369	-5.036523	-5.000000	1811.114502	0.339001
-6.383969	-5.041906	-5.000000	1641.494385	0.289501
-6.165397	-5.039274	-5.000000	1413.337402	0.258498
-5.965834	-5.000173	-5.000000	1328.293457	0.260225
-5.801306	-5.003359	-5.000000	1041.389771	0.208503
-5.582195	-5.005989	-5.000000	797.594116	0.156996
-5.402767	-5.009112	-5.000000	653.629028	0.135997
-5.188794	-5.013884	-5.000000	512.783691	0.108495
-6.966101	-4.821539	-4.800000	2494.970703	0.448342
-6.788562	-4.826007	-4.800000	2257.722900	0.411999
-6.555466	-4.831156	-4.800000	1972.097778	0.372998
-6.360990	-4.836407	-4.800000	1802.703979	0.337584
-6.189844	-4.841900	-4.800000	1584.819336	0.305001
-5.999137	-4.848155	-4.800000	1373.371826	0.266999
-5.743797	-4.801076	-4.800000	1248.321167	0.253488
-5.602685	-4.803350	-4.800000	1003.052490	0.195000
-5.403137	-4.805968	-4.800000	857.582520	0.180001
-5.203244	-4.809110	-4.800000	671.961182	0.136993
-4.941823	-4.813886	-4.800000	492.810547	0.108001
-6.998722	-4.606028	-4.600000	2686.849365	0.494501
-6.789748	-4.621534	-4.600000	2411.618896	0.424000
-6.554133	-4.626023	-4.600000	2181.085571	0.401498
-6.390901	-4.631062	-4.600000	1903.690430	0.366003
-6.165397	-4.616436	-4.600000	1725.989624	0.336052
-5.993336	-4.641894	-4.600000	1528.150024	0.327759
-5.777170	-4.648164	-4.600000	1275.049316	0.261012
-5.582195	-4.601081	-4.600000	1108.297363	0.237258
-5.387265	-4.603355	-4.600000	964.729614	0.207499
-5.153166	-4.605974	-4.600000	824.282715	0.178500
-4.963109	-4.609119	-4.600000	561.965332	0.130009
-4.776222	-4.613880	-4.600000	432.777100	0.101005
-6.984353	-4.413427	-4.400000	2795.285156	0.504022
-6.774965	-4.417075	-4.400000	2501.895264	0.474258
-6.592394	-4.421528	-4.400000	2273.280762	0.445502
-6.360990	-4.410556	-4.400000	2087.715088	0.408501
-6.165397	-4.431064	-4.400000	1835.377563	0.373006
-6.003923	-4.436381	-4.400000	1625.999023	0.335500
-5.774994	-4.419660	-4.400000	1508.121826	0.311502
-5.582064	-4.448184	-4.400000	1226.719727	0.263000
-5.386511	-4.401068	-4.400000	1109.955200	0.252498
-5.153323	-4.403404	-4.400000	883.103271	0.194002
-4.972781	-4.405968	-4.400000	749.264160	0.167499
-4.803251	-4.409099	-4.400000	618.627075	0.135259
-4.581606	-4.413874	-4.400000	414.450500	0.095497
-7.002838	-4.209803	-4.200000	2876.783691	0.554767
-6.802701	-4.204310	-4.200000	2620.242187	0.513498
-6.602307	-4.206017	-4.200000	2448.504883	0.486999
-6.404535	-4.221537	-4.200000	2191.611938	0.475006
-6.197073	-4.225990	-4.200000	1976.044922	0.410451
-6.003992	-4.231051	-4.200000	1767.016357	0.354002
-5.803613	-4.236383	-4.200000	1515.991821	0.316504
-5.602666	-4.219662	-4.200000	1449.769043	0.302263
-5.387265	-4.248185	-4.200000	1133.381836	0.269998
-5.188794	-4.198704	-4.200000	1143.276489	0.278001
-4.988045	-4.203355	-4.200000	888.066162	0.209500
-4.777990	-4.200861	-4.200000	752.576172	0.188257
-4.581143	-4.209100	-4.200000	591.972229	0.137000
-4.402754	-4.213861	-4.200000	396.105713	0.106499
-6.984587	-4.006744	-4.000000	3009.683594	0.586498
-6.802701	-4.009812	-4.000000	2718.444824	0.536994
-6.591061	-4.013430	-4.000000	2546.936035	0.513064
-6.360990	-4.017063	-4.000000	2325.213379	0.505003
-6.196022	-4.021516	-4.000000	2161.608398	0.447498
-5.999137	-4.026006	-4.000000	1851.046387	0.404000
-5.796729	-4.031045	-4.000000	1698.679687	0.375762
-5.570935	-4.036465	-4.000000	1456.056030	0.328502
-5.387265	-4.019663	-4.000000	1391.443726	0.297998
-5.203131	-4.048143	-4.000000	1130.028931	0.251999
-5.003740	-4.001064	-4.000000	1019.946045	0.249001
-4.777990	-4.003345	-4.000000	889.731689	0.203197
-4.578860	-4.005960	-4.000000	724.259277	0.187001
-4.383477	-4.009098	-4.000000	565.303467	0.136008
-4.202538	-4.013863	-4.000000	377.771667	0.093998
-6.977439	-3.804050	-3.800000	3194.120850	0.632999
-6.789748	-3.806752	-3.800000	2958.019775	0.579502
-6.543297	-3.809836	-3.800000	2673.515503	0.551499
-6.360990	-3.813483	-3.800000	2452.068237	0.516503
-6.158168	-3.817065	-3.800000	2288.561157	0.486759
-5.999137	-3.817389	-3.800000	2059.911377	0.442487
-5.743797	-3.826088	-3.800000	1777.788452	0.429997
-5.581788	-3.831054	-3.800000	1677.022217	0.387500
-5.384914	-3.836378	-3.800000	1486.004272	0.336100
-5.204544	-3.841893	-3.800000	1258.136475	0.302998
-4.999910	-3.823693	-3.800000	1071.656494	0.266905
-4.777990	-3.801069	-3.800000	934.965332	0.230000
-4.581606	-3.821061	-3.800000	849.730042	0.207000
-4.383195	-3.805961	-3.800000	654.256348	0.169996
-4.202915	-3.809089	-3.800000	503.623230	0.128503
-4.003100	-3.813853	-3.800000	392.773315	0.095501
-6.963589	-3.601481	-3.600000	3313.194336	0.693938
-6.768627	-3.604044	-3.600000	3077.442139	0.620503
-6.506369	-3.606813	-3.600000	2793.169678	0.619003
-6.404535	-3.609815	-3.600000	2571.784790	0.570501
-6.189273	-3.608063	-3.600000	2468.560669	0.526500
-6.003992	-3.617052	-3.600000	2198.531616	0.470002
-5.777170	-3.621556	-3.600000	1995.017334	0.436500
-5.603249	-3.625987	-3.600000	1844.373535	0.431271
-5.402382	-3.631041	-3.600000	1562.007080	0.365996
-5.190566	-3.636380	-3.600000	1422.665039	0.347259
-4.941823	-3.619670	-3.600000	1316.521240	0.306191
-4.755048	-3.648164	-3.600000	1033.381470	0.250824
-4.602423	-3.598694	-3.600000	959.929443	0.244502
-4.379953	-3.603337	-3.600000	809.729675	0.212497
-4.191419	-3.605948	-3.600000	657.578369	0.178998
-3.965360	-3.609101	-3.600000	445.300781	0.135998
-3.802266	-3.604789	-3.600000	339.415283	0.113489
-7.003073	-3.440449	-3.400000	3397.152588	0.705502
-6.789748	-3.415818	-3.400000	3161.488525	0.646500
-6.554133	-3.403059	-3.400000	2989.131226	0.632498
-6.386818	-3.406756	-3.400000	2738.068970	0.599865
-6.204302	-3.407781	-3.400000	2446.754639	0.579497
-5.965834	-3.413421	-3.400000	2261.939941	0.520501
-5.727966	-3.417061	-3.400000	2060.212280	0.474246
-5.571067	-3.417417	-3.400000	1846.617310	0.449498
-5.387265	-3.426011	-3.400000	1676.056274	0.417927
-5.190724	-3.431042	-3.400000	1450.339233	0.359740
-4.983652	-3.436374	-3.400000	1401.000977	0.326268
-4.803251	-3.441886	-3.400000	1188.136353	0.334497
-4.532044	-3.448173	-3.400000	1023.412720	0.250498
-4.401993	-3.401050	-3.400000	921.611450	0.247755
-4.202655	-3.403332	-3.400000	734.713623	0.206000
-3.986267	-3.404623	-3.400000	619.268433	0.173003
-3.788446	-3.409081	-3.400000	421.954529	0.127502
-3.566497	-3.404785	-3.400000	351.093506	0.108502
-7.003483	-3.235214	-3.200000	3445.817871	0.710997
-6.802159	-3.249618	-3.200000	3242.192383	0.673502
-6.543297	-3.200954	-3.200000	3093.200073	0.666999
-6.360990	-3.204040	-3.200000	2790.798340	0.610118
-6.196022	-3.205261	-3.200000	2654.656250	0.591753
-5.999137	-3.209789	-3.200000	2368.444824	0.564002
-5.796729	-3.213407	-3.200000	2215.261475	0.540504
-5.578449	-3.217062	-3.200000	2018.551758	0.473500
-5.402474	-3.221515	-3.200000	1828.259766	0.452498
-5.104388	-3.221084	-3.200000	1627.728638	0.416985
-5.003019	-3.231036	-3.200000	1425.339844	0.377515
-4.802131	-3.236383	-3.200000	1255.992798	0.336257
-4.602423	-3.241891	-3.200000	1093.133789	0.310945
-4.401914	-3.248145	-3.200000	973.362549	0.259999
-4.184925	-3.201055	-3.200000	874.989441	0.230501
-4.002393	-3.203322	-3.200000	696.379517	0.209998
-3.803259	-3.205937	-3.200000	559.242554	0.157502
-3.587810	-3.209075	-3.200000	398.620422	0.129000
-3.404525	-3.213836	-3.200000	304.435547	0.101496
-6.966101	-3.017115	-3.000000	3604.267578	0.788348
-6.803887	-3.043255	-3.000000	3287.522949	0.751015
-6.554561	-3.049627	-3.000000	3170.586304	0.679498
-6.360726	-3.001463	-3.000000	2836.498779	0.682502
-6.197073	-3.004020	-3.000000	2675.753906	0.644498
-5.999137	-3.006729	-3.000000	2418.010498	0.584257
-5.777170	-3.009798	-3.000000	2315.125854	0.572501
-5.582195	-3.013409	-3.000000	2071.924561	0.520043
-5.384160	-3.017042	-3.000000	1928.525513	0.506001
-5.203244	-3.017376	-3.000000	1683.228760	0.454439
-4.999910	-3.025992	-3.000000	1567.702881	0.411503
-4.803321	-3.031031	-3.000000	1397.005615	0.391676
-4.590873	-3.036370	-3.000000	1232.661621	0.348000
-4.402676	-3.041885	-3.000000	1074.799438	0.308557
-4.185303	-3.048154	-3.000000	888.372131	0.267497
-4.003100	-3.001046	-3.000000	828.275757	0.259497
-3.787454	-3.003320	-3.000000	689.721619	0.226500
-3.604474	-3.005933	-3.000000	527.574524	0.173003
-3.398269	-2.995472	-3.000000	481.921448	0.168498
-3.187369	-3.013832	-3.000000	339.445709	0.116501
-7.003483	-2.832160	-2.800000	3615.887939	0.779905
-6.753843	-2.837580	-2.800000	3382.646240	0.759268
-6.555466	-2.843263	-2.800000	3210.907837	0.715037
-6.403440	-2.824616	-2.800000	2905.475464	0.698498
-6.150368	-2.798865	-2.800000	2791.490845	0.679755
-5.999137	-2.804021	-2.800000	2610.763672	0.632500
-5.803302	-2.806716	-2.800000	2456.333252	0.599813
-5.603117	-2.809792	-2.800000	2165.101562	0.554998
-5.403228	-2.813396	-2.800000	1976.917480	0.540514
-5.203244	-2.817043	-2.800000	1838.514160	0.482762
-4.999910	-2.821511	-2.800000	1619.931030	0.452540
-4.777412	-2.826015	-2.800000	1451.062500	0.409531
-4.581143	-2.831040	-2.800000	1327.018250	0.367997
-4.383399	-2.836371	-2.800000	1132.665527	0.360523
-4.185303	-2.841887	-2.800000	1018.144226	0.300035
-4.003100	-2.848141	-2.800000	806.688843	0.265999
-3.804251	-2.817722	-2.800000	781.606323	0.257534
-3.588222	-2.803316	-2.800000	589.709290	0.217499
-3.389413	-2.805931	-2.800000	524.248535	0.171506
-3.188349	-2.809071	-2.800000	405.296478	0.143131
-2.973481	-2.813824	-2.800000	292.773254	0.100999
-6.984353	-2.626940	-2.600000	3645.466064	0.813998
-6.789748	-2.632154	-2.600000	3527.551025	0.794989
-6.584125	-2.637552	-2.600000	3299.284180	0.790883
-6.386818	-2.643258	-2.600000	3024.191406	0.724001
-6.197073	-2.649600	-2.600000	2862.192871	0.695494
-5.946900	-2.601452	-2.600000	2696.510620	0.683758
-5.775174	-2.604023	-2.600000	2445.761230	0.616502
-5.570935	-2.606725	-2.600000	2298.012085	0.601000
-5.402382	-2.629672	-2.600000	2063.430908	0.564703
-5.153166	-2.613405	-2.600000	1838.600098	0.519497
-4.972781	-2.605993	-2.600000	1770.177490	0.511494
-4.777990	-2.621520	-2.600000	1538.279907	0.436498
-4.552861	-2.625999	-2.600000	1414.403748	0.428544
-4.361302	-2.613306	-2.600000	1241.993164	0.386771
-4.185303	-2.636373	-2.600000	1105.996277	0.374537
-4.002393	-2.641888	-2.600000	961.466675	0.309300
-3.772641	-2.635280	-2.600000	834.992187	0.278006
-3.602231	-2.601033	-2.600000	674.936401	0.251026
-3.403354	-2.603312	-2.600000	581.375244	0.210784
-3.188349	-2.605927	-2.600000	490.923035	0.194279
-3.001015	-2.609069	-2.600000	328.621155	0.129760
-2.773680	-2.613824	-2.600000	249.448120	0.094999
-7.001630	-2.408697	-2.400000	3863.184082	0.908254
-6.804532	-2.426919	-2.400000	3552.089600	0.893262
-6.571956	-2.432156	-2.400000	3380.896973	0.812327
-6.404535	-2.437554	-2.400000	3159.279297	0.781500
-6.165397	-2.443332	-2.400000	2892.615601	0.767135
-5.994350	-2.449617	-2.400000	2685.531738	0.688980
-5.803302	-2.401453	-2.400000	2476.482056	0.669001
-5.599502	-2.404024	-2.400000	2330.764160	0.620265
-5.384160	-2.406712	-2.400000	2143.003540	0.602501
-5.141788	-2.402596	-2.400000	2025.133179	0.568758
-4.968951	-2.413392	-2.400000	1828.608032	0.525999
-4.803899	-2.417028	-2.400000	1618.518799	0.487999
-4.602423	-2.421499	-2.400000	1494.923096	0.445494
-4.402676	-2.425982	-2.400000	1264.355591	0.423679
-4.202915	-2.431028	-2.400000	1151.998230	0.364498
-3.986518	-2.429569	-2.400000	1095.957581	0.374498
-3.772641	-2.441934	-2.400000	841.494873	0.307499
-3.588887	-2.448165	-2.400000	743.370056	0.286498
-3.403354	-2.401025	-2.400000	659.934326	0.244000
-3.202273	-2.402456	-2.400000	589.694092	0.215998
-2.946916	-2.405950	-2.400000	432.610229	0.166509
-2.801572	-2.409059	-2.400000	351.956421	0.143995
-2.580433	-2.413817	-2.400000	231.103973	0.102000
-6.995925	-2.217846	-2.200000	3800.713623	0.884501
-6.788562	-2.222387	-2.200000	3626.552734	0.890512
-6.553404	-2.226935	-2.200000	3510.471558	0.818493
-6.404535	-2.213928	-2.200000	3199.168701	0.789001
-6.165397	-2.218754	-2.200000	3114.319458	0.874999
-6.003992	-2.220520	-2.200000	2729.138916	0.724281
-5.802101	-2.249603	-2.200000	2608.842773	0.678520
-5.561649	-2.200928	-2.200000	2468.143311	0.672928
-5.387265	-2.204011	-2.200000	2305.789795	0.626502
-5.204431	-2.206714	-2.200000	2034.652466	0.609764
-4.972060	-2.209782	-2.200000	1860.115845	0.562000
-4.803251	-2.204271	-2.200000	1670.220337	0.531001
-4.602423	-2.217026	-2.200000	1530.174316	0.491496
-4.383477	-2.221501	-2.200000	1374.934570	0.462493
-4.203292	-2.225980	-2.200000	1226.027100	0.516501
-3.965123	-2.231037	-2.200000	1117.021545	0.417001
-3.770929	-2.236416	-2.200000	916.017639	0.367663
-3.588887	-2.219666	-2.200000	866.467468	0.355518
-3.384328	-2.248142	-2.200000	723.366394	0.287996
-3.188349	-2.201032	-2.200000	614.949921	0.273994
-2.975993	-2.203306	-2.200000	504.723389	0.235005
-2.799923	-2.205915	-2.200000	424.241211	0.185761
-2.573904	-2.209085	-2.200000	303.638092	0.144499
-2.382356	-2.211132	-2.200000	231.090729	0.129758
-7.002604	-2.014091	-2.000000	3926.312500	1.018499
-6.788562	-2.017826	-2.000000	3694.060547	0.986501
-6.591471	-2.008685	-2.000000	3539.853760	0.957663
-6.385829	-2.026908	-2.000000	3248.755981	0.944993
-6.165397	-2.026112	-2.000000	3000.845947	0.866501
-5.964820	-2.017108	-2.000000	2945.940796	0.793454
-5.777170	-2.023619	-2.000000	2679.106445	0.759997
-5.561725	-2.049649	-2.000000	2435.564941	0.698500
-5.386511	-2.001435	-2.000000	2281.477905	0.663848
-5.153323	-2.004013	-2.000000	2144.125122	0.635501
-4.968951	-2.006715	-2.000000	1968.014282	0.611984
-4.799714	-2.009780	-2.000000	1758.433105	0.564998
-4.581143	-2.013391	-2.000000	1596.915161	0.515991
-4.383399	-2.017024	-2.000000	1478.517456	0.497503
-4.184925	-2.021499	-2.000000	1328.263611	0.462258
-3.948528	-2.025978	-2.000000	1151.033081	0.439003
-3.787454	-2.025179	-2.000000	1063.639587	0.394003
-3.578646	-2.036367	-2.000000	915.989136	0.334964
-3.404214	-2.041876	-2.000000	763.125549	0.302000
-3.165970	-2.048168	-2.000000	673.400238	0.280493
-2.974518	-2.001024	-2.000000	594.954834	0.245002
-2.801572	-2.003299	-2.000000	466.374634	0.218255
-2.580731	-2.024581	-2.000000	390.919037	0.188500
-2.382301	-2.009077	-2.000000	278.631561	0.144496
-2.171125	-2.013813	-2.000000	212.786255	0.107522
-6.983983	-1.810467	-1.800000	4045.117432	0.985667
-6.802701	-1.804593	-1.800000	3712.947754	0.968763
-6.592394	-1.817835	-1.800000	3529.072510	0.899005
-6.360990	-1.822398	-1.800000	3363.255981	0.860130
-6.197073	-1.810979	-1.800000	3112.049561	0.826795
-5.965834	-1.832161	-1.800000	2840.889648	0.793272
-5.801306	-1.837544	-1.800000	2690.920166	0.799368
-5.582195	-1.843286	-1.800000	2497.549316	0.749532
-5.387265	-1.849629	-1.800000	2310.539917	0.704001
-5.188794	-1.801429	-1.800000	2203.145630	0.673497
-4.966640	-1.821990	-1.800000	1985.751953	0.623742
-4.777990	-1.806706	-1.800000	1818.001587	0.587998
-4.602423	-1.809771	-1.800000	1656.755127	0.562485
-4.380031	-1.813385	-1.800000	1538.591125	0.540499
-4.164938	-1.817029	-1.800000	1388.529968	0.490498
-3.986020	-1.821519	-1.800000	1211.606995	0.446496
-3.786734	-1.825975	-1.800000	1076.031982	0.409502
-3.604385	-1.831047	-1.800000	917.004761	0.376501
-3.355653	-1.836396	-1.800000	796.000977	0.328501
-3.203253	-1.841883	-1.800000	708.126160	0.302001
-2.948391	-1.848153	-1.800000	598.372955	0.265410
-2.778279	-1.817713	-1.800000	548.283783	0.258494
-2.603307	-1.803296	-1.800000	449.708191	0.216000
-2.402536	-1.805911	-1.800000	357.571533	0.179436
-2.161776	-1.802254	-1.800000	286.953033	0.143001
-1.984630	-1.813806	-1.800000	176.108124	0.100497
-7.002838	-1.607224	-1.600000	4040.149414	1.044000
-6.804532	-1.610476	-1.600000	3865.097168	0.989346
-6.543297	-1.614108	-1.600000	3528.037109	0.973546
-6.385829	-1.617829	-1.600000	3310.705322	0.914756
-6.197073	-1.618095	-1.600000	3216.542358	0.883323
-5.967790	-1.626918	-1.600000	2895.422241	0.849773
-5.751037	-1.632155	-1.600000	2794.237793	0.830944
-5.561725	-1.637560	-1.600000	2552.606934	0.767017
-5.402382	-1.643244	-1.600000	2320.832764	0.718754
-5.141788	-1.624801	-1.600000	2156.018433	0.700773
-4.996079	-1.601438	-1.600000	2079.802002	0.692523
-4.752730	-1.604001	-1.600000	1910.778076	0.643031
-4.602886	-1.606704	-1.600000	1747.982666	0.611288
-4.383477	-1.602558	-1.600000	1568.405640	0.574276
-4.202915	-1.613383	-1.600000	1441.906738	0.523517
-4.003351	-1.605975	-1.600000	1311.811096	0.505300
-3.802704	-1.608231	-1.600000	1143.216858	0.483517
-3.603308	-1.625973	-1.600000	1001.016296	0.412286
-3.388241	-1.613261	-1.600000	891.976257	0.371491
-3.187369	-1.636364	-1.600000	789.319794	0.332997
-2.974450	-1.641890	-1.600000	678.146576	0.321780
-2.801572	-1.648132	-1.600000	573.351685	0.272514
-2.600214	-1.601013	-1.600000	523.270142	0.249503
-2.402645	-1.621021	-1.600000	409.705505	0.238263
-2.183754	-1.605922	-1.600000	287.581161	0.178515
-1.952056	-1.602245	-1.600000	258.635284	0.150760
-1.774432	-1.613806	-1.600000	157.774979	0.101007
-6.966101	-1.404493	-1.400000	4145.157227	1.095366
-6.774965	-1.407218	-1.400000	3911.837402	1.058056
-6.555466	-1.410484	-1.400000	3685.166382	1.028263
-6.344368	-1.414139	-1.400000	3411.451538	0.956777
-6.165503	-1.414354	-1.400000	3210.715698	0.940474
-5.994350	-1.422379	-1.400000	2993.202148	0.891836
-5.803313	-1.426912	-1.400000	2842.070190	0.886612
-5.570070	-1.432149	-1.400000	2647.551147	0.819041
-5.386895	-1.437547	-1.400000	2459.264038	0.769995
-5.203244	-1.443238	-1.400000	2277.500977	0.733493
-4.957086	-1.449624	-1.400000	2102.208740	0.714772
-4.802131	-1.401432	-1.400000	1876.462646	0.677709
-4.590410	-1.399960	-1.400000	1805.729126	0.666318
-4.360676	-1.425655	-1.400000	1601.332092	0.621298
-4.164938	-1.429663	-1.400000	1488.444275	0.574495
-4.003807	-1.404259	-1.400000	1390.224854	0.547001
-3.774992	-1.417018	-1.400000	1176.846375	0.499501
-3.603308	-1.421493	-1.400000	1048.245605	0.455759
-3.402182	-1.425968	-1.400000	926.012695	0.441043
-3.151066	-1.431029	-1.400000	810.336273	0.384997
-2.972006	-1.436368	-1.400000	750.996796	0.353000
-2.776630	-1.441886	-1.400000	621.474762	0.324566
-2.580433	-1.448141	-1.400000	523.365692	0.272836
-2.402590	-1.401007	-1.400000	454.933411	0.242497
-2.199075	-1.403295	-1.400000	351.376984	0.215261
-1.990293	-1.405907	-1.400000	274.235977	0.178497
-1.774432	-1.409068	-1.400000	188.627670	0.143502
-1.546468	-1.413812	-1.400000	152.801247	0.108000
-7.003073	-1.201763	-1.200000	4184.800293	1.099763
-6.788562	-1.204473	-1.200000	3951.793945	1.059767
-6.603230	-1.201382	-1.200000	3735.126221	1.046503
-6.395182	-1.210464	-1.200000	3505.104004	0.986528
-6.158168	-1.214089	-1.200000	3239.670044	0.949128
-5.999137	-1.217817	-1.200000	3084.033936	0.919496
-5.775174	-1.222417	-1.200000	2786.593506	0.872301
-5.582195	-1.226914	-1.200000	2642.079834	0.836302
-5.386511	-1.232136	-1.200000	2455.854492	0.822246
-5.191753	-1.237548	-1.200000	2319.256104	0.797309
-4.996079	-1.235215	-1.200000	2112.472900	0.759048
-4.801482	-1.249604	-1.200000	1935.497681	0.706822
-4.581606	-1.201430	-1.200000	1833.142639	0.687268
-4.379953	-1.203997	-1.200000	1604.070190	0.637383
-4.167313	-1.206699	-1.200000	1528.001831	0.595504
-3.992583	-1.209761	-1.200000	1385.083862	0.564258
-3.772641	-1.213394	-1.200000	1216.934082	0.526007
-3.603308	-1.217015	-1.200000	1088.498779	0.484501
-3.374301	-1.221507	-1.200000	966.594971	0.454999
-3.172466	-1.226013	-1.200000	851.087708	0.396001
-2.946916	-1.231037	-1.200000	767.028381	0.386378
-2.775329	-1.236413	-1.200000	639.343201	0.336503
-2.579564	-1.234085	-1.200000	574.763702	0.309972
-2.402536	-1.248142	-1.200000	453.352783	0.252002
-2.183754	-1.201017	-1.200000	371.613083	0.250000
-1.972923	-1.203291	-1.200000	329.715805	0.221498
-1.802183	-1.205901	-1.200000	257.568192	0.171998
-1.586424	-1.202241	-1.200000	188.604599	0.146001
-1.377489	-1.213802	-1.200000	132.781219	0.100996
-7.003483	-0.999912	-1.000000	4159.245361	1.301948
-6.789748	-1.001787	-1.000000	3984.804687	1.111000
-6.554133	-1.004489	-1.000000	3703.506470	1.048770
-6.351637	-1.007214	-1.000000	3538.524780	1.012502
-6.203251	-1.010466	-1.000000	3325.090332	0.983504
-5.999137	-1.014084	-1.000000	3017.976807	0.943503
-5.751037	-1.017826	-1.000000	2869.059937	0.913993
-5.602534	-1.022367	-1.000000	2723.190186	0.868505
-5.403137	-1.026908	-1.000000	2535.396729	0.833499
-5.154466	-1.032160	-1.000000	2354.236694	0.805007
-4.968951	-1.037609	-1.000000	2095.980469	0.758538
-4.802068	-1.035199	-1.000000	2019.121216	0.788029
-4.602423	-1.049598	-1.000000	1848.829590	0.693995
-4.382637	-1.018377	-1.000000	1709.802979	0.669213
-4.203032	-1.021973	-1.000000	1560.731262	0.645998
-3.986974	-1.006708	-1.000000	1351.333618	0.591279
-3.770929	-1.009766	-1.000000	1281.767273	0.576500
-3.603308	-1.013373	-1.000000	1181.898682	1.055249
-3.374301	-1.017021	-1.000000	1028.514648	0.466999
-3.202273	-1.008221	-1.000000	919.878967	0.457521
-2.959485	-1.010495	-1.000000	784.331726	0.631523
-2.778279	-1.031026	-1.000000	673.670746	0.370998
-2.602139	-1.036364	-1.000000	555.974731	0.324861
-2.402645	-1.019623	-1.000000	476.411621	0.304503
-2.203249	-1.048132	-1.000000	441.685364	0.265502
-1.984953	-1.001006	-1.000000	361.608170	0.252000
-1.785546	-1.003288	-1.000000	274.712051	0.200999
-1.602843	-1.005900	-1.000000	224.234055	0.171998
-1.372246	-1.009048	-1.000000	165.298523	0.137496
-1.157481	-1.013809	-1.000000	112.795174	0.108504
-6.984587	-0.844436	-0.800000	4230.320557	1.130063
-6.768295	-0.799935	-0.800000	3954.319580	1.103496
-6.570746	-0.801781	-0.800000	3729.802002	1.066499
-6.317444	-0.804491	-0.800000	3565.203857	1.033098
-6.204408	-0.823463	-0.800000	3391.781982	1.193505
-5.999137	-0.806507	-0.800000	3128.395508	1.049008
-5.767934	-0.814115	-0.800000	2896.385986	0.912760
-5.603117	-0.817821	-0.800000	2704.018799	0.906502
-5.403891	-0.814552	-0.800000	2544.813965	0.876997
-5.153166	-0.826924	-0.800000	2338.780884	0.817010
-4.952466	-0.832139	-0.800000	2165.861084	0.811384
-4.752730	-0.837596	-0.800000	1999.317871	0.749002
-4.553324	-0.835212	-0.800000	1845.833801	0.728996
-4.402833	-0.849600	-0.800000	1685.492920	0.666759
-4.163032	-0.801422	-0.800000	1551.463013	0.656994
-4.002644	-0.803989	-0.800000	1444.062317	0.615499
-3.803940	-0.806692	-0.800000	1307.971375	0.618766
-3.586697	-0.809771	-0.800000	1568.441406	0.556498
-3.337005	-0.813463	-0.800000	998.683960	0.511000
-3.172466	-0.805983	-0.800000	891.827972	0.483496
-2.998570	-0.821490	-0.800000	828.243835	0.461003
-2.801572	-0.825967	-0.800000	701.007751	0.402902
-2.602139	-0.831019	-0.800000	605.319336	0.382998
-2.402536	-0.836361	-0.800000	515.971863	0.347500
-2.183754	-0.841884	-0.800000	451.464523	0.301999
-2.002898	-0.823650	-0.800000	379.969101	0.283500
-1.785249	-0.801002	-0.800000	314.938980	0.244502
-1.592419	-0.803284	-0.800000	236.373962	0.208497
-1.372246	-0.805902	-0.800000	190.916077	0.171999
-1.202387	-0.809044	-0.800000	128.614311	0.143505
-1.003812	-0.813800	-0.800000	84.431969	0.094002
-6.984587	-0.638542	-0.600000	4194.190674	1.165502
-6.787500	-0.621272	-0.600000	4365.269775	1.193498
-6.592394	-0.599959	-0.600000	3749.431519	1.113024
-6.360990	-0.601775	-0.600000	3584.834961	1.119513
-6.204408	-0.604485	-0.600000	3320.125732	1.035164
-5.998122	-0.607210	-0.600000	3165.151001	1.020075
-5.754410	-0.610476	-0.600000	2916.786499	0.951770
-5.602666	-0.614065	-0.600000	2771.284424	0.935999
-5.402239	-0.597392	-0.600000	2588.958740	1.014499
-5.154466	-0.622385	-0.600000	2403.239868	0.864001
-4.968951	-0.626919	-0.600000	2228.756226	0.836499
-4.752730	-0.632185	-0.600000	2020.921143	0.775497
-4.581606	-0.637553	-0.600000	1899.256897	0.751002
-4.401680	-0.635200	-0.600000	1675.780640	0.717006
-4.202915	-0.624597	-0.600000	1600.443115	0.692493
-4.002037	-0.601420	-0.600000	1463.115234	0.672002
-3.803259	-0.603987	-0.600000	1327.390991	0.634264
-3.589672	-0.606690	-0.600000	1167.968445	0.582258
-3.389413	-0.609758	-0.600000	1075.083374	0.546760
-3.203253	-0.613369	-0.600000	958.559082	0.509503
-2.974450	-0.605959	-0.600000	803.514313	0.477496
-2.776630	-0.621524	-0.600000	721.610565	0.447999
-2.580433	-0.625972	-0.600000	647.692596	0.411999
-2.382356	-0.613254	-0.600000	561.965332	0.378549
-2.161776	-0.636366	-0.600000	472.649704	0.346022
-2.003221	-0.641884	-0.600000	378.123199	0.294497
-1.785546	-0.648142	-0.600000	323.357849	0.265996
-1.570457	-0.600999	-0.600000	268.270737	0.251007
-1.402304	-0.599633	-0.600000	203.019173	0.213000
-1.202387	-0.624565	-0.600000	157.565102	0.174000
-0.986191	-0.609045	-0.600000	111.957165	0.143001
-0.787469	-0.613799	-0.600000	70.217251	0.107004
-7.002838	-0.433087	-0.400000	4209.650391	1.209497
-6.802159	-0.438536	-0.400000	4035.829834	1.176414
-6.591061	-0.444439	-0.400000	3865.305908	1.129063
-6.359895	-0.399684	-0.400000	3600.930786	1.130001
-6.165397	-0.401777	-0.400000	3384.833618	1.086532
-5.999137	-0.404479	-0.400000	3128.436035	1.052002
-5.803302	-0.407204	-0.400000	2978.458740	0.984000
-5.578449	-0.395288	-0.400000	2745.050049	1.001001
-5.386511	-0.414081	-0.400000	2597.963257	0.934500
-5.154466	-0.417831	-0.400000	2417.405640	0.897004
-4.968951	-0.408661	-0.400000	2246.512451	0.867480
-4.776222	-0.426913	-0.400000	2035.398437	0.819497
-4.602423	-0.413902	-0.400000	1879.136230	0.812003
-4.383530	-0.437551	-0.400000	1722.580688	0.774763
-4.185303	-0.443260	-0.400000	1540.832031	0.713504
-3.986267	-0.449628	-0.400000	1435.520874	0.675003
-3.787540	-0.401418	-0.400000	1308.120728	0.676999
-3.587810	-0.403985	-0.400000	1180.721924	0.629003
-3.403042	-0.406687	-0.400000	1059.628601	0.590006
-3.187369	-0.409758	-0.400000	971.748566	0.560502
-2.973481	-0.413405	-0.400000	836.941742	0.517000
-2.753337	-0.405992	-0.400000	738.523987	0.484003
-2.601271	-0.404078	-0.400000	668.180786	0.458758
-2.382356	-0.425970	-0.400000	571.021729	0.403501
-2.183754	-0.428737	-0.400000	518.587021	0.587263
-2.002574	-0.436355	-0.400000	409.301376	0.348004
-1.791365	-0.419622	-0.400000	341.418411	0.315501
-1.587183	-0.448169	-0.400000	260.029465	0.272504
-1.387275	-0.400999	-0.400000	221.601059	0.252756
-1.192246	-0.403284	-0.400000	169.707367	0.209502
-0.969954	-0.404584	-0.400000	119.235168	0.186500
-0.764189	-0.409050	-0.400000	85.304790	0.144496
-0.584833	-0.413799	-0.400000	48.632168	0.097499
-6.984587	-0.227764	-0.200000	4276.525635	1.244501
-6.803345	-0.214434	-0.200000	3989.609131	1.223501
-6.602325	-0.238530	-0.200000	3819.165527	1.170500
-6.395182	-0.244448	-0.200000	3600.298828	1.121007
-6.139788	-0.199925	-0.200000	3390.940063	1.126695
-5.937318	-0.201778	-0.200000	3134.835205	1.068497
-5.777170	-0.204481	-0.200000	2985.160278	1.040648
-5.559589	-0.207198	-0.200000	2791.801025	1.018501
-5.384160	-0.210465	-0.200000	2560.088257	1.004757
-5.201944	-0.214068	-0.200000	2424.615234	0.940647
-4.968951	-0.217803	-0.200000	2250.709595	0.900502
-4.776222	-0.222381	-0.200000	2083.197388	0.853208
-4.569593	-0.221796	-0.200000	1923.710754	0.838264
-4.383399	-0.226077	-0.200000	1732.484619	0.784499
-4.202915	-0.237553	-0.200000	1549.234924	0.758502
-4.002644	-0.243247	-0.200000	1477.489319	0.708607
-3.788135	-0.224593	-0.200000	1343.776855	0.687000
-3.552076	-0.201427	-0.200000	1216.468262	0.662843
-3.399441	-0.203994	-0.200000	1065.730347	0.621002
-3.187369	-0.206696	-0.200000	951.313446	0.584997
-2.975925	-0.195326	-0.200000	846.704773	0.553928
-2.801572	-0.213365	-0.200000	741.886230	0.521263
-2.603008	-0.217009	-0.200000	646.819946	0.476266
-2.402645	-0.221489	-0.200000	558.230957	0.426153
-2.202820	-0.225971	-0.200000	494.339661	0.408000
-2.002574	-0.231012	-0.200000	400.314682	0.357001
-1.786088	-0.236361	-0.200000	345.978821	0.347004
-1.586424	-0.241909	-0.200000	268.165810	0.296772
-1.404229	-0.248141	-0.200000	211.677956	0.259996
-1.202387	-0.201000	-0.200000	174.926567	0.252000
-0.992409	-0.203293	-0.200000	121.376862	0.201999
-0.770277	-0.205902	-0.200000	90.081932	0.172768
-0.588589	-0.209042	-0.200000	58.621557	0.141753
-0.338610	-0.213811	-0.200000	32.802242	0.107015
-7.002838	-0.023173	0.000000	4219.988281	1.293886
-6.794500	-0.027685	0.000000	3933.325928	1.294249
-6.543297	-0.033244	0.000000	3766.709351	1.209545
-6.351637	-0.038473	0.000000	3549.215088	1.208595
-6.165397	-0.036240	0.000000	3390.385132	1.177968
-5.999137	0.000088	0.000000	3134.379883	1.126656
-5.803302	-0.018921	0.000000	2888.184082	1.072991
-5.602666	-0.004482	0.000000	2698.640381	1.053126
-5.387265	-0.005657	0.000000	2560.422241	1.034515
-5.202271	-0.006733	0.000000	3075.244995	1.198002
-5.000137	-0.014092	0.000000	2209.875000	1.157238
-4.778639	-0.017812	0.000000	2044.145264	0.875002
-4.602423	-0.022390	0.000000	1885.076294	0.846003
-4.401680	-0.026909	0.000000	1732.253296	0.817005
-4.202538	-0.032123	0.000000	1585.972046	0.783526
-4.003100	-0.030510	0.000000	1479.330688	1.245014
-3.803259	-0.043293	0.000000	1344.167114	0.727998
-3.604460	-0.049584	0.000000	1185.476746	0.689499
-3.389413	-0.001428	0.000000	1093.308838	0.668497
-3.188349	-0.002704	0.000000	977.515594	0.821518
-3.003459	-0.025635	0.000000	818.075623	0.586877
-2.803290	-0.009765	0.000000	765.301331	0.569913
-2.603307	-0.010691	0.000000	647.028503	0.534502
-2.389329	-0.017006	0.000000	558.728149	0.483497
-2.203435	-0.021487	0.000000	476.790253	0.444505
-1.933789	-0.026018	0.000000	401.286606	0.408998
-1.802480	-0.025160	0.000000	332.095993	0.388506
-1.602391	-0.036342	0.000000	282.721344	0.337000
-1.388460	-0.041885	0.000000	213.129593	0.300997
-1.203177	-0.023664	0.000000	173.330658	0.288500
-0.986191	-0.001004	0.000000	128.463169	0.252499
-0.753577	-0.003342	0.000000	76.627552	0.226837
-0.584833	-0.000797	0.000000	52.807133	0.194002
-0.399649	-0.009050	0.000000	25.482141	0.129499
-0.199624	-0.013801	0.000000	10.396601	0.099999
0.142033	0.020338	0.000000	11.509610	0.092003
0.367073	0.008509	0.000000	33.240854	0.152001
0.603099	0.023568	0.000000	49.874693	0.157999
0.755840	0.012093	0.000000	83.989468	0.226498
0.955474	0.015663	0.000000	130.891384	0.259498
1.110231	0.039419	0.000000	183.194420	0.308003
1.381866	0.045311	0.000000	226.504684	0.317498
1.592319	0.000974	0.000000	273.800476	0.369004
1.792862	0.003831	0.000000	369.533463	0.413500
1.958240	0.006024	0.000000	445.936874	0.437996
2.204560	0.009463	0.000000	528.840714	0.486250
2.351099	0.013260	0.000000	579.341217	0.512001
2.551683	0.017065	0.000000	694.652832	0.537995
2.795811	0.008782	0.000000	820.684845	0.591402
2.961693	0.025986	0.000000	906.668854	0.619498
3.204341	0.014260	0.000000	996.764465	0.665268
3.353317	0.036089	0.000000	1174.833984	0.693501
3.526050	0.043575	0.000000	1307.748535	0.724994
3.802033	0.048676	0.000000	1414.619202	0.749044
3.954003	-0.000447	0.000000	1559.504639	0.837508
4.195858	0.005618	0.000000	1711.055725	0.853249
4.362736	0.008002	0.000000	1869.403137	0.890990
4.561976	0.012176	0.000000	1997.106323	0.919332
4.804405	0.014721	0.000000	2167.403564	0.952001
4.989817	0.020346	0.000000	2346.048828	1.002251
5.127363	0.023188	0.000000	2616.842041	1.051496
5.397376	0.030131	0.000000	2723.542603	1.069500
5.590904	0.034262	0.000000	2967.421631	1.100496
5.780422	0.039865	0.000000	3126.879517	1.125506
6.004318	0.046259	0.000000	3390.066040	1.185499
6.189621	0.000835	0.000000	3610.664062	1.254494
6.403275	0.004468	0.000000	3841.105957	1.253786
6.602058	0.005991	0.000000	4130.242187	1.307500
6.738483	0.010576	0.000000	4320.335693	1.339759
7.003300	0.013593	0.000000	4567.708008	1.383501
0.397631	0.220259	0.200000	29.664775	0.101500
0.559236	0.221807	0.200000	53.881018	0.135997
0.753229	0.224166	0.200000	93.163616	0.181002
0.991020	0.228237	0.200000	133.822693	0.208000
1.110231	0.234411	0.200000	171.797554	0.252458
1.391827	0.239298	0.200000	236.460045	0.281054
1.547240	0.245362	0.200000	284.870415	0.316002
1.794338	0.200957	0.200000	355.290176	0.369999
1.914840	0.203778	0.200000	446.084045	0.432500
2.150469	0.206096	0.200000	510.782959	0.438500
2.385431	0.209465	0.200000	618.644470	0.489492
2.561039	0.213173	0.200000	715.723450	0.533016
2.761404	0.216968	0.200000	819.397766	0.560555
3.004301	0.222172	0.200000	880.489929	0.584019
3.195528	0.226039	0.200000	1048.146973	0.655785
3.395621	0.232041	0.200000	1116.713074	0.648223
3.598353	0.216408	0.200000	1246.329224	0.697527
3.795757	0.243621	0.200000	1380.993408	0.738042
3.995836	0.248762	0.200000	1589.661621	0.767015
4.195858	0.202708	0.200000	1710.853149	0.828584
4.395877	0.205667	0.200000	1869.243530	0.856998
4.594209	0.207894	0.200000	2034.122681	0.896265
4.761090	0.212090	0.200000	2166.822876	0.942399
4.965382	0.214903	0.200000	2344.041260	0.974796
5.190204	0.220264	0.200000	2572.574951	1.010334
5.404334	0.223311	0.200000	2764.974365	1.043502
5.514477	0.230100	0.200000	2966.857666	1.077264
5.760266	0.234407	0.200000	3220.822876	1.130758
5.923878	0.239702	0.200000	3436.799805	1.139497
6.188475	0.246499	0.200000	3608.562988	1.167003
6.402081	0.200936	0.200000	3785.600342	1.233272
6.602058	0.204517	0.200000	4020.961426	1.287797
6.732734	0.200870	0.200000	4262.037842	1.295759
6.988637	0.210743	0.200000	4510.288574	1.331501
0.559236	0.420280	0.400000	48.022356	0.102500
0.742536	0.421899	0.400000	71.433514	0.371502
0.954079	0.424178	0.400000	126.497704	0.179999
1.156345	0.428385	0.400000	158.701286	0.200501
1.357099	0.415694	0.400000	225.617760	0.260496
1.549410	0.418463	0.400000	266.425186	0.286501
1.757708	0.445291	0.400000	358.186218	0.326500
1.958240	0.401004	0.400000	423.684067	0.359499
2.160229	0.403796	0.400000	504.371994	0.396487
2.316766	0.406039	0.400000	612.439087	0.438112
2.551683	0.409500	0.400000	687.010010	0.477997
2.761376	0.413184	0.400000	789.062164	0.517501
2.952662	0.417051	0.400000	897.785706	0.545597
3.186607	0.422181	0.400000	1040.492310	0.588997
3.404434	0.426012	0.400000	1164.805908	0.620503
3.520173	0.432142	0.400000	1266.845215	0.653504
3.762451	0.436068	0.400000	1434.760559	0.707000
3.954003	0.443571	0.400000	1581.048340	0.714751
4.161474	0.448878	0.400000	1698.108032	0.750000
4.403119	0.402703	0.400000	1862.491272	0.818777
4.559762	0.405669	0.400000	2257.623291	0.865501
4.803059	0.407834	0.400000	2239.104126	0.906821
4.965382	0.403893	0.400000	2381.805298	0.950996
5.165796	0.407123	0.400000	2583.941895	1.176998
5.366165	0.419992	0.400000	2757.580688	0.994766
5.597547	0.423302	0.400000	2956.627197	1.024495
5.804188	0.429996	0.400000	3116.619141	1.070498
5.964098	0.434435	0.400000	3377.510254	1.102017
6.188475	0.439583	0.400000	3650.054199	1.195828
6.389100	0.446461	0.400000	3773.565796	1.178017
6.590328	0.400942	0.400000	4122.321777	1.277493
6.751539	0.404523	0.400000	4367.740967	1.273000
7.003300	0.405812	0.400000	4558.167969	1.314431
0.803251	0.620257	0.600000	66.329247	0.100499
0.955474	0.621797	0.600000	113.010887	0.143059
1.192833	0.624163	0.600000	159.803673	0.187500
1.393042	0.628237	0.600000	225.490166	0.215497
1.560261	0.634298	0.600000	261.747192	0.244000
1.792862	0.639320	0.600000	328.118225	0.295995
1.916945	0.622471	0.600000	423.179092	0.352993
2.160229	0.600957	0.600000	491.982193	0.368500
2.316766	0.603840	0.600000	599.410400	0.408503
2.561039	0.606023	0.600000	674.042847	0.460000
2.786136	0.609484	0.600000	775.317017	0.487495
2.964795	0.613180	0.600000	909.063507	0.516998
3.204341	0.625397	0.600000	1036.002747	0.646501
3.404434	0.622165	0.600000	1093.813110	0.596004
3.520173	0.626047	0.600000	1281.542969	0.645079
3.753796	0.632045	0.600000	1420.081543	0.660879
3.942219	0.636103	0.600000	1564.785522	0.698997
4.162690	0.643508	0.600000	1717.702393	0.741258
4.372430	0.648265	0.600000	1839.665833	0.770998
4.561976	0.602709	0.600000	2014.210205	0.826505
4.804489	0.605671	0.600000	2185.929443	0.860497
5.004253	0.607839	0.600000	2322.443848	0.899505
5.204229	0.612043	0.600000	2506.707764	0.940260
5.359328	0.614827	0.600000	2742.294312	0.974998
5.566742	0.620312	0.600000	2942.655640	0.992517
5.729409	0.623366	0.600000	3148.449707	1.060501
5.996306	0.630009	0.600000	3363.310547	1.072390
6.188475	0.621594	0.600000	3592.420288	1.338650
6.403275	0.639626	0.600000	3863.353271	1.158011
6.604475	0.646430	0.600000	4045.180176	1.188994
6.738483	0.600955	0.600000	4352.397217	1.250764
6.975139	0.596238	0.600000	4614.354492	1.300994
0.991020	0.820260	0.800000	93.002426	0.108507
1.193961	0.821798	0.800000	119.650375	0.129002
1.348056	0.824261	0.800000	181.514221	0.179998
1.558821	0.828263	0.800000	240.515686	0.208496
1.803145	0.834263	0.800000	321.706024	0.243000
2.004538	0.839226	0.800000	379.789368	0.280497
2.115898	0.822466	0.800000	484.846954	0.326499
2.353684	0.800970	0.800000	560.326996	0.375003
2.517571	0.803839	0.800000	676.074524	0.416000
2.802254	0.806010	0.800000	989.036224	0.434996
2.952662	0.802570	0.800000	870.331177	0.481001
3.204450	0.813181	0.800000	952.374878	0.518006
3.319826	0.816971	0.800000	1129.424316	0.560501
3.604114	0.822171	0.800000	1260.484314	0.603503
3.804412	0.826016	0.800000	1398.149536	0.617494
3.920777	0.832059	0.800000	1543.443481	0.676241
4.154150	0.836079	0.800000	1694.769958	0.732000
4.395877	0.843279	0.800000	1817.664917	0.778997
4.602263	0.848237	0.800000	2402.982544	0.775003
4.794394	0.802711	0.800000	2165.854248	0.820764
5.004407	0.800895	0.800000	2392.572021	0.870152
5.165796	0.807911	0.800000	2485.924194	0.889001
5.402228	0.812035	0.800000	3171.719116	0.959500
5.559333	0.814832	0.800000	2920.652344	0.981495
5.796762	0.820259	0.800000	3175.890015	1.011979
5.996463	0.823284	0.800000	3389.973389	1.092040
6.189511	0.830015	0.800000	3613.327637	1.119654
6.389151	0.834454	0.800000	3734.186523	1.119056
6.586666	0.839588	0.800000	4076.711914	1.164994
6.751106	0.829378	0.800000	4240.179687	1.284873
7.004464	0.800931	0.800000	4524.007324	1.236997
1.192833	1.020264	1.000000	113.002724	0.107499
1.355693	1.021803	1.000000	171.988571	0.142504
1.603171	1.024046	1.000000	226.445526	0.186999
1.803145	1.011994	1.000000	302.122833	0.215750
1.959717	1.015772	1.000000	343.390121	0.236765
2.150469	1.039451	1.000000	431.519684	0.263000
2.351099	1.019061	1.000000	559.775055	0.479893
2.604506	1.000955	1.000000	628.622559	0.374065
2.718326	1.003850	1.000000	729.449097	0.405830
3.004464	1.006016	1.000000	812.364868	0.442001
3.195528	1.009486	1.000000	951.986084	0.472496
3.404434	1.013725	1.000000	1102.395264	0.519999
3.562299	1.016969	1.000000	1202.711792	0.548500
3.762451	1.022184	1.000000	1370.517395	0.605998
3.995816	1.026022	1.000000	1448.145508	0.615502
4.120981	1.014384	1.000000	1640.151001	0.653501
4.402200	1.036067	1.000000	1788.067505	0.711001
4.604435	1.043505	1.000000	1952.683594	0.705997
4.787076	1.048272	1.000000	2123.013916	0.770000
4.997035	1.002709	1.000000	2359.174805	0.850000
5.197356	1.005676	1.000000	2502.601685	0.844502
5.404213	1.026120	1.000000	2739.138428	0.892067
5.604190	1.012040	1.000000	2893.383545	0.930258
5.760266	1.014823	1.000000	3098.983276	0.962998
6.004318	1.020251	1.000000	3312.547852	0.997503
6.203185	1.023290	1.000000	3531.640015	1.030500
6.403275	1.013022	1.000000	3821.612061	1.111099
6.603266	1.034423	1.000000	3992.465332	1.108000
6.776810	1.019524	1.000000	4300.045898	1.227409
7.003300	1.023188	1.000000	4548.486816	1.189760
1.357099	1.220277	1.200000	133.027740	0.100660
1.592319	1.221793	1.200000	179.651703	0.135497
1.715620	1.224344	1.200000	229.883316	0.158500
1.959717	1.212013	1.200000	327.172256	0.207002
2.115898	1.234392	1.200000	396.794525	0.237498
2.394914	1.239279	1.200000	503.131592	0.268998
2.581485	1.245275	1.200000	576.497498	0.310997
2.752231	1.201020	1.200000	673.699341	0.366499
3.004464	1.203759	1.200000	804.346222	0.401001
3.197416	1.206018	1.200000	919.038513	0.441993
3.404301	1.207527	1.200000	1078.628235	0.491000
3.602843	1.213178	1.200000	1199.037231	0.519999
3.795757	1.216957	1.200000	1336.033020	0.568073
4.002232	1.235183	1.200000	1497.120239	0.746996
4.204398	1.210757	1.200000	1641.452698	0.635755
4.387357	1.232033	1.200000	1790.054443	0.674998
4.519517	1.236201	1.200000	1878.195801	0.687498
4.804405	1.243510	1.200000	2127.699219	0.743520
4.965382	1.248784	1.200000	2348.047729	0.801510
5.197217	1.202723	1.200000	2425.871704	0.798777
5.404213	1.200892	1.200000	2670.925171	0.847498
5.597547	1.207864	1.200000	2859.152832	0.884371
5.760266	1.212046	1.200000	3113.420044	0.938995
5.956243	1.214837	1.200000	3327.318726	0.979836
6.189621	1.220264	1.200000	3549.246582	1.001764
6.403275	1.223296	1.200000	3669.975342	1.029762
6.590588	1.230005	1.200000	3958.323730	1.146466
6.751385	1.234458	1.200000	4254.213135	1.111297
7.002135	1.239614	1.200000	4386.708008	1.131764
1.558091	1.420346	1.400000	139.696815	0.096678
1.757708	1.408510	1.400000	216.314896	0.143499
2.001641	1.424164	1.400000	293.132904	0.172001
2.204500	1.428260	1.400000	355.495071	0.204497
2.319352	1.434473	1.400000	421.811798	0.229500
2.595150	1.439299	1.400000	534.805115	0.263944
2.761376	1.445298	1.400000	658.245575	0.316499
2.961693	1.400971	1.400000	765.320038	0.367494
3.202119	1.403680	1.400000	879.338562	0.394998
3.362130	1.406031	1.400000	1000.735779	0.445504
3.589621	1.409485	1.400000	1158.647400	0.477999
3.795757	1.404651	1.400000	1307.380127	0.519497
3.995816	1.416974	1.400000	1439.379761	0.555497
4.204398	1.422181	1.400000	1555.490479	0.582998
4.387357	1.426030	1.400000	1711.499756	0.612593
4.604435	1.432032	1.400000	1913.388306	0.664999
4.787076	1.436119	1.400000	2004.775879	0.691004
5.003110	1.421650	1.400000	2369.302734	0.830301
5.127363	1.448291	1.400000	2449.739990	0.786998
5.366165	1.402963	1.400000	2576.369995	0.817002
5.559908	1.405680	1.400000	2865.974976	0.863499
5.729409	1.407914	1.400000	3024.279785	0.894624
5.988608	1.403849	1.400000	3298.372070	0.940759
6.188475	1.414850	1.400000	3403.975220	0.959480
6.402140	1.420262	1.400000	3682.566284	0.987757
6.589380	1.423316	1.400000	3915.019287	1.041006
6.761627	1.430010	1.400000	4156.694092	1.058998
7.003300	1.434420	1.400000	4344.144043	1.115997
1.749758	1.620282	1.600000	173.031403	0.106998
2.004538	1.621789	1.600000	229.646439	0.135998
2.162546	1.624187	1.600000	308.162155	0.172002
2.363235	1.628275	1.600000	393.851624	0.196690
2.604506	1.634251	1.600000	508.377319	0.250499
2.804482	1.640416	1.600000	649.750061	0.425002
3.004464	1.628637	1.600000	784.777374	0.501709
3.204450	1.600969	1.600000	806.955444	0.359765
3.404434	1.603833	1.600000	954.352356	0.401860
3.526050	1.606045	1.600000	1112.431274	0.454998
3.761004	1.609487	1.600000	1248.671570	0.470655
3.954003	1.606873	1.600000	1525.720215	0.681505
4.195858	1.616976	1.600000	1507.718994	0.546002
4.403108	1.626742	1.600000	1703.794922	0.732002
4.519517	1.610791	1.600000	1839.924438	0.622999
4.795740	1.632052	1.600000	1996.732544	0.658000
4.965382	1.636081	1.600000	2173.092041	0.685441
5.190204	1.643507	1.600000	2401.034180	0.759596
5.397376	1.648781	1.600000	2638.020996	0.782502
5.559908	1.602954	1.600000	2773.043823	0.809756
5.786955	1.605686	1.600000	2977.610107	0.862495
5.956243	1.607905	1.600000	3239.190796	0.915865
6.188475	1.612050	1.600000	3460.070801	0.952258
6.403235	1.605063	1.600000	3593.927246	0.964128
6.602058	1.620261	1.600000	3812.559570	1.030505
6.783684	1.623293	1.600000	4163.335449	1.034824
7.002524	1.630002	1.600000	4296.648193	1.081001
1.984562	1.820272	1.800000	193.008850	0.101493
2.194801	1.808518	1.800000	269.633118	0.135499
2.316766	1.824280	1.800000	339.872986	0.165501
2.551683	1.828281	1.800000	432.188354	0.209500
2.804482	1.815670	1.800000	546.678009	0.257500
2.961693	1.818292	1.800000	678.066345	0.281998
3.161912	1.845296	1.800000	778.197754	0.322498
3.358391	1.800978	1.800000	901.993408	0.375927
3.568176	1.803842	1.800000	1029.412720	0.400765
3.762451	1.800956	1.800000	1210.721863	0.460735
3.995836	1.809485	1.800000	1338.649170	0.499501
4.195858	1.804553	1.800000	1469.037598	0.515499
4.404397	1.816963	1.800000	1609.373169	0.541502
4.556115	1.822196	1.800000	1772.203796	0.585501
4.804405	1.826023	1.800000	1941.495728	0.639940
4.997035	1.814363	1.800000	2133.357910	0.677756
5.158784	1.836167	1.800000	2258.168457	0.696504
5.404334	1.820310	1.800000	2522.639648	0.750002
5.566551	1.849343	1.800000	2689.763550	0.784021
5.766180	1.802725	1.800000	2972.558472	0.814023
5.994424	1.805684	1.800000	3135.953369	0.867335
6.202235	1.807903	1.800000	4232.493164	0.896813
6.403334	1.812056	1.800000	3633.395996	0.922774
6.603266	1.814832	1.800000	3922.290039	0.965519
6.738483	1.820369	1.800000	4052.769287	1.011973
6.981716	1.810642	1.800000	4386.643066	1.070509
2.160229	2.020353	2.000000	176.362350	0.093497
2.360582	2.021888	2.000000	259.683899	0.137501
2.585795	2.024176	2.000000	393.145935	0.171500
2.795309	2.028263	2.000000	470.496918	0.229999
3.004383	2.034256	2.000000	601.712372	0.244999
3.161912	2.038771	2.000000	663.066284	0.271996
3.404168	2.045275	2.000000	809.827026	0.317499
3.568176	2.001013	2.000000	970.351807	0.389498
3.798487	2.003778	2.000000	1136.028564	0.408005
3.954003	2.006100	2.000000	1245.815430	0.432500
4.190074	2.009491	2.000000	1463.654480	0.485495
4.321074	2.030862	2.000000	1652.441284	0.703501
4.595542	2.016969	2.000000	1749.382324	0.545262
4.793939	2.013979	2.000000	2003.816162	0.798590
4.965382	2.026029	2.000000	2098.191772	0.647497
5.153492	2.014391	2.000000	2300.076172	0.677379
5.366165	2.036085	2.000000	2474.784180	0.701997
5.602765	2.043504	2.000000	2627.697510	0.723810
5.766799	2.048265	2.000000	2831.369141	0.765363
5.985887	2.002731	2.000000	3125.876953	0.841516
6.187453	2.005690	2.000000	3294.282715	0.870502
6.403275	2.007865	2.000000	3519.145996	0.921994
6.590328	2.012062	2.000000	3806.745605	0.926995
6.789433	2.014845	2.000000	4047.344971	0.976500
7.002970	2.020272	2.000000	4295.909424	1.004126
2.363235	2.220291	2.200000	213.024323	0.101005
2.585795	2.221796	2.200000	326.325439	0.150002
2.795309	2.224064	2.200000	426.460876	0.193496
2.964795	2.228278	2.200000	533.853088	0.221002
3.152990	2.234375	2.200000	621.768616	0.249527
3.404301	2.238656	2.200000	713.011108	0.267497
3.598353	2.245279	2.200000	898.166809	0.325500
3.795757	2.200983	2.200000	1006.970642	0.381997
4.004404	2.203850	2.200000	1179.360413	0.408509
4.144998	2.206047	2.200000	1362.426697	0.438434
4.350935	2.202649	2.200000	1500.381226	0.485272
4.595542	2.213203	2.200000	1682.419067	0.504764
4.720467	2.217004	2.200000	1812.760864	0.553502
4.958164	2.222197	2.200000	2030.537720	0.592997
5.158784	2.210786	2.200000	2189.818115	0.622997
5.395271	2.232048	2.200000	2946.750000	0.662498
5.590904	2.236105	2.200000	2558.109863	0.684497
5.797655	2.243510	2.200000	2762.700562	0.732504
5.947707	2.248922	2.200000	2923.169189	0.757264
6.188475	2.202949	2.200000	3227.992432	0.809997
6.390286	2.205688	2.200000	3505.952271	0.857043
6.587875	2.207871	2.200000	3684.161621	0.891003
6.803547	2.212046	2.200000	3923.394287	0.946524
7.001806	2.214829	2.200000	4110.619385	0.967001
2.561039	2.408027	2.400000	251.336884	0.100501
2.761404	2.421812	2.400000	353.010345	0.150995
3.002169	2.424068	2.400000	459.787811	0.173407
3.161912	2.412123	2.400000	540.509460	0.216501
3.355621	2.434278	2.400000	695.077393	0.254996
3.602400	2.438652	2.400000	1243.019043	0.280267
3.804412	2.445288	2.400000	958.177124	0.317498
3.962590	2.401032	2.400000	1107.083130	0.373223
4.154150	2.403823	2.400000	1289.393250	0.419145
4.362736	2.406101	2.400000	1409.124329	0.445501
4.604494	2.409506	2.400000	1531.984497	0.482498
4.762436	2.404672	2.400000	1759.084106	0.518996
4.965382	2.416988	2.400000	1914.409058	0.554501
5.165796	2.408873	2.400000	2117.197388	0.600304
5.359328	2.426099	2.400000	2286.578613	0.634100
5.596287	2.432039	2.400000	2483.399414	0.660539
5.765905	2.409720	2.400000	2726.384888	0.706032
6.004161	2.443530	2.400000	2897.721069	0.729359
6.202197	2.448254	2.400000	3063.003052	0.780519
6.403275	2.402735	2.400000	3432.532471	0.847545
6.601029	2.405694	2.400000	3665.938721	0.870019
6.789865	2.407884	2.400000	3849.187988	0.898757
6.967053	2.409669	2.400000	4173.416992	0.944993
2.752732	2.620299	2.600000	273.031952	0.105505
2.996842	2.621796	2.600000	379.658875	0.142998
3.166069	2.624206	2.600000	466.501709	0.166501
3.386808	2.628273	2.600000	585.500549	0.201503
3.595693	2.634267	2.600000	741.722168	0.244500
3.753796	2.618224	2.600000	866.373047	0.285996
3.962590	2.622509	2.600000	1006.527222	0.310500
4.162690	2.601042	2.600000	1140.363037	0.369759
4.362736	2.603861	2.600000	1366.056458	0.410502
4.595542	2.606051	2.600000	1452.381348	0.442000
4.793589	2.609501	2.600000	2378.669434	0.487759
4.965536	2.613262	2.600000	1834.124756	0.537500
5.127363	2.617059	2.600000	1972.802368	0.554761
5.366165	2.622252	2.600000	2205.581665	0.590404
5.594266	2.633360	2.600000	2491.463623	0.772006
5.760266	2.632066	2.600000	2653.437622	0.681999
5.996463	2.636080	2.600000	2864.763428	0.714554
6.202149	2.643617	2.600000	3136.035889	0.745003
6.389092	2.648245	2.600000	3256.347290	0.781500
6.602058	2.602734	2.600000	3530.867432	0.818764
6.752319	2.605714	2.600000	3769.344482	0.832501
7.002135	2.601847	2.600000	4094.146973	0.921990
2.986403	2.820284	2.800000	293.010559	0.106997
3.154878	2.822221	2.800000	353.111145	0.129500
3.393404	2.824131	2.800000	498.132507	0.170997
3.586961	2.812026	2.800000	677.143005	0.208002
3.756713	2.834284	2.800000	756.741028	0.251501
4.003299	2.839235	2.800000	929.795776	0.287000
4.204398	2.845285	2.800000	1008.167603	0.322999
4.387357	2.800996	2.800000	1280.309326	0.381001
4.553083	2.803834	2.800000	1442.732788	0.414996
4.795824	2.806057	2.800000	1572.395020	0.444000
5.004253	2.809499	2.800000	1746.991211	0.487500
5.127363	2.804563	2.800000	1995.738159	0.545996
5.404213	2.816985	2.800000	2162.727295	0.567996
5.566551	2.822214	2.800000	2313.879028	0.589004
5.797655	2.826037	2.800000	2516.500854	1.278759
5.947707	2.832102	2.800000	2726.809814	0.698000
6.188522	2.836115	2.800000	2891.461182	0.726497
6.387906	2.843549	2.800000	3167.736938	0.759500
6.589380	2.848251	2.800000	3453.021729	0.822004
6.789433	2.802739	2.800000	3739.217529	0.856502
6.988637	2.805706	2.800000	3927.648926	0.891757
3.166069	3.020358	3.000000	286.359741	0.107000
3.389112	3.021806	3.000000	404.654907	0.142998
3.531928	3.024091	3.000000	559.831421	0.188003
3.753796	3.028385	3.000000	662.215454	0.209500
3.988267	3.034272	3.000000	801.721252	0.251993
4.120981	3.038897	3.000000	913.126099	0.284400
4.404397	3.045291	3.000000	1101.506958	0.324499
4.562035	3.001006	3.000000	1312.001831	0.374996
4.760234	3.000108	3.000000	1544.413818	0.421719
4.958164	3.001006	3.000000	1720.737915	0.460000
5.165796	3.009520	3.000000	1835.343262	0.509498
5.323396	3.013226	3.000000	2069.121460	0.547492
5.566742	3.016998	3.000000	2266.084351	0.589999
5.797406	3.022213	3.000000	2470.518188	0.619498
5.996463	3.026050	3.000000	2681.542114	0.655499
6.203295	3.032063	3.000000	2900.075684	0.694996
6.387964	3.036092	3.000000	3124.778687	0.735990
6.589508	3.043504	3.000000	3302.715088	0.770263
6.784896	3.048301	3.000000	3483.062744	0.824997
7.002135	3.002738	3.000000	3834.215820	1.384501
3.353317	3.220309	3.200000	333.033020	0.099498
3.531928	3.221823	3.200000	459.694946	0.158626
3.762451	3.224091	3.200000	593.148376	0.196499
3.947578	3.228297	3.200000	733.868347	0.223814
4.153538	3.234296	3.200000	881.758606	0.266492
4.404397	3.238661	3.200000	1036.360840	0.294496
4.550898	3.245315	3.200000	1198.210266	0.341472
4.762436	3.201022	3.200000	1380.347290	0.392405
4.920669	3.203886	3.200000	1596.097534	0.432003
5.194953	3.206054	3.200000	1779.068359	0.489514
5.404213	3.209526	3.200000	1923.666626	0.510021
5.521695	3.212726	3.200000	2072.462158	0.548997
5.780422	3.216989	3.200000	2369.403198	0.575500
5.980072	3.222226	3.200000	2530.542847	0.630056
6.188475	3.226078	3.200000	2694.870483	0.652496
6.389092	3.232062	3.200000	2970.075195	0.678005
6.590588	3.236112	3.200000	3144.791748	0.731500
6.751106	3.243531	3.200000	3437.762695	0.794387
6.989025	3.248263	3.200000	3739.698486	0.820767
3.568021	3.420307	3.400000	323.022644	0.100500
3.727081	3.421905	3.400000	454.707825	0.159007
4.003299	3.424084	3.400000	559.785522	0.181231
4.187319	3.412036	3.400000	732.142395	0.228500
4.362736	3.434298	3.400000	928.417664	0.264026
4.557448	3.438692	3.400000	1089.722717	0.306504
4.753772	3.445313	3.400000	1258.210571	0.339504
5.004253	3.401017	3.400000	1406.980713	0.382503
5.158784	3.403899	3.400000	1629.410034	0.421992
5.354607	3.406074	3.400000	1862.430054	0.475863
5.590904	3.409531	3.400000	2012.014160	0.505195
5.796762	3.413215	3.400000	2165.735352	0.538996
6.004318	3.416987	3.400000	2472.729736	0.587499
6.186431	3.422217	3.400000	2690.533447	0.646306
6.403275	3.426040	3.400000	2808.173828	0.655759
6.603266	3.432053	3.400000	3091.741699	0.726458
6.751106	3.436118	3.400000	3384.821289	0.747026
6.988637	3.443537	3.400000	3572.740234	0.798502
3.804412	3.620304	3.600000	309.668457	0.109258
3.947578	3.621900	3.600000	479.695435	0.136777
4.149581	3.624119	3.600000	624.826721	0.171999
4.362803	3.628301	3.600000	777.195557	0.222499
4.603103	3.615708	3.600000	1005.023315	0.273500
4.716593	3.638713	3.600000	1143.086060	0.303520
4.959539	3.622603	3.600000	1264.864868	0.345782
5.194814	3.601012	3.600000	1516.981323	0.399497
5.361444	3.603978	3.600000	1659.505371	0.425391
5.597547	3.600997	3.600000	1929.046875	0.479307
5.780422	3.609523	3.600000	2148.681519	0.528023
5.987770	3.612672	3.600000	2309.056641	0.547044
6.174801	3.617008	3.600000	2524.409180	0.597001
6.389100	3.622237	3.600000	2693.883667	0.624494
6.589508	3.626046	3.600000	3031.521484	0.648999
6.802335	3.632051	3.600000	3270.080322	0.691834
6.988307	3.616466	3.600000	3544.748535	0.769523
3.962590	3.820317	3.800000	359.695068	0.109264
4.162690	3.808562	3.800000	571.326355	0.158998
4.362736	3.824165	3.800000	656.494202	0.184759
4.519517	3.828322	3.800000	853.893799	0.223252
4.720467	3.834397	3.800000	981.796509	0.272377
5.004407	3.838674	3.800000	1113.020386	0.298000
5.194814	3.845332	3.800000	1334.859741	0.327083
5.359328	3.798799	3.800000	1617.022461	0.409495
5.559908	3.803977	3.800000	1779.498901	0.429532
5.797655	3.806071	3.800000	2029.069092	0.488005
5.956243	3.809558	3.800000	2188.716431	0.519272
6.188475	3.813806	3.800000	2352.447998	0.547524
6.390286	3.816999	3.800000	2679.404663	0.605523
6.590588	3.822214	3.800000	2855.528809	0.643799
6.752319	3.811498	3.800000	3067.026611	0.690368
6.989802	3.832064	3.800000	3393.426025	0.733762
4.182750	4.020319	4.000000	378.015564	0.099999
4.356018	4.021839	4.000000	566.358826	0.151501
4.604494	4.024098	4.000000	726.463501	0.186023
4.753772	4.028309	4.000000	853.848999	0.223000
4.964086	4.034304	4.000000	1068.414429	0.272534
5.194814	4.038680	4.000000	1249.696045	0.302002
5.397376	4.022494	4.000000	1426.483887	0.340758
5.528913	4.001053	4.000000	1700.372314	0.411003
5.796762	4.003895	4.000000	1902.712769	0.458519
5.956243	4.006143	4.000000	2012.477905	0.460824
6.204441	4.009534	4.000000	2277.002808	0.522998
6.404469	4.012683	4.000000	2445.714111	0.555654
6.586666	4.017012	4.000000	2727.742187	0.585756
6.776810	4.022219	4.000000	3020.536621	0.651518
6.975139	4.026079	4.000000	3148.210937	0.675999
4.356018	4.220321	4.200000	433.040588	0.108998
4.586649	4.221837	4.200000	593.021118	0.156997
4.758646	4.224115	4.200000	759.823608	0.189255
4.997035	4.228304	4.200000	892.180542	0.223001
5.158784	4.234310	4.200000	1071.734253	0.250754
5.397376	4.238697	4.200000	1213.031860	0.300258
5.556627	4.245333	4.200000	1498.214844	0.338496
5.749565	4.198839	4.200000	1757.031982	0.412534
5.980072	4.200055	4.200000	1964.389771	0.445002
6.188475	4.206083	4.200000	2144.073853	0.476790
6.390246	4.209562	4.200000	2312.032104	0.512258
6.602058	4.213788	4.200000	2594.086914	0.550575
6.752319	4.217032	4.200000	2772.753662	0.604776
7.003300	4.222225	4.200000	3130.525879	0.638771
4.548555	4.420400	4.400000	376.375671	0.100498
4.749897	4.421920	4.400000	539.693115	0.149999
4.984507	4.424099	4.400000	793.137451	0.186999
5.165935	4.428321	4.400000	973.870483	0.244494
5.397376	4.434294	4.400000	1161.730713	0.277496
5.528913	4.438802	4.400000	1309.767578	0.301502
5.729409	4.445419	4.400000	1509.923828	0.337999
5.963091	4.401079	4.400000	1790.377441	0.403010
6.187453	4.404001	4.400000	2004.466675	0.433021
6.402140	4.406081	4.400000	2225.732422	0.474292
6.586666	4.409568	4.400000	2453.702637	0.523548
6.790645	4.413230	4.400000	2745.744385	0.559496
6.980222	4.417016	4.400000	2989.420898	0.596033
4.795824	4.620299	4.600000	473.009766	0.121767
4.959539	4.621841	4.600000	604.666748	0.152605
5.153492	4.624126	4.600000	826.495361	0.193501
5.388397	4.628301	4.600000	1013.847778	0.232497
5.594266	4.634303	4.600000	1208.400757	0.267265
5.760266	4.638701	4.600000	1361.373047	0.308342
5.980072	4.645337	4.600000	1568.204224	0.338502
6.204441	4.601041	4.600000	1858.663086	0.405501
6.374916	4.603970	4.600000	2079.476318	0.434007
6.576702	4.606124	4.600000	2307.468628	0.479998
6.776810	4.602637	4.600000	2580.353516	0.524480
7.001806	4.613235	4.600000	2725.736572	0.549500
4.920669	4.820389	4.800000	451.392944	0.101497
5.158784	4.821913	4.800000	586.357910	0.136756
5.354607	4.824128	4.800000	859.828369	0.215000
5.528913	4.828406	4.800000	1007.236816	0.222256
5.766550	4.834320	4.800000	1255.087891	0.265263
5.923878	4.838736	4.800000	1413.069946	0.310751
6.188475	4.845328	4.800000	1626.529785	0.340372
6.389092	4.801047	4.800000	1980.328003	0.404763
6.603006	4.803837	4.800000	2154.384277	0.440782
6.738483	4.806173	4.800000	2389.180664	0.478501
6.989025	4.802629	4.800000	2728.674316	0.525763
5.160505	5.020304	5.000000	513.037109	0.108497
5.361444	5.008636	5.000000	651.332031	0.136999
5.521695	5.024321	5.000000	846.546875	0.185999
5.786955	5.028353	5.000000	997.194702	0.207902
5.956243	5.034326	5.000000	1301.759399	0.270997
6.189621	5.038742	5.000000	1413.050049	0.294503
6.404469	5.045319	5.000000	1738.186279	0.344490
6.587875	4.998804	5.000000	2036.997803	0.402000
6.784896	5.003901	5.000000	2172.745117	0.434499
6.988637	5.006099	5.000000	2529.082275	0.478996
5.323396	5.220357	5.200000	488.057007	0.107075
5.590904	5.221836	5.200000	726.333252	0.145995
5.760266	5.209990	5.200000	921.483032	0.185502
5.996306	5.212066	5.200000	1177.151001	0.279509
6.203295	5.234302	5.200000	1348.393188	0.282485
6.389151	5.218182	5.200000	1506.344482	0.297501
6.603266	5.222518	5.200000	1786.481689	0.346509
6.771061	5.201043	5.200000	2006.992676	0.417017
6.981716	5.203871	5.200000	2362.792725	0.440500
5.587623	5.420282	5.400000	553.015137	0.121994
5.766799	5.421846	5.400000	753.019409	0.147500
5.923878	5.424325	5.400000	909.880615	0.186000
6.174801	5.428353	5.400000	1122.198730	0.224993
6.390286	5.434337	5.400000	1341.744995	0.266492
6.586795	5.438717	5.400000	1623.047363	0.308999
6.738483	5.445353	5.400000	1858.240479	0.344998
7.002970	5.398815	5.400000	2235.316650	0.410000
5.797655	5.620273	5.600000	524.675171	0.114998
5.988608	5.621833	5.600000	729.662720	0.157001
6.174801	5.624287	5.600000	889.841309	0.180506
6.403235	5.628315	5.600000	1213.845459	0.224997
6.586666	5.634365	5.600000	1331.749023	0.258498
6.710721	5.638898	5.600000	1563.131348	0.287495
6.958967	5.622588	5.600000	1789.862793	0.337495
5.964098	5.820283	5.800000	543.030151	0.101498
6.188599	5.821854	5.800000	806.336548	0.142990
6.403275	5.824183	5.800000	1026.475342	0.187495
6.604475	5.828321	5.800000	1198.845703	0.228754
6.784896	5.834371	5.800000	1375.087891	0.250901
6.967053	5.838787	5.800000	1613.076416	0.291500
6.189621	6.020274	6.000000	561.346069	0.106999
6.376103	6.021874	6.000000	779.677734	0.143493
6.589380	6.024255	6.000000	1059.828369	0.201494
6.790645	6.028341	6.000000	1237.190186	0.215527
6.989802	6.034332	6.000000	1476.745605	0.264997
6.390286	6.220276	6.200000	579.673828	0.108500
6.603266	6.221843	6.200000	804.660156	0.141565
6.751539	6.224268	6.200000	1093.193604	0.199999
7.002524	6.228325	6.200000	1217.180664	0.216999
6.589380	6.420274	6.400000	653.015137	0.108001
6.776810	6.421864	6.400000	829.669434	0.157105
7.003300	6.424251	6.400000	1126.488037	0.192001
6.751539	6.620368	6.600000	616.380615	0.101370
6.989802	6.621862	6.600000	913.004883	0.145577
6.988307	6.820264	6.800000	693.017334	0.115996
