V0		Vf		V_sent		D		dt		triple_id	considered_samples
0.050313	0.011602	0.000000	25.270142	0.024060	30.000000	0.000000	1.000000	2.000000
0.015087	0.010331	0.000000	20.648848	0.008180	48.000000	0.000000	1.000000	2.000000
0.010652	0.018823	0.000000	43.237347	0.007688	68.000000	0.000000	1.000000	2.000000
0.000288	0.017104	0.000000	19.712326	0.003192	70.000000	0.000000	1.000000	0.000000
0.013278	0.019049	0.000000	23.857481	0.007391	89.000000	0.000000	1.000000	2.000000
0.019108	0.014323	0.000000	55.676908	0.014275	95.000000	0.000000	1.000000	2.000000
0.003770	0.017548	0.000000	50.547467	0.015948	99.000000	0.000000	1.000000	2.000000
0.000271	0.031143	0.000000	6.201686	0.013612	100.000000	0.000000	1.000000	0.000000
0.036931	0.016242	0.000000	91.448258	0.009996	103.000000	0.000000	1.000000	2.000000
0.038976	0.006232	0.000000	82.623946	0.013591	105.000000	0.000000	1.000000	2.000000
0.010688	0.009448	0.000000	46.848900	0.007689	106.000000	0.000000	1.000000	2.000000
0.047709	0.029621	0.000000	50.754528	0.014524	126.000000	0.000000	1.000000	2.000000
0.021491	0.008960	0.000000	40.202460	0.008956	136.000000	0.000000	1.000000	2.000000
0.026470	0.021705	0.000000	87.017252	0.027284	138.000000	0.000000	1.000000	2.000000
0.014682	0.021547	0.000000	44.153087	0.020000	139.000000	0.000000	1.000000	0.000000
0.017440	0.016289	0.000000	35.824848	0.017083	166.000000	0.000000	1.000000	2.000000
0.011404	0.006845	0.000000	47.529402	0.009207	169.000000	0.000000	1.000000	2.000000
0.020775	0.012106	0.000000	18.972383	0.009293	173.000000	0.000000	1.000000	2.000000
0.009696	0.013923	0.000000	38.547856	0.013952	200.000000	0.000000	1.000000	2.000000
0.007919	0.012408	0.000000	50.781321	0.019283	201.000000	0.000000	1.000000	2.000000
0.042394	0.026298	0.000000	38.073933	0.018450	207.000000	0.000000	1.000000	2.000000
0.048244	0.012135	0.000000	45.708790	0.009914	209.000000	0.000000	1.000000	2.000000
0.015941	0.019232	0.000000	89.543007	0.010991	211.000000	0.000000	1.000000	2.000000
0.001263	0.009998	0.000000	33.462406	0.015600	224.000000	0.000000	1.000000	2.000000
0.000999	0.020032	0.000000	43.393492	0.007681	237.000000	0.000000	1.000000	2.000000
0.037757	0.012917	0.000000	56.946968	0.018122	239.000000	0.000000	1.000000	2.000000
0.019077	0.020096	0.000000	35.534604	0.021252	240.000000	0.000000	1.000000	2.000000
0.000862	0.016050	0.000000	82.398898	0.014394	241.000000	0.000000	1.000000	2.000000
0.000320	0.010852	0.000000	67.880264	0.005859	243.000000	0.000000	1.000000	2.000000
0.010328	0.008125	0.000000	41.373263	0.011984	246.000000	0.000000	1.000000	2.000000
0.025450	0.006076	0.000000	34.876456	0.025423	267.000000	0.000000	1.000000	2.000000
0.028841	0.010179	0.000000	25.856952	0.008642	270.000000	0.000000	1.000000	2.000000
0.000586	0.023089	0.000000	134.033334	0.035159	274.000000	0.000000	2.000000	0.000000
0.022870	0.003920	0.000000	16.371179	0.008394	275.000000	0.000000	1.000000	0.000000
0.001760	0.022904	0.000000	63.822468	0.013506	279.000000	0.000000	1.000000	2.000000
0.000657	0.001568	0.000000	4.647465	0.007083	280.000000	0.000000	1.000000	0.000000
0.028829	0.005976	0.000000	59.688782	0.017913	281.000000	0.000000	1.000000	2.000000
0.043938	0.002946	0.000000	30.623444	0.014054	298.000000	0.000000	1.000000	2.000000
0.000597	0.010607	0.000000	74.848711	0.010278	306.000000	0.000000	1.000000	2.000000
0.000852	0.021633	0.000000	22.059884	0.001411	307.000000	0.000000	2.000000	0.000000
0.024527	0.009188	0.000000	44.422517	0.006253	309.000000	0.000000	1.000000	2.000000
0.019833	0.017910	0.000000	75.532227	0.006998	310.000000	0.000000	1.000000	2.000000
0.004041	0.016268	0.000000	17.925570	0.014120	314.000000	0.000000	1.000000	0.000000
0.052076	0.015241	0.000000	38.070153	0.003805	315.000000	0.000000	1.000000	2.000000
0.036709	0.006321	0.000000	34.536896	0.013882	316.000000	0.000000	1.000000	2.000000
0.015885	0.002500	0.000000	37.484297	0.009301	336.000000	0.000000	1.000000	2.000000
0.024204	0.009135	0.000000	29.902804	0.007575	338.000000	0.000000	1.000000	2.000000
0.009395	0.014023	0.000000	67.792749	0.008952	340.000000	0.000000	1.000000	2.000000
0.030962	0.020340	0.000000	66.859300	0.015756	342.000000	0.000000	1.000000	2.000000
0.004254	0.003074	0.000000	28.800032	0.016141	347.000000	0.000000	1.000000	2.000000
0.039603	0.003371	0.000000	46.537066	0.014842	349.000000	0.000000	1.000000	2.000000
0.022533	0.008240	0.000000	45.924326	0.007262	350.000000	0.000000	1.000000	2.000000
0.001325	0.018555	0.000000	72.221867	0.015887	351.000000	0.000000	1.000000	2.000000
0.002629	0.023624	0.000000	64.750950	0.015086	370.000000	0.000000	1.000000	2.000000
0.039249	0.014916	0.000000	74.748407	0.020704	375.000000	0.000000	1.000000	2.000000
0.031357	0.024442	0.000000	87.109597	0.014547	376.000000	0.000000	1.000000	2.000000
0.000934	0.014372	0.000000	52.834146	0.022273	378.000000	0.000000	1.000000	2.000000
0.018756	0.020496	0.000000	9.970792	0.000753	379.000000	0.000000	1.000000	0.000000
0.028589	0.011746	0.000000	41.603681	0.008296	382.000000	0.000000	1.000000	2.000000
0.000163	0.006736	0.000000	53.825132	0.028322	383.000000	0.000000	1.000000	2.000000
0.046640	0.001955	0.000000	41.352313	0.015788	384.000000	0.000000	1.000000	2.000000
0.008552	0.027115	0.000000	106.664538	0.000677	385.000000	0.000000	1.000000	0.000000
0.048213	0.023601	0.000000	36.057519	0.008770	386.000000	0.000000	1.000000	2.000000
0.001516	0.022912	0.000000	54.531317	0.009253	399.000000	0.000000	1.000000	2.000000
0.000846	0.021177	0.000000	34.043244	0.007230	405.000000	0.000000	1.000000	2.000000
0.017863	0.033471	0.000000	68.441101	0.004697	413.000000	0.000000	1.000000	2.000000
0.029224	0.029581	0.000000	49.847845	0.011033	415.000000	0.000000	1.000000	2.000000
0.029747	0.012960	0.000000	62.625553	0.007940	416.000000	0.000000	1.000000	2.000000
0.031358	0.014307	0.000000	98.449762	0.014697	417.000000	0.000000	1.000000	2.000000
0.043052	0.021380	0.000000	70.210544	0.009164	418.000000	0.000000	1.000000	2.000000
0.005067	0.008772	0.000000	83.300345	0.012483	419.000000	0.000000	1.000000	2.000000
0.020064	0.003094	0.000000	76.440384	0.000010	421.000000	0.000000	1.000000	0.000000
0.000046	0.036565	0.000000	26.758678	0.009256	437.000000	0.000000	1.000000	2.000000
0.018063	0.016534	0.000000	81.528157	0.015612	443.000000	0.000000	1.000000	2.000000
0.006789	0.025354	0.000000	42.056713	0.011314	444.000000	0.000000	1.000000	0.000000
0.063785	0.014494	0.000000	33.412004	0.007063	446.000000	0.000000	1.000000	0.000000
0.012346	0.000310	0.000000	56.377005	0.003540	447.000000	0.000000	1.000000	0.000000
0.000305	0.027383	0.000000	20.338470	0.002427	449.000000	0.000000	1.000000	0.000000
0.042570	0.010632	0.000000	99.157113	0.023364	450.000000	0.000000	1.000000	2.000000
0.001428	0.014678	0.000000	38.739301	0.009896	451.000000	0.000000	1.000000	0.000000
0.037072	0.006034	0.000000	35.365681	0.012665	452.000000	0.000000	1.000000	2.000000
0.002988	0.013181	0.000000	61.422684	0.027792	453.000000	0.000000	1.000000	2.000000
0.016388	0.034324	0.000000	59.392331	0.013205	455.000000	0.000000	1.000000	2.000000
0.021683	0.006535	0.000000	37.139040	0.023164	465.000000	0.000000	1.000000	2.000000
0.005466	0.006772	0.000000	65.092645	0.008140	471.000000	0.000000	1.000000	2.000000
0.022138	0.011519	0.000000	6.457803	0.006652	475.000000	0.000000	1.000000	2.000000
0.048780	0.030487	0.000000	59.839955	0.006363	476.000000	0.000000	1.000000	2.000000
0.023496	0.006349	0.000000	56.101323	0.015889	477.000000	0.000000	1.000000	2.000000
0.027718	0.012771	0.000000	87.029413	0.011003	479.000000	0.000000	1.000000	2.000000
0.034420	0.035295	0.000000	68.943676	0.006806	480.000000	0.000000	1.000000	2.000000
0.047092	0.014301	0.000000	90.704481	0.002618	483.000000	0.000000	1.000000	2.000000
0.003125	0.010764	0.000000	96.887057	0.015472	484.000000	0.000000	1.000000	2.000000
0.018810	0.000231	0.000000	92.674675	0.016127	486.000000	0.000000	1.000000	2.000000
0.027793	0.014581	0.000000	41.325741	0.013511	487.000000	0.000000	1.000000	2.000000
0.017594	0.000864	0.000000	47.604199	0.020112	490.000000	1.000000	2.000000	0.000000
0.001769	0.011556	0.000000	54.605794	0.014580	507.000000	0.000000	1.000000	2.000000
0.000195	0.010122	0.000000	47.468518	0.018008	509.000000	0.000000	1.000000	2.000000
0.055160	0.009558	0.000000	37.024878	0.000001	510.000000	0.000000	1.000000	0.000000
0.003092	0.014695	0.000000	89.811067	0.017036	511.000000	0.000000	1.000000	2.000000
0.004511	0.020562	0.000000	31.789453	0.013434	514.000000	0.000000	1.000000	2.000000
0.034090	0.006466	0.000000	30.183930	0.002821	516.000000	0.000000	1.000000	0.000000
0.037810	0.004438	0.000000	69.039544	0.017040	519.000000	0.000000	1.000000	2.000000
0.004620	0.003451	0.000000	35.280226	0.018244	520.000000	0.000000	1.000000	2.000000
0.013716	0.014279	0.000000	34.688505	0.006660	521.000000	0.000000	1.000000	2.000000
0.007433	0.010856	0.000000	85.726046	0.021941	522.000000	0.000000	1.000000	2.000000
0.039441	0.011431	0.000000	41.632025	0.015017	523.000000	0.000000	1.000000	2.000000
0.033264	0.008228	0.000000	77.122190	0.021931	524.000000	0.000000	1.000000	2.000000
0.000116	0.009170	0.000000	83.154445	0.001440	525.000000	0.000000	1.000000	0.000000
0.010924	0.006134	0.000000	80.087193	0.023874	526.000000	0.000000	1.000000	2.000000
0.001079	0.018168	0.000000	36.124253	0.008261	530.000000	0.000000	1.000000	2.000000
0.027017	0.023132	0.000000	26.742539	0.014972	534.000000	0.000000	1.000000	2.000000
0.025092	0.017764	0.000000	36.399747	0.008121	536.000000	0.000000	1.000000	2.000000
0.032925	0.010569	0.000000	48.017931	0.017015	537.000000	0.000000	1.000000	2.000000
0.011423	0.022899	0.000000	36.022912	0.009650	538.000000	0.000000	1.000000	2.000000
0.031135	0.013423	0.000000	34.763094	0.015563	539.000000	0.000000	1.000000	2.000000
0.041724	0.013905	0.000000	24.904946	0.014104	541.000000	0.000000	1.000000	2.000000
0.000056	0.019374	0.000000	27.365401	0.014016	542.000000	0.000000	1.000000	2.000000
0.005828	0.023420	0.000000	60.113244	0.016857	543.000000	0.000000	1.000000	2.000000
0.001944	0.024745	0.000000	78.897886	0.017240	544.000000	0.000000	1.000000	2.000000
0.047617	0.010778	0.000000	91.327822	0.030510	545.000000	0.000000	1.000000	2.000000
0.043395	0.020148	0.000000	79.649083	0.023429	547.000000	0.000000	1.000000	2.000000
0.023796	0.016838	0.000000	99.073579	0.015880	548.000000	0.000000	1.000000	2.000000
0.003177	0.001041	0.000000	95.867283	0.015617	550.000000	0.000000	1.000000	2.000000
0.014332	0.027637	0.000000	35.653995	0.003553	551.000000	0.000000	1.000000	0.000000
0.007548	0.008967	0.000000	80.310530	0.008965	553.000000	0.000000	1.000000	2.000000
0.000369	0.039446	0.000000	66.927098	0.007818	554.000000	0.000000	1.000000	2.000000
0.018962	0.030092	0.000000	15.139451	0.007082	555.000000	0.000000	1.000000	2.000000
0.025376	0.023199	0.000000	62.133824	0.015108	556.000000	0.000000	1.000000	2.000000
0.063674	0.014104	0.000000	10.635259	0.009216	557.000000	0.000000	1.000000	0.000000
0.053907	0.000572	0.000000	2.347297	0.008513	560.000000	0.000000	1.000000	0.000000
0.028611	0.024948	0.000000	32.983700	0.001355	561.000000	0.000000	1.000000	0.000000
0.008656	0.009219	0.000000	34.823995	0.009751	572.000000	0.000000	1.000000	0.000000
0.000215	0.013100	0.000000	56.747564	0.018029	573.000000	0.000000	1.000000	2.000000
0.001128	0.024116	0.000000	31.949027	0.007806	574.000000	0.000000	1.000000	2.000000
0.006570	0.024983	0.000000	86.964800	0.016170	580.000000	0.000000	1.000000	2.000000
0.028047	0.014820	0.000000	93.025997	0.023995	583.000000	0.000000	1.000000	2.000000
0.012411	0.002960	0.000000	41.032540	0.013005	585.000000	0.000000	1.000000	2.000000
0.037379	0.016066	0.000000	58.782223	0.009950	586.000000	0.000000	1.000000	0.000000
0.055324	0.039314	0.000000	18.580025	0.010602	587.000000	0.000000	1.000000	0.000000
0.042139	0.004944	0.000000	69.741341	0.011595	589.000000	1.000000	2.000000	0.000000
0.019759	0.025054	0.000000	81.701771	0.017026	590.000000	0.000000	1.000000	2.000000
0.010846	0.000324	0.000000	1.915887	0.003539	591.000000	0.000000	1.000000	0.000000
0.016853	0.017869	0.000000	99.229125	0.022208	592.000000	0.000000	1.000000	2.000000
0.003595	0.007337	0.000000	50.383174	0.015032	595.000000	0.000000	1.000000	2.000000
0.019878	0.002384	0.000000	79.558028	0.029461	596.000000	0.000000	1.000000	2.000000
0.030865	0.025699	0.000000	28.925717	0.030653	605.000000	0.000000	1.000000	2.000000
0.028694	0.009337	0.000000	70.079767	0.013768	612.000000	0.000000	1.000000	2.000000
0.014311	0.015193	0.000000	74.553615	0.021054	613.000000	0.000000	1.000000	2.000000
0.000034	0.008953	0.000000	39.343259	0.000001	615.000000	0.000000	1.000000	0.000000
0.032093	0.024334	0.000000	91.184225	0.034598	616.000000	0.000000	1.000000	2.000000
0.024260	0.002872	0.000000	36.481468	0.020800	618.000000	0.000000	1.000000	2.000000
0.028842	0.007351	0.000000	40.708186	0.010633	619.000000	0.000000	1.000000	0.000000
0.036260	0.001168	0.000000	7.256735	0.014145	620.000000	0.000000	1.000000	0.000000
0.029097	0.016932	0.000000	2.705512	0.001475	621.000000	0.000000	1.000000	0.000000
0.001275	0.031562	0.000000	28.613655	0.002122	622.000000	0.000000	1.000000	0.000000
0.008444	0.000115	0.000000	2.726056	0.002098	626.000000	0.000000	1.000000	0.000000
0.014030	0.014635	0.000000	54.405963	0.000698	627.000000	0.000000	1.000000	0.000000
0.028043	0.018049	0.000000	22.426472	0.007774	630.000000	0.000000	1.000000	0.000000
0.033131	0.031544	0.000000	45.042498	0.008489	631.000000	0.000000	1.000000	0.000000
0.003631	0.015207	0.000000	47.643469	0.009509	641.000000	0.000000	1.000000	2.000000
0.011408	0.017854	0.000000	5.555000	0.002874	644.000000	0.000000	1.000000	0.000000
0.012162	0.012994	0.000000	6.148018	0.007777	646.000000	0.000000	1.000000	0.000000
0.052792	0.025100	0.000000	73.060652	0.009850	649.000000	0.000000	1.000000	0.000000
0.049578	0.016552	0.000000	2.214283	0.002103	653.000000	0.000000	1.000000	0.000000
0.000608	0.000030	0.000000	2.613412	0.000034	654.000000	0.000000	1.000000	0.000000
0.030831	0.000420	0.000000	51.914689	0.000000	655.000000	0.000000	1.000000	0.000000
0.008345	0.006069	0.000000	11.869675	0.001410	656.000000	0.000000	1.000000	0.000000
0.001455	0.000227	0.000000	55.156315	0.000771	657.000000	0.000000	1.000000	0.000000
0.000527	0.034814	0.000000	33.409760	0.000708	658.000000	0.000000	1.000000	0.000000
0.005186	0.016437	0.000000	5.779424	0.007279	660.000000	0.000000	1.000000	0.000000
0.001020	0.025755	0.000000	109.857395	0.010617	661.000000	0.000000	1.000000	0.000000
0.000575	0.011084	0.000000	25.040491	0.000010	662.000000	0.000000	1.000000	0.000000
0.000275	0.005848	0.000000	36.991387	0.002872	663.000000	0.000000	1.000000	0.000000
0.001235	0.006749	0.000000	117.915407	0.001914	664.000000	0.000000	1.000000	0.000000
0.018536	0.006467	0.000000	9.062568	0.011316	666.000000	0.000000	1.000000	0.000000
0.000335	0.025273	0.000000	64.430676	0.019795	673.000000	0.000000	1.000000	0.000000
0.018097	0.023847	0.000000	24.958913	0.007026	674.000000	0.000000	1.000000	0.000000
0.018691	0.015813	0.000000	16.586173	0.022607	677.000000	0.000000	1.000000	0.000000
0.055146	0.011976	0.000000	30.621232	0.014118	678.000000	0.000000	1.000000	0.000000
0.061874	0.010136	0.000000	31.975758	0.011323	681.000000	0.000000	1.000000	0.000000
0.023861	0.011356	0.000000	34.303958	0.000702	683.000000	0.000000	1.000000	0.000000
0.063731	0.000885	0.000000	36.217255	0.011335	684.000000	0.000000	1.000000	0.000000
0.063564	0.001409	0.000000	34.531662	0.010589	685.000000	0.000000	1.000000	0.000000
0.000042	0.004506	0.000000	86.640692	0.000717	686.000000	0.000000	1.000000	0.000000
0.023665	0.030356	0.000000	81.478088	0.002128	687.000000	0.000000	1.000000	0.000000
0.000081	0.000572	0.000000	44.281871	0.009901	688.000000	0.000000	1.000000	0.000000
0.000547	0.033262	0.000000	87.183625	0.003541	689.000000	0.000000	1.000000	0.000000
0.050975	0.009380	0.000000	4.849446	0.008478	690.000000	0.000000	1.000000	0.000000
0.000124	0.015857	0.000000	5.918567	0.002144	691.000000	0.000000	1.000000	0.000000
0.043690	0.040402	0.000000	45.625737	0.021229	692.000000	0.000000	1.000000	0.000000
0.050745	0.018370	0.000000	103.455971	0.001429	693.000000	0.000000	1.000000	0.000000
0.000190	0.028293	0.000000	72.511074	0.007785	694.000000	0.000000	1.000000	0.000000
0.026355	0.004749	0.000000	55.452467	0.007778	695.000000	0.000000	1.000000	0.000000
0.028953	0.040850	0.000000	31.299315	0.003496	696.000000	0.000000	1.000000	0.000000
0.044585	0.012799	0.000000	56.949716	0.001416	697.000000	0.000000	1.000000	0.000000
0.035127	0.013237	0.000000	53.531569	0.007236	698.000000	0.000000	1.000000	2.000000
0.000627	0.009151	0.000000	31.561031	0.011319	699.000000	0.000000	1.000000	0.000000
0.025794	0.027224	0.000000	17.049973	0.010616	700.000000	1.000000	2.000000	0.000000
0.021181	0.008867	0.000000	42.783066	0.012726	701.000000	0.000000	1.000000	0.000000
0.014890	0.000140	0.000000	6.268969	0.002095	705.000000	0.000000	1.000000	0.000000
0.001434	0.010610	0.000000	17.984755	0.011533	706.000000	0.000000	1.000000	2.000000
0.008098	0.033866	0.000000	81.805430	0.021223	707.000000	0.000000	1.000000	2.000000
0.001731	0.017697	0.000000	35.357804	0.017006	708.000000	0.000000	1.000000	2.000000
0.000992	0.023833	0.000000	20.245229	0.221760	709.000000	0.000000	1.000000	2.000000
0.006285	0.000693	0.000000	1.774089	0.002132	712.000000	0.000000	1.000000	0.000000
0.000426	0.000510	0.000000	22.678171	0.000006	713.000000	0.000000	1.000000	0.000000
0.001107	0.010315	0.000000	46.917089	0.008141	714.000000	0.000000	1.000000	2.000000
0.040854	0.016431	0.000000	85.802392	0.013748	716.000000	0.000000	1.000000	2.000000
0.007221	0.016299	0.000000	81.421964	0.019353	717.000000	0.000000	1.000000	2.000000
0.015210	0.012399	0.000000	56.811683	0.008660	720.000000	0.000000	1.000000	2.000000
0.029758	0.007182	0.000000	33.626498	0.010114	721.000000	0.000000	1.000000	2.000000
0.038045	0.008194	0.000000	92.774703	0.017672	722.000000	0.000000	1.000000	2.000000
0.004076	0.019496	0.000000	4.154252	0.007773	723.000000	0.000000	1.000000	0.000000
0.001094	0.004667	0.000000	1.883259	0.009917	724.000000	0.000000	1.000000	0.000000
0.000871	0.009462	0.000000	3.352370	0.010604	726.000000	0.000000	1.000000	0.000000
0.041831	0.008305	0.000000	76.412515	0.017035	727.000000	0.000000	1.000000	2.000000
0.002990	0.000055	0.000000	1.079303	0.009900	728.000000	0.000000	1.000000	0.000000
0.045255	0.013902	0.000000	71.155581	0.014521	729.000000	0.000000	1.000000	2.000000
0.051918	0.001365	0.000000	1.710280	0.011314	730.000000	0.000000	1.000000	0.000000
0.036485	0.003932	0.000000	92.155553	0.015713	731.000000	0.000000	1.000000	2.000000
0.000970	0.001601	0.000000	59.745864	0.001427	732.000000	0.000000	1.000000	0.000000
0.000482	0.004480	0.000000	64.336878	0.012214	733.000000	1.000000	2.000000	0.000000
0.040364	0.000296	0.000000	68.302269	0.000700	734.000000	0.000000	1.000000	0.000000
0.010342	0.013978	0.000000	7.923356	0.012734	735.000000	0.000000	1.000000	0.000000
0.000659	0.013885	0.000000	63.799812	0.010626	736.000000	0.000000	1.000000	0.000000
0.014980	0.020225	0.000000	45.052023	0.013068	743.000000	0.000000	1.000000	2.000000
0.015119	0.015260	0.000000	83.451797	0.031021	744.000000	0.000000	1.000000	2.000000
0.001228	0.000247	0.000000	0.235731	0.000711	752.000000	0.000000	1.000000	0.000000
0.000431	0.011179	0.000000	39.865173	0.011304	755.000000	0.000000	1.000000	0.000000
0.012932	0.033533	0.000000	89.588188	0.017021	756.000000	0.000000	1.000000	2.000000
0.010237	0.014829	0.000000	90.057677	0.022606	757.000000	0.000000	1.000000	2.000000
0.051031	0.004428	0.000000	99.174302	0.017162	758.000000	0.000000	1.000000	2.000000
0.037553	0.011066	0.000000	0.311708	0.015038	760.000000	0.000000	1.000000	2.000000
0.001187	0.000256	0.000000	51.610336	0.000715	761.000000	0.000000	1.000000	0.000000
0.024693	0.010737	0.000000	81.061915	0.022743	762.000000	0.000000	1.000000	2.000000
0.001142	0.006953	0.000000	55.581252	0.000708	763.000000	0.000000	1.000000	0.000000
0.047970	0.038911	0.000000	36.239913	0.011323	764.000000	0.000000	1.000000	0.000000
0.013294	0.000116	0.000000	1.428888	0.007067	765.000000	0.000000	1.000000	0.000000
0.004711	0.007219	0.000000	19.202886	0.009898	766.000000	0.000000	1.000000	0.000000
0.009244	0.022498	0.000000	11.975585	0.000705	767.000000	0.000000	1.000000	0.000000
0.018096	0.032265	0.000000	14.479808	0.009895	768.000000	0.000000	1.000000	0.000000
0.006142	0.009388	0.000000	7.951325	0.019807	770.000000	0.000000	1.000000	0.000000
0.047478	0.022021	0.000000	49.104146	0.014818	771.000000	0.000000	1.000000	2.000000
0.039376	0.025941	0.000000	74.551159	0.028251	782.000000	0.000000	1.000000	2.000000
0.021615	0.021558	0.000000	37.150814	0.006370	784.000000	0.000000	1.000000	0.000000
0.038730	0.019317	0.000000	41.565678	0.012014	785.000000	0.000000	1.000000	0.000000
0.012927	0.008359	0.000000	37.539800	0.007075	787.000000	0.000000	1.000000	0.000000
0.000082	0.024016	0.000000	43.117761	0.000713	788.000000	0.000000	1.000000	0.000000
0.023060	0.036640	0.000000	45.072964	0.019085	790.000000	0.000000	1.000000	0.000000
0.000315	0.028156	0.000000	42.785269	0.000718	791.000000	0.000000	1.000000	0.000000
0.003055	0.017730	0.000000	49.409518	0.010607	792.000000	0.000000	1.000000	0.000000
0.006228	0.000249	0.000000	2.197193	0.000702	793.000000	0.000000	1.000000	0.000000
0.008200	0.012572	0.000000	94.392195	0.009187	794.000000	0.000000	1.000000	0.000000
0.030534	0.017755	0.000000	98.172092	0.001412	795.000000	0.000000	1.000000	0.000000
0.051762	0.023656	0.000000	51.022434	0.009894	797.000000	0.000000	1.000000	0.000000
0.036768	0.027494	0.000000	78.186189	0.022857	798.000000	0.000000	1.000000	2.000000
0.038063	0.013898	0.000000	44.765165	0.013528	799.000000	0.000000	1.000000	2.000000
0.051610	0.010386	0.000000	64.800571	0.002141	800.000000	0.000000	1.000000	0.000000
0.014144	0.019109	0.000000	7.545292	0.000705	801.000000	0.000000	1.000000	0.000000
0.000399	0.018306	0.000000	57.708096	0.008495	802.000000	0.000000	1.000000	0.000000
0.002082	0.023038	0.000000	55.351477	0.009184	803.000000	0.000000	1.000000	0.000000
0.000338	0.000144	0.000000	71.788257	0.004941	804.000000	0.000000	1.000000	0.000000
0.049202	0.007929	0.000000	7.772306	0.000708	806.000000	0.000000	1.000000	0.000000
0.000475	0.014076	0.000000	55.060236	0.132857	809.000000	0.000000	1.000000	2.000000
0.000005	0.018646	0.000000	68.632473	0.008491	816.000000	0.000000	1.000000	0.000000
0.000035	0.013840	0.000000	19.366198	0.011322	817.000000	0.000000	1.000000	0.000000
0.012424	0.008754	0.000000	17.559804	0.001414	819.000000	0.000000	1.000000	0.000000
0.042005	0.000012	0.000000	25.835184	0.011319	820.000000	0.000000	1.000000	0.000000
0.002014	0.011660	0.000000	51.044163	0.010607	821.000000	0.000000	1.000000	0.000000
0.000093	0.000522	0.000000	0.276343	0.001421	826.000000	0.000000	1.000000	0.000000
0.004050	0.000374	0.000000	0.273192	0.000004	828.000000	0.000000	1.000000	0.000000
0.017492	0.018195	0.000000	95.820306	0.021919	829.000000	0.000000	1.000000	0.000000
0.001071	0.034453	0.000000	52.622660	0.010595	831.000000	0.000000	1.000000	0.000000
0.002854	0.009592	0.000000	48.835512	0.001417	832.000000	0.000000	1.000000	0.000000
0.000530	0.007167	0.000000	58.095659	0.000002	833.000000	0.000000	1.000000	0.000000
0.000686	0.022858	0.000000	55.052993	0.012729	835.000000	0.000000	1.000000	0.000000
0.004005	0.000515	0.000000	1.844763	0.001409	836.000000	0.000000	1.000000	0.000000
0.004105	0.016999	0.000000	0.424851	0.000723	837.000000	0.000000	1.000000	0.000000
0.022708	0.014834	0.000000	8.747165	0.012025	838.000000	0.000000	1.000000	0.000000
-0.000000	-0.000000	-0.000000	-0.000000	-0.000000	2147483647.000000	0.000000	0.000000	0.000000
0.035348	0.015662	0.000000	13.558807	0.000008	840.000000	0.000000	1.000000	0.000000
0.056870	0.014204	0.000000	67.244886	0.010573	841.000000	0.000000	1.000000	0.000000
0.058233	0.008094	0.000000	52.506105	0.010592	845.000000	0.000000	1.000000	0.000000
0.007113	0.000310	0.000000	44.242147	0.183608	847.000000	0.000000	2.000000	0.000000
0.000363	0.027500	0.000000	69.715526	0.006003	848.000000	0.000000	1.000000	0.000000
0.001616	0.014227	0.000000	20.175569	0.002119	849.000000	0.000000	1.000000	0.000000
0.005848	0.000368	0.000000	7.939252	0.008473	850.000000	0.000000	1.000000	0.000000
0.012565	0.023198	0.000000	2.453975	0.002127	852.000000	0.000000	1.000000	0.000000
0.000487	0.013564	0.000000	31.699329	0.002132	853.000000	0.000000	1.000000	0.000000
0.029929	0.027878	0.000000	43.398679	0.012028	855.000000	0.000000	1.000000	0.000000
0.012521	0.011973	0.000000	36.884504	0.002826	856.000000	0.000000	1.000000	0.000000
0.000004	0.013038	0.000000	82.429299	0.019794	857.000000	0.000000	1.000000	0.000000
0.003673	0.039435	0.000000	267.892609	0.719955	858.000000	0.000000	1.000000	0.000000
0.000713	0.011529	0.000000	38.671715	0.000002	859.000000	0.000000	1.000000	0.000000
0.045519	0.041161	0.000000	96.060353	0.012732	860.000000	0.000000	1.000000	0.000000
0.011638	0.015178	0.000000	45.343136	0.009178	861.000000	0.000000	1.000000	0.000000
0.000233	0.008399	0.000000	3.434026	0.008488	862.000000	0.000000	1.000000	0.000000
0.009422	0.010576	0.000000	4.242382	0.012016	863.000000	0.000000	1.000000	0.000000
0.044991	0.027955	0.000000	68.597113	0.014194	864.000000	0.000000	1.000000	2.000000
0.003814	0.000555	0.000000	0.577977	0.000699	865.000000	0.000000	1.000000	0.000000
0.012961	0.000077	0.000000	0.368918	0.008487	866.000000	0.000000	1.000000	0.000000
0.010041	0.017854	0.000000	2.432665	0.019804	867.000000	0.000000	1.000000	0.000000
0.031248	0.008950	0.000000	83.090916	0.029957	868.000000	0.000000	1.000000	2.000000
0.017777	0.017353	0.000000	45.973371	0.008147	869.000000	0.000000	1.000000	2.000000
0.015322	0.037077	0.000000	82.817370	0.015125	870.000000	0.000000	1.000000	2.000000
0.011847	0.007303	0.000000	9.224843	0.009184	871.000000	0.000000	1.000000	0.000000
0.036571	0.016319	0.000000	5.328333	0.000712	872.000000	0.000000	1.000000	0.000000
0.014720	0.005125	0.000000	91.093064	0.012537	873.000000	0.000000	1.000000	2.000000
0.011389	0.023879	0.000000	63.072510	0.009898	874.000000	0.000000	1.000000	0.000000
0.012680	0.000347	0.000000	6.472203	0.012729	875.000000	0.000000	1.000000	0.000000
0.000036	0.008107	0.000000	8.668618	0.017673	876.000000	0.000000	1.000000	0.000000
0.007093	0.024738	0.000000	66.759212	0.028571	878.000000	0.000000	1.000000	2.000000
0.012984	0.020035	0.000000	98.655536	0.026576	880.000000	0.000000	1.000000	2.000000
0.044365	0.010800	0.000000	54.924114	0.018825	881.000000	0.000000	1.000000	2.000000
0.011091	0.011674	0.000000	32.741629	0.019651	882.000000	0.000000	1.000000	2.000000
0.039927	0.021759	0.000000	53.518316	0.010972	883.000000	0.000000	1.000000	2.000000
0.034828	0.030917	0.000000	33.987904	0.003538	884.000000	0.000000	1.000000	0.000000
0.035407	0.048628	0.000000	23.979277	0.005660	886.000000	0.000000	2.000000	0.000000
0.012541	0.016988	0.000000	80.337946	0.032880	887.000000	0.000000	1.000000	2.000000
0.010873	0.010081	0.000000	83.704618	0.025696	891.000000	0.000000	1.000000	2.000000
0.010997	0.007390	0.000000	89.391472	0.013852	892.000000	0.000000	1.000000	2.000000
0.032154	0.000769	0.000000	172.530603	0.040666	895.000000	0.000000	2.000000	0.000000
0.001792	0.016985	0.000000	99.392519	0.014736	897.000000	0.000000	1.000000	2.000000
0.026282	0.015112	0.000000	58.476044	0.022525	898.000000	0.000000	1.000000	2.000000
0.024555	0.017424	0.000000	52.425166	0.001418	899.000000	0.000000	1.000000	0.000000
0.055469	0.000484	0.000000	0.482856	0.008493	900.000000	0.000000	1.000000	0.000000
0.031681	0.024718	0.000000	49.942524	0.011322	901.000000	0.000000	1.000000	0.000000
0.017714	0.026250	0.000000	2.711731	0.013516	902.000000	0.000000	1.000000	2.000000
0.012972	0.009776	0.000000	50.035890	0.015044	904.000000	0.000000	1.000000	2.000000
0.000736	0.033129	0.000000	54.353136	0.009911	905.000000	0.000000	1.000000	0.000000
0.002462	0.016337	0.000000	6.638794	0.029699	906.000000	1.000000	2.000000	0.000000
0.024253	0.000379	0.000000	68.071112	0.009194	907.000000	0.000000	1.000000	0.000000
0.000704	0.000041	0.000000	3.579555	0.011315	909.000000	0.000000	1.000000	0.000000
0.005266	0.017629	0.000000	6.878237	0.007065	910.000000	0.000000	1.000000	0.000000
0.020427	0.017420	0.000000	77.259013	0.001435	911.000000	0.000000	1.000000	0.000000
0.036767	0.008676	0.000000	47.536134	0.064224	913.000000	0.000000	1.000000	2.000000
0.000262	0.016338	0.000000	13.979212	0.007078	923.000000	0.000000	1.000000	0.000000
0.009543	0.000836	0.000000	28.413315	0.001417	924.000000	0.000000	1.000000	0.000000
0.045549	0.000054	0.000000	24.963947	0.001427	925.000000	0.000000	1.000000	0.000000
0.003771	0.000620	0.000000	0.492329	0.003006	926.000000	0.000000	1.000000	0.000000
0.000312	0.010505	0.000000	36.498475	0.004950	927.000000	0.000000	1.000000	0.000000
0.000111	0.016262	0.000000	6.825022	0.002826	928.000000	0.000000	1.000000	0.000000
0.000684	0.030230	0.000000	26.812485	0.002836	929.000000	0.000000	1.000000	0.000000
0.049372	0.000898	0.000000	1.998492	0.009907	930.000000	0.000000	1.000000	0.000000
0.000676	0.013547	0.000000	52.035360	0.008486	931.000000	0.000000	1.000000	0.000000
0.026877	0.018467	0.000000	48.111660	0.012728	932.000000	0.000000	1.000000	0.000000
0.000639	0.012730	0.000000	44.782854	0.009900	933.000000	0.000000	1.000000	0.000000
0.019655	0.008906	0.000000	4.582038	0.009902	934.000000	0.000000	1.000000	0.000000
0.000342	0.007572	0.000000	51.536103	0.010604	935.000000	0.000000	1.000000	0.000000
0.000005	0.012364	0.000000	102.940056	0.009188	936.000000	0.000000	1.000000	0.000000
0.000486	0.018417	0.000000	1.435275	0.009202	937.000000	0.000000	1.000000	0.000000
0.001256	0.004133	0.000000	0.468700	0.008488	938.000000	0.000000	1.000000	0.000000
0.001722	0.024767	0.000000	112.940110	0.001406	939.000000	0.000000	1.000000	0.000000
0.007019	0.000082	0.000000	62.841354	0.009200	940.000000	0.000000	1.000000	0.000000
0.010353	0.006955	0.000000	61.269181	0.000004	941.000000	0.000000	1.000000	0.000000
0.021934	0.021328	0.000000	4.167372	0.002127	942.000000	0.000000	1.000000	0.000000
0.004589	0.026211	0.000000	62.024968	0.007775	943.000000	0.000000	1.000000	0.000000
0.055686	0.000025	0.000000	1.046504	0.000705	944.000000	0.000000	1.000000	0.000000
0.005377	0.019953	0.000000	124.780007	0.000991	945.000000	0.000000	1.000000	0.000000
0.043376	0.028043	0.000000	135.108495	0.008489	946.000000	0.000000	1.000000	0.000000
0.004751	0.023583	0.000000	60.386719	0.347447	947.000000	0.000000	1.000000	2.000000
0.001256	0.025076	0.000000	47.430744	0.011316	952.000000	0.000000	1.000000	0.000000
0.001109	0.020725	0.000000	52.142447	0.000004	956.000000	0.000000	1.000000	0.000000
0.002516	0.012247	0.000000	4.519199	0.002119	957.000000	0.000000	1.000000	0.000000
0.000348	0.009730	0.000000	11.166625	0.005651	961.000000	0.000000	1.000000	0.000000
0.040509	0.027094	0.000000	16.089140	0.006365	962.000000	0.000000	1.000000	0.000000
0.000010	0.018647	0.000000	47.818615	0.011307	963.000000	0.000000	1.000000	0.000000
0.001731	0.013166	0.000000	24.038610	0.002828	964.000000	0.000000	1.000000	0.000000
0.000258	0.024736	0.000000	65.405867	0.005660	965.000000	0.000000	1.000000	0.000000
0.008625	0.022829	0.000000	17.149023	0.009898	966.000000	0.000000	1.000000	0.000000
0.032649	0.013838	0.000000	3.820380	0.009196	967.000000	0.000000	1.000000	0.000000
0.008168	0.000440	0.000000	0.335600	0.001407	968.000000	0.000000	1.000000	0.000000
0.003798	0.007867	0.000000	49.389839	0.011313	969.000000	0.000000	1.000000	0.000000
0.009010	0.013773	0.000000	56.851490	0.002117	970.000000	0.000000	1.000000	0.000000
0.000405	0.008786	0.000000	2.960492	0.001413	972.000000	0.000000	1.000000	0.000000
0.010437	0.034070	0.000000	111.528745	0.000710	973.000000	0.000000	1.000000	0.000000
0.031589	0.000558	0.000000	1.739110	0.000001	974.000000	0.000000	1.000000	0.000000
0.015186	0.043566	0.000000	2.940812	0.010626	975.000000	0.000000	1.000000	0.000000
0.000355	0.013158	0.000000	123.935137	0.002128	976.000000	0.000000	1.000000	0.000000
0.042285	0.014615	0.000000	123.399973	0.007778	977.000000	0.000000	1.000000	0.000000
0.001319	0.008643	0.000000	6.234486	0.001429	979.000000	0.000000	1.000000	0.000000
0.000595	0.001172	0.000000	1.856501	0.002120	981.000000	0.000000	1.000000	0.000000
0.044832	0.014737	0.000000	72.320583	0.308426	983.000000	0.000000	1.000000	2.000000
0.000035	0.000035	0.000000	0.986525	0.009504	985.000000	0.000000	1.000000	0.000000
0.000140	0.009989	0.000000	9.619332	0.000014	989.000000	0.000000	1.000000	0.000000
0.000862	0.017281	0.000000	82.874736	0.012728	990.000000	0.000000	1.000000	0.000000
0.034512	0.010352	0.000000	36.056760	0.002823	992.000000	0.000000	1.000000	0.000000
0.013740	0.010563	0.000000	35.829714	0.007079	993.000000	0.000000	1.000000	0.000000
0.007077	0.021814	0.000000	17.829544	0.000012	995.000000	0.000000	1.000000	0.000000
0.031714	0.011282	0.000000	35.996392	0.007083	996.000000	0.000000	1.000000	0.000000
0.003588	0.010168	0.000000	6.852169	0.001405	998.000000	0.000000	1.000000	0.000000
0.029465	0.027897	0.000000	23.300342	0.008490	999.000000	0.000000	1.000000	0.000000
0.006137	0.015208	0.000000	96.204956	0.024139	1000.000000	0.000000	1.000000	2.000000
0.001419	0.023200	0.000000	57.068489	0.019094	1003.000000	0.000000	1.000000	0.000000
0.047199	0.000564	0.000000	45.663372	0.001412	1005.000000	0.000000	1.000000	0.000000
0.022113	0.006246	0.000000	76.180364	0.016283	1006.000000	0.000000	1.000000	2.000000
0.000419	0.015626	0.000000	56.136787	0.000004	1007.000000	0.000000	1.000000	0.000000
0.037456	0.000899	0.000000	53.173792	0.000003	1008.000000	0.000000	1.000000	0.000000
0.013477	0.026436	0.000000	96.409323	0.022909	1009.000000	0.000000	1.000000	2.000000
0.037810	0.019791	0.000000	45.645195	0.017897	1010.000000	0.000000	1.000000	2.000000
0.001121	0.020617	0.000000	1.357245	0.000704	1011.000000	0.000000	1.000000	0.000000
0.003959	0.018731	0.000000	48.782973	0.022914	1012.000000	0.000000	1.000000	2.000000
0.001364	0.007212	0.000000	69.324431	0.020500	1013.000000	0.000000	1.000000	0.000000
0.037261	0.017370	0.000000	93.749197	0.009648	1014.000000	0.000000	1.000000	2.000000
0.006630	0.009755	0.000000	64.101922	0.000708	1015.000000	0.000000	1.000000	0.000000
0.002464	0.021327	0.000000	53.374481	0.013442	1016.000000	0.000000	1.000000	0.000000
0.006038	0.021296	0.000000	65.681231	0.018362	1017.000000	0.000000	1.000000	2.000000
0.040597	0.016203	0.000000	53.348492	0.014868	1018.000000	0.000000	1.000000	2.000000
0.038756	0.017786	0.000000	39.480562	0.013623	1019.000000	0.000000	1.000000	2.000000
0.001147	0.009414	0.000000	69.862068	0.019929	1020.000000	0.000000	1.000000	2.000000
0.042628	0.012994	0.000000	35.010861	0.021365	1021.000000	0.000000	1.000000	2.000000
0.046979	0.006041	0.000000	72.683128	0.015531	1022.000000	0.000000	1.000000	2.000000
0.001307	0.025912	0.000000	70.488036	0.018819	1024.000000	0.000000	1.000000	2.000000
0.049003	0.003704	0.000000	66.296961	0.011602	1025.000000	0.000000	1.000000	2.000000
0.042819	0.012461	0.000000	59.904929	0.016010	1027.000000	0.000000	1.000000	2.000000
0.000906	0.017587	0.000000	59.794734	0.016165	1028.000000	0.000000	1.000000	2.000000
0.029435	0.011311	0.000000	26.588145	0.019445	1029.000000	0.000000	1.000000	2.000000
0.009310	0.008731	0.000000	77.226099	0.021508	1031.000000	0.000000	1.000000	2.000000
0.004947	0.011956	0.000000	10.764433	0.004959	1033.000000	0.000000	1.000000	0.000000
0.002581	0.012781	0.000000	46.307808	0.002127	1034.000000	0.000000	1.000000	0.000000
0.009553	0.020178	0.000000	43.169088	0.019154	1035.000000	0.000000	1.000000	2.000000
0.001889	0.001724	0.000000	44.641122	0.009203	1036.000000	0.000000	1.000000	0.000000
0.016527	0.019064	0.000000	76.961403	0.013534	1037.000000	0.000000	1.000000	2.000000
0.021505	0.011905	0.000000	76.875822	0.013590	1038.000000	0.000000	1.000000	2.000000
0.026293	0.023293	0.000000	9.763805	0.008493	1040.000000	0.000000	1.000000	0.000000
0.046595	0.001531	0.000000	50.093231	0.009904	1041.000000	0.000000	1.000000	0.000000
0.046170	0.013572	0.000000	96.317115	0.024249	1042.000000	0.000000	1.000000	2.000000
0.007315	0.008071	0.000000	47.299989	0.017614	1043.000000	0.000000	1.000000	2.000000
0.001616	0.016574	0.000000	94.713771	0.008139	1044.000000	0.000000	1.000000	2.000000
0.035552	0.011826	0.000000	48.612782	0.009080	1045.000000	0.000000	1.000000	2.000000
0.046396	0.026614	0.000000	88.724518	0.023683	1046.000000	0.000000	1.000000	2.000000
0.058861	0.027701	0.000000	63.611643	0.007779	1047.000000	0.000000	1.000000	0.000000
0.000894	0.005888	0.000000	69.626193	0.000001	1048.000000	0.000000	1.000000	0.000000
0.000475	0.034657	0.000000	55.296924	0.020497	1049.000000	0.000000	1.000000	0.000000
0.044682	0.013429	0.000000	61.943138	0.011783	1050.000000	0.000000	1.000000	0.000000
0.042294	0.002716	0.000000	65.194694	0.009897	1051.000000	1.000000	2.000000	0.000000
0.013433	0.014896	0.000000	59.024861	0.023588	1055.000000	0.000000	1.000000	2.000000
0.019239	0.011617	0.000000	58.876153	0.019765	1056.000000	0.000000	1.000000	2.000000
0.003057	0.010556	0.000000	25.197990	0.007846	1059.000000	0.000000	1.000000	2.000000
0.002138	0.013900	0.000000	55.595440	0.009907	1061.000000	0.000000	1.000000	0.000000
0.034498	0.004326	0.000000	46.634427	0.006161	1062.000000	0.000000	1.000000	2.000000
0.014150	0.012711	0.000000	50.942353	0.016534	1063.000000	0.000000	1.000000	2.000000
0.018387	0.008594	0.000000	82.048918	0.178000	1065.000000	0.000000	1.000000	2.000000
0.000598	0.004087	0.000000	1.824391	0.004946	1066.000000	0.000000	1.000000	0.000000
0.024620	0.025105	0.000000	66.101148	0.014850	1068.000000	0.000000	1.000000	0.000000
0.021453	0.006226	0.000000	62.487519	0.008809	1070.000000	0.000000	1.000000	2.000000
0.046356	0.024691	0.000000	59.734641	0.019095	1071.000000	0.000000	1.000000	0.000000
0.028501	0.010013	0.000000	85.670336	0.016196	1072.000000	0.000000	1.000000	2.000000
0.009322	0.028917	0.000000	57.873910	0.002836	1073.000000	0.000000	1.000000	0.000000
0.023763	0.025251	0.000000	57.733377	0.007571	1074.000000	0.000000	1.000000	2.000000
0.022204	0.009054	0.000000	44.695436	0.015109	1075.000000	0.000000	1.000000	2.000000
0.031278	0.010609	0.000000	7.395274	0.005651	1076.000000	0.000000	1.000000	0.000000
0.015261	0.004859	0.000000	88.221069	0.016289	1077.000000	0.000000	1.000000	2.000000
0.017337	0.003594	0.000000	97.688435	0.023070	1078.000000	0.000000	1.000000	2.000000
0.043481	0.003627	0.000000	1.061782	0.001399	1079.000000	0.000000	1.000000	0.000000
0.014602	0.002639	0.000000	95.040003	0.016295	1080.000000	0.000000	1.000000	2.000000
0.001256	0.018510	0.000000	58.829868	0.000712	1081.000000	0.000000	1.000000	0.000000
0.041079	0.032178	0.000000	92.346897	0.015017	1082.000000	0.000000	1.000000	2.000000
0.012690	0.017007	0.000000	3.791204	0.009208	1083.000000	0.000000	1.000000	0.000000
0.020580	0.014772	0.000000	0.359770	0.000712	1084.000000	0.000000	1.000000	0.000000
0.004030	0.011845	0.000000	53.333191	0.010434	1085.000000	0.000000	1.000000	2.000000
0.014404	0.013814	0.000000	201.610370	0.031120	1086.000000	0.000000	2.000000	0.000000
0.049463	0.012455	0.000000	68.376166	0.021794	1090.000000	0.000000	1.000000	2.000000
0.013776	0.024319	0.000000	80.011999	0.019104	1093.000000	0.000000	1.000000	2.000000
0.001400	0.009430	0.000000	50.052340	0.017161	1094.000000	0.000000	1.000000	2.000000
0.023707	0.026704	0.000000	39.871668	0.009532	1097.000000	0.000000	1.000000	2.000000
0.001384	0.004785	0.000000	61.035717	0.030288	1099.000000	0.000000	1.000000	2.000000
0.013972	0.004316	0.000000	52.785693	0.017878	1101.000000	0.000000	1.000000	2.000000
0.036796	0.015224	0.000000	61.151960	0.017787	1103.000000	0.000000	1.000000	2.000000
0.011454	0.024522	0.000000	56.333878	0.003509	1104.000000	0.000000	1.000000	2.000000
0.031190	0.024010	0.000000	24.522555	0.010114	1105.000000	0.000000	1.000000	2.000000
0.024113	0.003659	0.000000	35.778880	0.028534	1106.000000	0.000000	1.000000	2.000000
0.004551	0.012257	0.000000	52.387256	0.024171	1107.000000	0.000000	1.000000	2.000000
0.022731	0.014144	0.000000	83.403472	0.016509	1108.000000	0.000000	1.000000	2.000000
0.010558	0.005339	0.000000	71.461218	0.005195	1109.000000	0.000000	1.000000	2.000000
0.006257	0.010606	0.000000	44.250917	0.046517	1110.000000	0.000000	1.000000	2.000000
0.024702	0.003269	0.000000	0.426406	0.001395	1112.000000	0.000000	1.000000	0.000000
0.016269	0.005393	0.000000	96.024689	0.015811	1113.000000	0.000000	1.000000	2.000000
0.000049	0.003899	0.000000	1.739282	0.007775	1114.000000	0.000000	1.000000	0.000000
0.020102	0.011599	0.000000	4.180665	0.000694	1116.000000	0.000000	1.000000	0.000000
0.000508	0.010063	0.000000	2.291193	0.011301	1117.000000	0.000000	1.000000	0.000000
0.011633	0.010162	0.000000	0.396884	0.010606	1119.000000	0.000000	1.000000	0.000000
0.007520	0.003658	0.000000	2.210052	0.019791	1120.000000	0.000000	1.000000	0.000000
0.055010	0.002092	0.000000	72.946281	0.000707	1121.000000	0.000000	1.000000	0.000000
0.000156	0.006226	0.000000	24.126474	0.130917	1122.000000	0.000000	1.000000	2.000000
0.011910	0.000686	0.000000	63.637827	0.145908	1123.000000	0.000000	1.000000	2.000000
0.022244	0.022332	0.000000	23.643578	0.000718	1126.000000	0.000000	1.000000	0.000000
0.000871	0.006336	0.000000	16.195924	0.001131	1128.000000	0.000000	1.000000	0.000000
0.000052	0.014607	0.000000	70.652032	0.008502	1129.000000	0.000000	1.000000	0.000000
0.000435	0.004167	0.000000	12.300568	0.001421	1131.000000	0.000000	1.000000	0.000000
0.000440	0.001037	0.000000	14.863098	0.002118	1132.000000	0.000000	1.000000	0.000000
0.000075	0.027461	0.000000	43.952379	0.014141	1133.000000	0.000000	1.000000	0.000000
0.000172	0.011585	0.000000	42.030450	0.007784	1134.000000	0.000000	1.000000	0.000000
0.000066	0.011021	0.000000	44.879530	0.013876	1135.000000	0.000000	1.000000	0.000000
0.002522	0.002553	0.000000	1.902033	0.008475	1137.000000	0.000000	1.000000	0.000000
0.037021	0.000531	0.000000	93.435719	0.204615	1139.000000	0.000000	1.000000	0.000000
0.000531	0.022354	0.000000	55.335855	0.001398	1141.000000	0.000000	1.000000	0.000000
0.000778	0.016880	0.000000	56.549812	0.008487	1142.000000	0.000000	1.000000	0.000000
0.000673	0.014354	0.000000	137.425409	0.284173	1144.000000	0.000000	1.000000	0.000000
0.058765	0.010162	0.000000	7.670626	0.005659	1145.000000	0.000000	1.000000	0.000000
0.001220	0.022769	0.000000	9.091660	0.019807	1147.000000	0.000000	1.000000	0.000000
0.029947	0.020589	0.000000	65.508455	0.009188	1148.000000	0.000000	1.000000	0.000000
0.033950	0.014071	0.000000	52.417658	0.000705	1149.000000	0.000000	1.000000	0.000000
0.020916	0.005695	0.000000	121.031443	0.012029	1150.000000	0.000000	1.000000	0.000000
0.017233	0.026841	0.000000	66.941571	0.004234	1152.000000	0.000000	1.000000	0.000000
0.009931	0.002237	0.000000	2.468314	0.010605	1154.000000	0.000000	1.000000	0.000000
0.029373	0.005490	0.000000	1.667467	0.001415	1155.000000	0.000000	1.000000	0.000000
0.051593	0.005355	0.000000	75.180850	0.002119	1156.000000	0.000000	1.000000	0.000000
0.003371	0.003330	0.000000	5.660381	0.004957	1159.000000	0.000000	1.000000	0.000000
0.000948	0.015952	0.000000	54.303287	0.009900	1160.000000	0.000000	1.000000	0.000000
0.000454	0.007296	0.000000	33.411955	0.005655	1162.000000	0.000000	1.000000	0.000000
0.000584	0.024966	0.000000	81.060293	0.012718	1163.000000	0.000000	1.000000	0.000000
0.004116	0.023639	0.000000	108.294424	0.006352	1164.000000	0.000000	1.000000	0.000000
0.017832	0.013231	0.000000	26.644155	0.000001	1165.000000	0.000000	1.000000	0.000000
0.024104	0.032793	0.000000	74.597780	0.001406	1169.000000	0.000000	1.000000	0.000000
0.043647	0.014603	0.000000	71.608588	0.287508	1170.000000	0.000000	1.000000	0.000000
0.031012	0.018661	0.000000	74.913872	0.008494	1173.000000	0.000000	1.000000	0.000000
0.001450	0.020939	0.000000	65.381782	0.008487	1174.000000	0.000000	1.000000	0.000000
0.028813	0.001673	0.000000	81.487237	0.005658	1176.000000	0.000000	1.000000	0.000000
0.001466	0.007236	0.000000	36.310779	0.007061	1177.000000	0.000000	1.000000	0.000000
0.000158	0.022313	0.000000	61.078592	0.011309	1178.000000	0.000000	1.000000	0.000000
0.031380	0.013123	0.000000	11.533385	0.009187	1179.000000	0.000000	1.000000	0.000000
0.000274	0.003528	0.000000	0.019421	0.003279	1182.000000	0.000000	1.000000	0.000000
0.002387	0.001368	0.000000	715.844626	0.001418	1183.000000	0.000000	1.000000	0.000000
0.001743	0.022511	0.000000	66.861641	0.002128	1185.000000	0.000000	1.000000	0.000000
0.000548	0.000491	0.000000	66.924653	0.000707	1188.000000	0.000000	1.000000	0.000000
0.000376	0.030387	0.000000	70.784047	0.010605	1189.000000	0.000000	1.000000	0.000000
0.001677	0.037357	0.000000	1.475671	0.000004	1190.000000	0.000000	1.000000	0.000000
0.008799	0.002603	0.000000	70.597775	0.011308	1191.000000	0.000000	1.000000	0.000000
0.000910	0.002498	0.000000	14.268557	0.002915	1196.000000	0.000000	1.000000	0.000000
0.034489	0.010498	0.000000	64.841083	0.073330	1197.000000	0.000000	1.000000	2.000000
0.000364	0.007695	0.000000	11.420348	0.004234	1198.000000	0.000000	1.000000	0.000000
0.000031	0.018803	0.000000	40.731317	0.000802	1200.000000	0.000000	1.000000	0.000000
0.007621	0.028529	0.000000	44.999887	0.008629	1201.000000	0.000000	1.000000	2.000000
0.047287	0.006522	0.000000	46.736624	0.030993	1203.000000	0.000000	1.000000	2.000000
0.010118	0.014455	0.000000	18.067951	0.002113	1204.000000	0.000000	1.000000	0.000000
0.001402	0.026912	0.000000	64.518122	0.007783	1205.000000	0.000000	1.000000	0.000000
0.006995	0.025785	0.000000	28.425775	0.035378	1206.000000	0.000000	1.000000	2.000000
0.001149	0.006935	0.000000	8.653724	0.016968	1207.000000	0.000000	1.000000	0.000000
0.003122	0.001261	0.000000	1.567385	0.004260	1208.000000	0.000000	1.000000	0.000000
0.000272	0.002868	0.000000	39.748214	0.012009	1209.000000	0.000000	1.000000	0.000000
0.002535	0.008081	0.000000	9.972214	0.006361	1210.000000	0.000000	1.000000	0.000000
0.015466	0.001966	0.000000	2.962477	0.019106	1211.000000	0.000000	1.000000	0.000000
0.028829	0.003549	0.000000	44.883500	0.002121	1212.000000	0.000000	1.000000	0.000000
0.050357	0.007167	0.000000	37.048613	0.000002	1214.000000	0.000000	1.000000	0.000000
0.004258	0.006200	0.000000	3.190266	0.008493	1215.000000	0.000000	1.000000	0.000000
0.004907	0.023456	0.000000	119.803242	0.011316	1217.000000	0.000000	1.000000	0.000000
0.046287	0.005928	0.000000	3.110768	0.011321	1218.000000	0.000000	1.000000	0.000000
0.036291	0.002653	0.000000	63.247905	0.011300	1220.000000	0.000000	1.000000	0.000000
0.023308	0.023978	0.000000	73.264790	0.010599	1221.000000	0.000000	1.000000	0.000000
0.007817	0.014447	0.000000	70.035854	0.011316	1223.000000	0.000000	1.000000	0.000000
0.001856	0.008031	0.000000	0.060251	0.001421	1224.000000	0.000000	1.000000	0.000000
0.000212	0.003018	0.000000	65.058312	0.007780	1225.000000	0.000000	1.000000	0.000000
0.000817	0.018000	0.000000	83.710101	0.313773	1227.000000	0.000000	1.000000	2.000000
0.032495	0.003014	0.000000	4.850233	0.000708	1228.000000	0.000000	1.000000	0.000000
0.001064	0.006671	0.000000	13.766935	0.013326	1229.000000	0.000000	1.000000	0.000000
0.022450	0.022215	0.000000	210.587523	0.429920	1230.000000	0.000000	2.000000	0.000000
0.006707	0.020233	0.000000	153.588657	0.000703	1234.000000	0.000000	1.000000	0.000000
0.027742	0.019517	0.000000	110.801284	0.018936	1236.000000	0.000000	1.000000	0.000000
0.050401	0.006529	0.000000	49.237359	0.010555	1238.000000	0.000000	1.000000	0.000000
0.000228	0.012294	0.000000	45.185972	0.006355	1239.000000	0.000000	1.000000	0.000000
0.000321	0.010494	0.000000	14.372214	0.005654	1240.000000	0.000000	1.000000	0.000000
0.030743	0.003111	0.000000	34.466944	0.015560	1241.000000	0.000000	1.000000	0.000000
0.000178	0.014033	0.000000	14.658185	0.008043	1242.000000	0.000000	1.000000	0.000000
0.035362	0.005915	0.000000	52.470049	0.020509	1243.000000	0.000000	1.000000	0.000000
0.020890	0.004097	0.000000	3.437176	0.004938	1244.000000	0.000000	1.000000	0.000000
0.000448	0.019817	0.000000	18.498374	0.000005	1246.000000	0.000000	1.000000	0.000000
0.024278	0.003918	0.000000	86.730457	0.012019	1247.000000	0.000000	1.000000	0.000000
0.029023	0.014313	0.000000	54.389478	0.008479	1248.000000	0.000000	1.000000	0.000000
0.049928	0.008280	0.000000	6.272725	0.005671	1249.000000	0.000000	1.000000	0.000000
0.017288	0.032816	0.000000	155.051650	0.028274	1250.000000	0.000000	1.000000	0.000000
0.026062	0.008565	0.000000	182.354575	0.017814	1252.000000	0.000000	1.000000	0.000000
0.007239	0.017091	0.000000	9.786854	0.011316	1253.000000	0.000000	1.000000	0.000000
0.011570	0.017489	0.000000	60.063335	0.019819	1256.000000	0.000000	1.000000	0.000000
0.000252	0.016613	0.000000	60.579511	0.009917	1257.000000	0.000000	1.000000	0.000000
0.000158	0.002960	0.000000	62.104898	0.001415	1258.000000	0.000000	1.000000	0.000000
0.000690	0.041041	0.000000	79.241882	0.007771	1259.000000	0.000000	1.000000	0.000000
0.036253	0.017454	0.000000	71.070793	0.000706	1260.000000	0.000000	1.000000	0.000000
0.008981	0.015775	0.000000	147.304706	0.021914	1261.000000	0.000000	1.000000	0.000000
