-0.599784	-0.794687	-0.800000	246.512158	0.073401
-3.501112	-3.998305	-4.000000	478.515186	0.147005
-3.000907	-3.996239	-4.000000	886.087964	0.306627
-2.484195	-4.001406	-4.000000	1135.920032	0.428852
-2.000993	-3.978261	-4.000000	1231.439282	0.513600
-1.500499	-3.992445	-4.000000	1405.780212	0.639126
-1.001720	-3.998605	-4.000000	1497.356131	0.726667
-0.501476	-3.998604	-4.000000	1553.684962	0.909160
-0.000528	-3.981621	-4.000000	1534.021575	1.008832
0.501825	-3.991065	-4.000000	1614.427807	1.027801
1.001827	-3.978117	-4.000000	1662.720394	1.095574
1.486105	-3.996794	-4.000000	1857.479947	1.275614
1.985266	-3.989134	-4.000000	1969.359737	1.393286
2.500846	-3.994943	-4.000000	2204.878491	1.419544
2.983497	-3.995020	-4.000000	2475.188000	1.507523
3.463609	-3.978810	-4.000000	2741.532587	1.662126
0.608726	-3.802420	-3.800000	2000.837512	1.107895
-0.779771	-3.700678	-3.500000	1553.050708	0.801918
-3.964017	-3.487348	-3.000000	538.396680	0.174431
-3.956631	-3.478506	-2.500000	526.844531	0.180274
-3.957138	-3.474369	-2.000000	526.128296	0.159608
-3.958674	-3.414935	-1.500000	585.629810	0.161170
-3.928435	-3.418895	-1.000000	533.190039	0.180605
-3.929626	-3.474165	-0.500000	537.339771	0.160486
-3.930978	-3.467164	0.000000	522.577075	0.160588
-3.917543	-3.460473	0.500000	509.999951	0.165866
-3.918925	-3.407524	1.000000	531.358154	0.166655
-3.919330	-3.452648	1.500000	510.489526	0.153993
-3.896452	-3.413746	2.000000	544.545313	0.193601
-3.898046	-3.393106	2.500000	541.169165	0.166994
-3.898642	-3.355263	3.000000	524.488843	0.166220
-3.860634	-3.398629	3.500000	567.720947	0.159629
-3.691438	-3.470868	0.800000	256.732739	0.073602
-3.395430	-3.462296	-0.500000	368.101636	0.119176
-3.200854	-3.498911	-3.700000	289.100854	0.099600
-2.800982	-3.487271	-3.600000	613.238391	0.206017
-2.625587	-3.518827	-3.900000	657.021704	0.246802
-2.222193	-3.489989	-3.600000	821.272021	0.328372
-2.163933	-3.543284	-3.900000	862.423633	0.361674
-1.800980	-3.482853	-3.600000	951.911951	0.473304
-1.671153	-3.570051	-3.900000	1030.605115	0.461263
-1.300830	-3.519816	-3.600000	1128.210696	0.567198
-1.201068	-3.528368	-3.900000	1099.896570	0.609184
-0.801530	-3.494464	-3.600000	1168.149307	0.683155
-0.668305	-3.532735	-3.900000	1182.037152	0.720290
-0.267380	-3.521645	-3.600000	1210.765044	0.787479
-0.199852	-3.566568	-3.900000	1217.670825	0.795794
0.200974	-3.490796	-3.600000	1215.321783	0.866671
0.301574	-3.578030	-3.900000	1257.649546	0.908213
0.702014	-3.509073	-3.600000	1277.394051	0.946067
0.787785	-3.566403	-3.900000	1328.233080	1.007167
1.150601	-3.514584	-3.600000	1390.528119	1.113073
1.285973	-3.521736	-3.900000	1415.424762	1.116709
1.701074	-3.498887	-3.600000	1541.022992	1.181107
1.767338	-3.546384	-3.900000	1582.525479	1.188292
2.199606	-3.501623	-3.600000	1730.590347	1.346554
2.283119	-3.487584	-3.900000	1744.837375	1.407366
2.685414	-3.496451	-3.600000	1966.490253	1.396184
2.801939	-3.541428	-3.900000	2012.750052	1.433077
3.201204	-3.505969	-3.600000	2261.480518	1.486462
3.274027	-3.579631	-3.900000	2334.402509	1.485227
3.701478	-3.501706	-3.600000	2598.889453	1.628332
3.783423	-3.496820	-3.900000	2627.677051	1.656239
0.828327	-3.318386	-3.400000	2044.859229	1.206319
-0.771505	-3.167815	-3.200000	1601.649927	0.774545
-3.973530	-2.921419	-2.500000	839.934961	0.273618
-3.975629	-2.967699	-2.000000	775.458301	0.232194
-3.966124	-2.910945	-1.500000	804.690747	0.267590
-3.962281	-2.967672	-1.000000	774.784082	0.247189
-3.946766	-2.987353	-0.500000	778.299854	0.260724
-3.934200	-2.932440	0.000000	793.322412	0.233799
-3.907453	-2.901349	0.500000	787.663208	0.265804
-3.907755	-2.959977	1.000000	797.077441	0.286531
-3.909467	-2.962559	1.500000	757.268799	0.254335
-3.892210	-3.008518	2.000000	687.214111	0.233600
-3.885158	-3.013983	2.500000	713.265283	0.239622
-3.885493	-2.946618	3.000000	766.614966	0.313770
-3.814846	-2.927591	3.500000	750.236157	0.272993
-3.705934	-2.946457	1.000000	632.232715	0.199619
-3.637587	-2.926943	0.000000	636.273389	0.213902
-3.501465	-2.940512	-2.500000	541.891089	0.166301
-3.502262	-2.953456	-2.000000	491.116626	0.186410
-3.502502	-2.894967	-1.500000	496.372583	0.193300
-3.497929	-2.898056	-1.000000	484.984888	0.199409
-3.474834	-2.927115	-0.500000	521.894019	0.165715
-3.447178	-2.916655	0.000000	508.708301	0.167386
-3.412892	-2.912948	0.500000	484.005151	0.159810
-3.414677	-2.910944	1.000000	492.874951	0.180420
-3.415629	-2.904671	1.500000	482.095337	0.166210
-3.408228	-2.949110	2.000000	452.587524	0.140742
-3.367119	-2.850443	2.500000	494.237549	0.181209
-3.331456	-2.968622	3.000000	366.430737	0.119997
-3.344198	-2.920503	2.300000	397.313232	0.127217
-3.042841	-2.956919	-0.300000	241.193396	0.093250
-2.781829	-2.993673	-1.700000	376.865979	0.166989
-2.565585	-3.011285	-3.400000	318.485352	0.126607
-2.392469	-3.008235	-3.500000	441.988025	0.213000
-2.191504	-3.031250	-3.400000	549.206818	0.286605
-2.102312	-3.057809	-3.600000	588.054858	0.287191
-1.902560	-2.985361	-3.500000	653.604456	0.332602
-1.702195	-3.038065	-3.400000	712.131421	0.393322
-1.573898	-3.032520	-3.600000	741.528210	0.421521
-1.374467	-3.022744	-3.500000	785.563867	0.415601
-1.173930	-3.038888	-3.400000	831.066794	0.460476
-1.101399	-3.069688	-3.600000	860.118808	0.527704
-0.902108	-3.047134	-3.500000	887.553090	0.546317
-0.701803	-3.028178	-3.400000	862.009214	0.560039
-0.603409	-2.980829	-3.600000	850.775055	0.612900
-0.402058	-3.029133	-3.500000	899.266605	0.659788
-0.200035	-3.030923	-3.400000	908.668830	0.666973
-0.104084	-3.040483	-3.600000	899.583457	0.759468
0.099183	-3.040957	-3.500000	920.290234	0.721130
0.299860	-3.034529	-3.400000	927.528193	0.814840
0.400660	-3.048748	-3.600000	935.371876	0.852185
0.597672	-3.007180	-3.500000	934.115948	0.814336
0.797133	-3.038939	-3.400000	995.929966	0.868991
0.897789	-3.019547	-3.600000	1016.487148	0.892907
1.101708	-2.999350	-3.500000	1055.092868	0.929060
1.300114	-2.988341	-3.400000	1072.063025	1.053612
1.400219	-3.001719	-3.600000	1108.554178	1.021059
1.599700	-3.008519	-3.500000	1200.990894	1.016249
1.801818	-3.040575	-3.400000	1275.579412	1.067608
1.866038	-3.066813	-3.600000	1350.968803	1.080878
2.065382	-3.047778	-3.500000	1393.707500	1.069048
2.302144	-3.044876	-3.400000	1483.467258	1.214534
2.403119	-3.047720	-3.600000	1546.817677	1.213871
2.596407	-2.992558	-3.500000	1608.711530	1.249717
2.802653	-3.049018	-3.400000	1719.074097	1.294064
2.872673	-3.062658	-3.600000	1814.428314	1.269413
3.072863	-2.987721	-3.500000	1842.823975	1.327303
3.291548	-2.981539	-3.400000	1974.932336	1.334612
3.401116	-3.010186	-3.600000	2048.540405	1.408698
3.588918	-3.004569	-3.500000	2162.971875	1.466751
3.751302	-3.058578	-3.400000	2350.111060	1.470781
3.888957	-3.070959	-3.600000	2454.002612	1.569119
2.360776	-2.927696	-3.400000	2191.520093	1.336074
-0.812376	-2.698681	-2.900000	1531.130225	0.847818
-2.408728	-2.604277	-2.400000	1240.623999	0.562389
-3.973630	-2.479881	-1.700000	972.660522	0.380653
-3.974889	-2.491109	-1.200000	1005.086279	0.326604
-3.975844	-2.454707	-0.700000	967.932959	0.386595
-3.976921	-2.480335	-0.200000	1027.982617	0.394194
-3.977890	-2.401017	0.300000	1007.109229	0.341358
-3.955482	-2.467313	0.800000	1024.330151	0.333025
-3.956864	-2.405526	1.300000	1033.807275	0.354410
-3.945038	-2.409147	1.800000	1021.311230	0.393667
-3.946268	-2.441178	2.300000	1015.657642	0.406897
-3.947621	-2.486334	2.800000	961.322754	0.406211
-3.947937	-2.406618	3.300000	1017.140454	0.447403
-3.874194	-2.441947	2.400000	960.058276	0.327158
-3.682035	-2.453449	0.100000	855.392871	0.332961
-3.578815	-2.440529	-0.800000	760.040479	0.287419
-3.501110	-2.462781	-1.700000	676.194385	0.267506
-3.502404	-2.435012	-1.200000	719.126758	0.260148
-3.502937	-2.419115	-0.700000	692.528076	0.292623
-3.503265	-2.359962	-0.200000	727.127734	0.273362
-3.504653	-2.404911	0.300000	689.261572	0.280827
-3.477875	-2.429494	0.800000	729.297241	0.260173
-3.439653	-2.457240	1.300000	696.333179	0.287708
-3.440479	-2.452052	1.800000	661.765967	0.240000
-3.441453	-2.475933	2.300000	631.564868	0.273683
-3.443345	-2.458397	2.800000	639.802661	0.279945
-3.444881	-2.441655	3.300000	682.434521	0.253010
-3.343652	-2.446152	2.400000	609.545459	0.220843
-3.137544	-2.444702	0.100000	489.146094	0.220669
-3.064449	-2.482951	-0.800000	450.207434	0.221612
-3.003055	-2.416697	-1.700000	440.129980	0.173205
-3.004256	-2.394304	-1.200000	449.711816	0.193989
-3.004798	-2.419594	-0.700000	402.405029	0.200598
-3.005290	-2.412145	-0.200000	450.497534	0.186752
-3.007718	-2.383776	0.300000	458.197449	0.194318
-3.003227	-2.451011	0.800000	425.737524	0.174893
-3.004367	-2.448796	1.300000	415.112317	0.187194
-2.997871	-2.441777	1.800000	473.322827	0.192374
-2.999740	-2.468809	2.300000	386.702795	0.179982
-3.000258	-2.493679	2.800000	429.415479	0.166646
-3.001762	-2.475673	3.300000	407.461707	0.166906
-2.899634	-2.444551	2.400000	349.055640	0.139985
-2.606953	-2.415608	0.000000	269.009949	0.119805
-2.305891	-2.484984	-1.300000	288.382129	0.134008
-2.085233	-2.477511	-2.900000	730.719130	0.266114
-1.991747	-2.503020	-3.300000	332.458783	0.166791
-1.856482	-2.517289	-3.400000	386.018604	0.220979
-1.703691	-2.490375	-3.100000	434.710040	0.252513
-1.602659	-2.558264	-3.200000	489.398706	0.286654
-1.502730	-2.545989	-3.300000	498.679816	0.286199
-1.402611	-2.511126	-3.400000	513.364734	0.306789
-1.201677	-2.493924	-3.100000	526.096866	0.400396
-1.102532	-2.515917	-3.200000	558.959790	0.379926
-1.001807	-2.493960	-3.300000	571.946759	0.392893
-0.901938	-2.527511	-3.400000	590.408739	0.401398
-0.684313	-2.528341	-3.100000	631.329607	0.461296
-0.585238	-2.550332	-3.200000	629.423927	0.473903
-0.484009	-2.532602	-3.300000	634.003241	0.500315
-0.387325	-2.534498	-3.400000	633.524448	0.561944
-0.198583	-2.483988	-3.100000	609.496963	0.568369
-0.102966	-2.497353	-3.200000	608.513588	0.607396
0.000659	-2.544324	-3.300000	632.006524	0.573312
0.097005	-2.473381	-3.400000	611.171059	0.608823
0.275326	-2.516138	-3.100000	642.133678	0.636313
0.375777	-2.510940	-3.200000	648.757419	0.714217
0.475851	-2.523875	-3.300000	658.557863	0.707408
0.603343	-2.541159	-3.400000	693.247789	0.786616
0.802383	-2.533000	-3.100000	742.201265	0.794706
0.901045	-2.549747	-3.200000	750.412411	0.782088
1.001470	-2.574518	-3.300000	805.892694	0.868577
1.067788	-2.523331	-3.400000	781.058926	0.887190
1.267079	-2.550119	-3.100000	836.089945	0.854618
1.368530	-2.529125	-3.200000	858.183568	0.948682
1.503962	-2.547433	-3.300000	911.451982	0.873787
1.599337	-2.541233	-3.400000	933.060112	0.942541
1.803374	-2.559792	-3.100000	1011.084430	1.000676
1.883849	-2.494691	-3.200000	1021.677073	1.021377
1.984108	-2.526454	-3.300000	1056.661911	0.969214
2.102725	-2.523901	-3.400000	1107.715857	0.987251
2.302247	-2.508597	-3.100000	1153.171957	1.068884
2.401570	-2.477213	-3.200000	1217.917767	1.080063
2.501295	-2.535585	-3.300000	1301.262085	1.048038
2.602076	-2.524205	-3.400000	1327.148169	1.170784
2.802370	-2.530362	-3.100000	1455.379163	1.211484
2.902438	-2.578954	-3.200000	1541.580591	1.190016
2.998562	-2.555098	-3.300000	1564.214124	1.288103
3.078054	-2.530937	-3.400000	1640.108545	1.186941
3.298056	-2.547317	-3.100000	1709.357935	1.280187
3.398109	-2.539716	-3.200000	1844.714941	1.271061
3.502322	-2.538477	-3.300000	1884.717847	1.312928
3.602187	-2.535688	-3.400000	1942.820605	1.291310
3.801114	-2.496457	-3.100000	2072.575391	1.341917
3.902092	-2.507740	-3.200000	2140.752173	1.368305
3.964964	-2.520272	-3.300000	2177.123584	1.332390
2.326447	-2.427356	-3.300000	2023.864478	1.242715
-0.836749	-2.201445	-2.600000	1543.159985	0.780026
-2.437423	-2.119622	-2.000000	1379.422949	0.632851
-4.001860	-1.990175	-1.200000	1198.664868	0.433532
-4.003001	-1.956019	-0.700000	1219.165601	0.446803
-4.003762	-1.982597	-0.200000	1201.017969	0.459397
-4.004180	-1.987778	0.300000	1162.218091	0.454218
-3.996962	-1.929221	0.800000	1248.330029	0.435198
-3.998199	-2.009062	1.300000	1168.160156	0.427337
-3.973912	-2.033980	1.800000	1176.364380	0.406402
-3.974291	-1.959808	2.300000	1198.785962	0.454388
-3.942480	-1.972945	2.800000	1207.698560	0.428201
-3.943094	-1.943183	3.300000	1169.792310	0.426806
-3.838615	-1.963940	2.500000	1070.311206	0.407221
-3.672003	-1.987438	0.400000	976.808618	0.395509
-3.591937	-1.946564	-0.400000	940.556396	0.347807
-3.485596	-1.933931	-1.200000	853.987500	0.339424
-3.486611	-2.024234	-0.700000	861.894165	0.319119
-3.487958	-1.945385	-0.200000	864.220850	0.347690
-3.488758	-1.887948	0.300000	918.590112	0.387013
-3.489535	-1.954732	0.800000	877.712183	0.327504
-3.490734	-1.937182	1.300000	896.159082	0.360679
-3.492263	-1.951324	1.800000	885.428320	0.347617
-3.493722	-1.955106	2.300000	898.161499	0.352412
-3.495426	-1.969260	2.800000	892.656445	0.333593
-3.481242	-1.973274	3.300000	847.350757	0.346334
-3.384552	-1.908285	2.500000	802.094409	0.401290
-3.164579	-1.952431	0.400000	724.209021	0.334028
-3.063958	-1.944718	-0.400000	613.337756	0.273993
-2.947841	-1.926854	-1.200000	595.895581	0.274984
-2.948755	-1.923329	-0.700000	566.112024	0.246007
-2.910830	-1.927644	-0.200000	566.484119	0.267193
-2.913136	-1.976148	0.300000	545.254297	0.253590
-2.913893	-1.939359	0.800000	558.269153	0.234295
-2.915036	-1.984082	1.300000	555.626282	0.246296
-2.915467	-1.945854	1.800000	549.156262	0.273016
-2.912053	-1.927736	2.300000	564.718835	0.240083
-2.884434	-1.937005	2.800000	563.496570	0.288206
-2.885317	-1.942712	3.300000	508.243188	0.273408
-2.746599	-1.989970	2.500000	480.353223	0.206592
-2.662577	-1.964524	0.400000	464.473901	0.219155
-2.523068	-1.920705	-0.400000	423.524158	0.212962
-2.459723	-1.946938	-1.200000	335.756799	0.161071
-2.460381	-1.923952	-0.700000	335.938171	0.167069
-2.461274	-1.917143	-0.200000	335.562402	0.153877
-2.463112	-1.983026	0.300000	277.300952	0.166502
-2.424307	-1.903962	0.800000	327.175415	0.172797
-2.425078	-1.950547	1.300000	337.071558	0.160602
-2.426823	-1.953515	1.800000	304.602466	0.180705
-2.413394	-1.978280	2.300000	339.893701	0.159600
-2.414445	-1.925210	2.800000	326.096472	0.187042
-2.415107	-1.968454	3.300000	298.688867	0.160764
-2.308611	-1.930445	2.500000	258.100494	0.119787
-2.065932	-1.984143	0.300000	163.603015	0.086648
-1.764992	-1.990419	-0.900000	188.039856	0.160000
-1.601606	-2.010050	-2.400000	221.752240	0.133131
-1.502788	-1.991129	-2.800000	277.077222	0.187206
-1.467908	-2.037968	-3.300000	286.650534	0.167000
-1.366959	-2.026728	-3.300000	310.702527	0.219838
-1.202063	-2.022437	-2.800000	337.094958	0.253199
-1.073881	-2.056785	-2.800000	362.543195	0.287389
-1.003073	-2.101538	-2.800000	390.735599	0.301627
-1.003581	-2.048924	-3.300000	378.660446	0.267317
-0.902896	-2.094402	-3.300000	405.789861	0.293806
-0.702297	-2.005106	-2.800000	380.463390	0.368067
-0.536587	-2.016528	-2.800000	394.267200	0.408526
-0.437674	-2.019865	-2.800000	409.226039	0.393219
-0.439626	-2.029826	-3.300000	412.382261	0.427227
-0.339609	-2.036317	-3.300000	423.732657	0.447601
-0.173307	-2.033291	-2.800000	426.379036	0.447289
-0.105107	-2.005104	-2.800000	402.232259	0.488880
0.000402	-2.050978	-2.800000	425.684192	0.493611
0.000592	-2.065460	-3.300000	423.360394	0.528123
0.097683	-2.039594	-3.300000	422.553035	0.547399
0.300706	-2.052417	-2.800000	451.037809	0.608084
0.401591	-2.040581	-2.800000	466.221344	0.547807
0.503556	-2.025689	-2.800000	456.954547	0.606861
0.504654	-2.035663	-3.300000	459.377678	0.588400
0.605056	-2.010576	-3.300000	474.791385	0.699197
0.803206	-2.004176	-2.800000	513.051561	0.660582
0.887865	-1.970231	-2.800000	503.274638	0.701101
1.000298	-2.029841	-2.800000	558.625095	0.699968
0.977883	-2.018776	-3.300000	544.352447	0.721619
1.077689	-2.056876	-3.300000	569.720625	0.726699
1.288056	-2.025413	-2.800000	624.800538	0.751539
1.388174	-2.028851	-2.800000	645.427203	0.808210
1.467454	-2.038678	-2.800000	667.869124	0.840506
1.468699	-2.048702	-3.300000	662.051598	0.807385
1.568484	-2.039534	-3.300000	720.122234	0.819266
1.792062	-2.033265	-2.800000	790.631430	0.814422
1.845225	-2.109056	-2.800000	855.561420	0.880863
1.983866	-2.067722	-2.800000	879.217859	0.907061
1.984906	-2.012592	-3.300000	856.382556	0.890577
2.084791	-2.023741	-3.300000	865.170819	0.960534
2.284547	-2.017401	-2.800000	994.362830	0.920693
2.398420	-2.053797	-2.800000	1043.141968	0.971490
2.475510	-2.052131	-2.800000	1068.780859	1.080205
2.477376	-2.019191	-3.300000	1070.118359	0.986310
2.600263	-2.028323	-3.300000	1130.006799	1.036536
2.801446	-1.989156	-2.800000	1215.739587	1.074637
2.902290	-1.990842	-2.800000	1286.544055	1.088890
3.002356	-1.977187	-2.800000	1352.199780	1.108904
3.003042	-2.010659	-3.300000	1306.077161	1.143327
3.103155	-1.989422	-3.300000	1390.164783	1.168044
3.288974	-2.010946	-2.800000	1503.181543	1.214697
3.401643	-1.990687	-2.800000	1587.153906	1.149678
3.500491	-2.034081	-2.800000	1650.997925	1.161167
3.501424	-1.992716	-3.300000	1614.363477	1.153205
3.604254	-2.070922	-3.300000	1753.225098	1.215658
3.803428	-2.013755	-2.800000	1860.626538	1.216385
3.903471	-2.016982	-2.800000	1901.578418	1.234217
3.927311	-2.096423	-2.800000	2005.286792	1.443252
3.927978	-2.060811	-3.300000	1964.284937	1.482838
2.327760	-1.992887	-3.200000	1826.741162	1.149398
-0.874496	-1.720168	-2.300000	1546.902734	0.883253
-2.439133	-1.569234	-1.600000	1390.548022	0.701037
-4.002656	-1.457605	-0.700000	1334.102124	0.488599
-4.003091	-1.414198	-0.200000	1330.717310	0.501557
-4.002791	-1.398020	0.300000	1350.326343	0.552808
-4.004289	-1.475704	0.800000	1324.596069	0.547297
-4.005382	-1.429014	1.300000	1348.346313	0.575022
-3.980413	-1.476332	1.800000	1354.518677	0.527274
-3.980895	-1.486289	2.300000	1339.229687	0.540026
-3.981267	-1.437679	2.800000	1322.718066	0.507088
-3.981854	-1.450941	3.300000	1350.385352	0.566658
-3.905804	-1.487339	2.600000	1261.126074	0.515498
-3.703299	-1.476734	0.700000	1117.504907	0.448766
-3.601705	-1.491752	0.000000	1083.256177	0.474609
-3.502417	-1.454200	-0.700000	995.697485	0.479392
-3.503518	-1.393471	-0.200000	1010.601636	0.446451
-3.484434	-1.483128	0.300000	1017.930298	0.413993
-3.484643	-1.510322	0.800000	1013.640747	0.446787
-3.485661	-1.493353	1.300000	949.624805	0.426753
-3.480563	-1.456113	1.800000	994.397534	0.502600
-3.481570	-1.432785	2.300000	1009.348511	0.427204
-3.482591	-1.477908	2.800000	989.415405	0.433195
-3.483275	-1.522900	3.300000	970.045288	0.434200
-3.343221	-1.520843	2.600000	927.350732	0.440225
-3.190121	-1.467007	0.700000	833.558057	0.366971
-3.089422	-1.462037	0.000000	763.098962	0.393406
-2.991809	-1.464840	-0.700000	734.598169	0.328306
-2.992618	-1.467401	-0.200000	725.752759	0.353614
-2.982771	-1.493635	0.300000	702.467505	0.360896
-2.983243	-1.466519	0.800000	714.383838	0.361321
-2.983679	-1.470184	1.300000	704.925488	0.380382
-2.984332	-1.410472	1.800000	738.858972	0.346604
-2.960194	-1.413771	2.300000	719.804687	0.393185
-2.960762	-1.433309	2.800000	713.622900	0.506406
-2.961377	-1.394481	3.300000	713.213000	0.342173
-2.871253	-1.445214	2.600000	648.114099	0.307405
-2.686816	-1.455025	0.700000	564.819434	0.307119
-2.580379	-1.444691	0.000000	528.306470	0.300922
-2.469482	-1.400975	-0.700000	490.822632	0.266249
-2.469960	-1.403083	-0.200000	474.830432	0.253205
-2.470841	-1.428416	0.300000	463.793555	0.279605
-2.471418	-1.432460	0.800000	489.370703	0.253002
-2.471863	-1.435444	1.300000	464.205676	0.286591
-2.472931	-1.479826	1.800000	448.657227	0.240995
-2.453063	-1.421081	2.300000	461.471997	0.265140
-2.455481	-1.486349	2.800000	430.537988	0.233775
-2.456864	-1.459793	3.300000	490.411816	0.247366
-2.354851	-1.474630	2.600000	415.500397	0.246702
-2.170876	-1.475432	0.700000	340.528113	0.193200
-2.069548	-1.466474	0.000000	322.257385	0.186480
-2.003161	-1.481820	-0.700000	248.600928	0.167006
-1.965002	-1.426545	-0.200000	275.416254	0.166200
-1.966104	-1.421636	0.300000	261.279425	0.174195
-1.967363	-1.425376	0.800000	267.418506	0.194003
-1.968836	-1.481060	1.300000	234.426691	0.193600
-1.969683	-1.453601	1.800000	232.554889	0.185592
-1.970844	-1.456696	2.300000	263.942639	0.160394
-1.971862	-1.439346	2.800000	276.122607	0.160837
-1.940154	-1.442350	3.300000	275.991650	0.180002
-1.828172	-1.452065	2.600000	202.467413	0.159888
-1.572195	-1.490925	0.600000	143.378027	0.106844
-1.271810	-1.450988	-0.500000	164.854288	0.153609
-1.101023	-1.516572	-1.900000	161.700916	0.139709
-1.001462	-1.539135	-2.300000	198.365726	0.194588
-0.999542	-1.499747	-2.800000	185.421521	0.172840
-1.000469	-1.568552	-3.300000	200.405005	0.185844
-0.900166	-1.539765	-3.200000	218.911440	0.200805
-0.668740	-1.534931	-2.500000	224.887453	0.246246
-0.571677	-1.506684	-2.400000	227.217967	0.266415
-0.471203	-1.562674	-2.300000	257.593921	0.319467
-0.472433	-1.553690	-2.800000	252.324419	0.326307
-0.473135	-1.588067	-3.300000	255.163157	0.301306
-0.373528	-1.564346	-3.200000	250.780141	0.319392
-0.201318	-1.546239	-2.500000	247.222116	0.339892
-0.105105	-1.531243	-2.400000	240.302427	0.354986
0.001181	-1.514585	-2.300000	238.205606	0.373384
-0.001397	-1.481215	-2.800000	225.149609	0.386384
0.001233	-1.496239	-3.300000	229.663800	0.372951
0.101206	-1.474691	-3.200000	232.319926	0.401210
0.287449	-1.499347	-2.500000	255.796511	0.452342
0.388794	-1.503259	-2.400000	268.020739	0.466918
0.488795	-1.527970	-2.300000	281.321387	0.527822
0.489444	-1.613996	-2.800000	310.203832	0.541928
0.491348	-1.517470	-3.300000	277.540653	0.532934
0.590125	-1.529662	-3.200000	309.056242	0.534622
0.802908	-1.531240	-2.500000	354.377471	0.554388
0.870111	-1.557164	-2.400000	372.143622	0.607422
1.004061	-1.550983	-2.300000	382.744343	0.601035
0.971078	-1.551540	-2.800000	389.315658	0.607594
0.939272	-1.533266	-3.300000	377.010158	0.620190
1.042677	-1.520359	-3.200000	378.370925	0.607283
1.238397	-1.488125	-2.500000	441.131105	0.601160
1.309028	-1.560970	-2.400000	488.931678	0.694901
1.417493	-1.571258	-2.300000	510.323013	0.721406
1.418823	-1.531501	-2.800000	470.660857	0.674708
1.399543	-1.526932	-3.300000	479.546896	0.647222
1.499556	-1.510785	-3.200000	495.000894	0.672809
1.747526	-1.522607	-2.500000	602.618723	0.694324
1.903187	-1.511180	-2.400000	642.958514	0.782106
2.002368	-1.531372	-2.300000	674.978809	0.739062
1.998948	-1.485056	-2.800000	666.737109	0.800723
1.999792	-1.521401	-3.300000	696.589447	0.808165
2.100468	-1.490323	-3.200000	719.498444	0.807341
2.279409	-1.507686	-2.500000	806.195905	0.810007
2.382354	-1.492431	-2.400000	844.199548	0.840125
2.501178	-1.526449	-2.300000	895.347961	0.894888
2.502344	-1.557955	-2.800000	914.852637	0.894957
2.499465	-1.516716	-3.300000	903.975525	0.887129
2.580966	-1.612479	-3.200000	986.482361	0.921248
2.770043	-1.502789	-2.500000	1056.688660	0.961870
2.869769	-1.514743	-2.400000	1097.332568	0.963632
2.992357	-1.545942	-2.300000	1165.773767	1.014108
2.989822	-1.528234	-2.800000	1175.408789	0.966241
2.989968	-1.563960	-3.300000	1187.079346	1.066888
3.099629	-1.567138	-3.200000	1245.787500	1.048777
3.300294	-1.524667	-2.500000	1344.883557	1.121618
3.401137	-1.541640	-2.400000	1415.879053	1.070142
3.485022	-1.557808	-2.300000	1468.325342	1.120700
3.486378	-1.533684	-2.800000	1494.319604	1.093216
3.485916	-1.547549	-3.300000	1501.833813	1.093185
3.588106	-1.509169	-3.200000	1530.129102	1.062411
3.765003	-1.488785	-2.500000	1663.242236	1.122461
3.881849	-1.523986	-2.400000	1730.895361	1.168284
3.926908	-1.519991	-2.300000	1825.744946	1.234672
3.909165	-1.551417	-2.800000	1850.788281	1.161927
3.910211	-1.528146	-3.300000	1765.859766	1.168061
2.309035	-1.448584	-3.100000	1719.391528	1.027432
-0.837036	-1.163394	-2.000000	1534.148096	0.815021
-2.438817	-1.034546	-1.200000	1480.056982	0.714795
-4.003763	-0.936025	-0.200000	1442.563184	0.680723
-4.004136	-0.914796	0.300000	1444.399121	0.634226
-4.005298	-0.940576	0.800000	1403.369775	0.632837
-4.006040	-0.925109	1.300000	1447.933398	0.660147
-4.006591	-0.972295	1.800000	1417.757520	0.620606
-3.977781	-0.935196	2.300000	1411.619141	0.641332
-3.968556	-0.973476	2.800000	1428.602246	0.641839
-3.968593	-0.968116	3.300000	1411.807178	0.613995
-3.868123	-0.926158	2.700000	1379.077075	0.626216
-3.663227	-0.962175	1.000000	1223.154883	0.609826
-3.591800	-0.964330	0.400000	1134.346753	0.527649
-3.497062	-0.914033	-0.200000	1090.251929	0.507235
-3.464751	-0.950859	0.300000	1096.305322	0.626492
-3.465295	-0.985551	0.800000	1050.694971	0.559248
-3.461008	-0.969530	1.300000	1055.545386	0.559696
-3.461741	-1.011560	1.800000	1048.787354	0.553484
-3.462638	-0.932503	2.300000	1084.911255	0.527476
-3.463960	-0.926603	2.800000	1110.361401	0.573703
-3.464762	-0.983371	3.300000	1035.154077	0.521228
-3.364297	-1.000338	2.700000	1010.862036	0.547633
-3.112614	-1.001557	1.000000	906.344336	0.480406
-3.032977	-0.962256	0.400000	830.653223	0.441623
-2.999628	-0.949871	-0.200000	828.180750	0.459779
-3.000225	-0.953773	0.300000	831.618091	0.446722
-3.001277	-0.937710	0.800000	795.349829	0.446407
-3.002277	-0.964169	1.300000	804.189636	0.467403
-3.003147	-0.990098	1.800000	792.352466	0.447118
-2.967183	-0.953087	2.300000	839.486743	0.480599
-2.968477	-0.961138	2.800000	790.443054	0.414485
-2.969028	-0.943990	3.300000	814.574768	0.413391
-2.893466	-0.952601	2.700000	784.158484	0.460357
-2.696517	-0.978724	1.000000	684.084143	0.411497
-2.594070	-0.980821	0.400000	620.466101	0.353794
-2.497069	-1.011340	-0.200000	572.252332	0.333827
-2.497659	-0.972694	0.300000	545.732947	0.367215
-2.498573	-0.998613	0.800000	560.478430	0.340444
-2.499422	-0.940474	1.300000	561.858801	0.387002
-2.499485	-0.986556	1.800000	573.408057	0.366255
-2.499768	-0.884673	2.300000	579.522363	0.353360
-2.501333	-0.929160	2.800000	541.218713	0.372731
-2.501813	-0.974630	3.300000	545.166406	0.340286
-2.368174	-0.927952	2.700000	521.170520	0.340038
-2.165420	-0.913452	1.000000	418.713593	0.306804
-2.064904	-0.903618	0.400000	394.658246	0.281180
-1.971714	-0.879724	-0.200000	381.933673	0.280703
-1.973235	-0.905296	0.300000	356.859363	0.267384
-1.974097	-0.952551	0.800000	352.706580	0.267111
-1.974491	-0.935491	1.300000	362.672241	0.261158
-1.975454	-0.896794	1.800000	356.228693	0.273492
-1.962841	-0.920956	2.300000	340.361340	0.260412
-1.946020	-0.973366	2.800000	342.577606	0.261298
-1.946688	-0.916746	3.300000	357.919275	0.246797
-1.819741	-0.945635	2.700000	309.181400	0.233401
-1.648113	-0.992493	1.000000	244.889551	0.200879
-1.564477	-0.940625	0.400000	220.582233	0.174378
-1.447158	-0.932026	-0.200000	190.460336	0.173540
-1.447529	-0.942843	0.300000	177.111584	0.166788
-1.447873	-0.966750	0.800000	170.926660	0.180475
-1.448766	-0.886200	1.300000	191.535846	0.173600
-1.449132	-0.910295	1.800000	179.071222	0.173594
-1.449485	-0.892130	2.300000	190.665332	0.173792
-1.450958	-0.873954	2.800000	184.612466	0.180495
-1.451418	-0.940194	3.300000	187.140070	0.166922
-1.376157	-0.947408	2.700000	154.588342	0.146983
-1.095671	-0.985758	0.900000	87.871790	0.100515
-0.795700	-0.978633	-0.100000	111.626581	0.161027
-0.551210	-1.045619	-1.400000	98.592401	0.173037
-0.469915	-0.984600	-1.800000	109.167334	0.200903
-0.467578	-0.986382	-2.300000	105.173740	0.214403
-0.468646	-1.036236	-2.800000	117.366340	0.186804
-0.469855	-1.061698	-3.300000	127.889451	0.187020
-0.369063	-1.021811	-3.100000	120.827898	0.247210
-0.201902	-1.005063	-2.200000	109.870711	0.238008
-0.099138	-1.034519	-2.000000	114.554844	0.300808
0.001180	-1.053881	-1.800000	125.110269	0.300051
-0.003221	-1.044802	-2.300000	117.661567	0.313989
-0.002744	-1.063648	-2.800000	120.039781	0.306950
0.001190	-1.069202	-3.300000	123.088186	0.327395
0.101609	-1.032845	-3.100000	124.574863	0.320801
0.301342	-1.049162	-2.200000	151.823046	0.381102
0.402421	-1.015153	-2.000000	147.593451	0.393265
0.489440	-1.060068	-1.800000	169.725610	0.393999
0.490966	-1.029945	-2.300000	160.288168	0.379964
0.468516	-1.005716	-2.800000	151.311116	0.375409
0.469647	-1.070013	-3.300000	173.145575	0.382052
0.567366	-1.038624	-3.100000	173.940078	0.381087
0.763255	-1.026352	-2.200000	211.157797	0.459496
0.886971	-0.988203	-2.000000	217.500869	0.427077
0.968250	-0.983969	-1.800000	242.769319	0.487835
0.970025	-1.048557	-2.300000	247.778897	0.473960
0.970860	-1.042649	-2.800000	248.571272	0.520744
0.971065	-1.056575	-3.300000	259.226343	0.499800
1.071431	-1.010129	-3.100000	274.519241	0.507743
1.269077	-1.039713	-2.200000	325.803580	0.541605
1.368650	-1.063666	-2.000000	359.663739	0.567278
1.502311	-1.083294	-1.800000	399.549829	0.594601
1.504726	-1.142842	-2.300000	396.984155	0.636214
1.484826	-1.081059	-2.800000	395.166553	0.585869
1.486509	-1.023441	-3.300000	387.574902	0.621639
1.587099	-1.033509	-3.100000	420.420721	0.580797
1.784537	-1.046734	-2.200000	495.271124	0.634811
1.884466	-1.031766	-2.000000	516.044373	0.648253
2.004391	-1.046663	-1.800000	556.358740	0.694168
2.004536	-1.074581	-2.300000	571.746362	0.682215
1.988527	-1.061280	-2.800000	567.946613	0.694788
1.988757	-1.000115	-3.300000	537.669006	0.673996
2.066978	-1.035233	-3.100000	592.157916	0.753937
2.285327	-1.012274	-2.200000	681.175110	0.755284
2.385559	-1.012421	-2.000000	720.426941	0.826625
2.501720	-1.051279	-1.800000	765.943896	0.799720
2.502584	-1.066178	-2.300000	754.916089	0.780133
2.502814	-1.098108	-2.800000	813.759143	0.820936
2.503380	-1.021305	-3.300000	782.817969	0.735474
2.603250	-1.036562	-3.100000	856.761670	0.826189
2.802623	-1.017429	-2.200000	938.867395	0.850019
2.884634	-1.001390	-2.000000	970.715613	0.874505
2.964472	-0.993327	-1.800000	1036.472937	0.867396
2.965761	-0.990012	-2.300000	1016.684607	0.943784
2.966751	-1.022113	-2.800000	1035.978467	0.861363
2.968547	-0.999708	-3.300000	1023.257617	0.881205
3.068476	-1.003719	-3.100000	1110.460376	0.927039
3.232575	-0.961449	-2.200000	1165.449854	0.946630
3.314044	-1.053904	-2.000000	1277.106030	1.093150
3.432118	-1.013294	-1.800000	1315.549829	0.959848
3.395905	-1.036892	-2.300000	1323.122693	0.973544
3.396565	-1.032264	-2.800000	1253.700879	0.981170
3.375731	-1.046342	-3.300000	1283.443188	0.961938
3.475000	-1.076949	-3.100000	1366.852588	1.001600
3.732461	-1.049976	-2.200000	1552.652271	1.021482
3.898673	-1.024374	-2.000000	1637.171509	1.101056
3.994017	-1.042546	-1.800000	1666.213989	1.075891
3.995325	-0.995363	-2.300000	1693.208813	1.046779
3.996855	-1.119060	-2.800000	1736.406250	1.149752
3.999269	-1.077745	-3.300000	1743.141113	1.120771
2.382197	-0.934311	-3.000000	1673.515771	1.026427
-0.791212	-0.733084	-1.700000	1579.665601	0.908041
-2.389542	-0.555083	-0.800000	1511.766309	0.854247
-3.991712	-0.429774	0.300000	1466.624072	0.707146
-3.992760	-0.381011	0.800000	1443.889282	0.762710
-3.993289	-0.407523	1.300000	1472.309619	0.734376
-3.993456	-0.433446	1.800000	1473.334277	0.734181
-3.993851	-0.416986	2.300000	1476.108911	0.727252
-3.994347	-0.463792	2.800000	1489.309473	0.734254
-3.965911	-0.374202	3.300000	1495.461157	0.752188
-3.872657	-0.479164	2.800000	1397.797095	0.695331
-3.699815	-0.422820	1.300000	1267.708667	0.655855
-3.599075	-0.454031	0.800000	1225.014722	0.660923
-3.463061	-0.437030	0.300000	1170.305835	0.620946
-3.463681	-0.394748	0.800000	1116.748950	0.665662
-3.463839	-0.420813	1.300000	1129.210352	0.607600
-3.406846	-0.446760	1.800000	1117.528467	0.586476
-3.408760	-0.466913	2.300000	1129.802954	0.593770
-3.384527	-0.441705	2.800000	1099.823901	0.567854
-3.385454	-0.505641	3.300000	1082.558276	0.595344
-3.284959	-0.423316	2.800000	1041.992847	0.586727
-3.128142	-0.485383	1.300000	965.295178	0.620132
-3.049826	-0.482109	0.800000	905.320117	0.526943
-3.001812	-0.488035	0.300000	849.099805	0.545671
-3.003843	-0.413343	0.800000	853.543823	0.547464
-2.975891	-0.483087	1.300000	882.793640	0.547605
-2.939610	-0.459112	1.800000	841.881250	0.552500
-2.940002	-0.468968	2.300000	823.618506	0.532743
-2.940362	-0.473689	2.800000	834.241711	0.533208
-2.914057	-0.498585	3.300000	814.297388	0.547220
-2.812985	-0.494458	2.800000	788.745996	0.487802
-2.668721	-0.442814	1.300000	715.581555	0.529107
-2.604610	-0.446634	0.800000	675.081128	0.474000
-2.483660	-0.471542	0.300000	599.084924	0.420795
-2.446279	-0.437707	0.800000	616.884863	0.466598
-2.447322	-0.488468	1.300000	590.693994	0.414313
-2.447797	-0.514728	1.800000	574.603198	0.434457
-2.445825	-0.435136	2.300000	572.016748	0.433571
-2.446167	-0.457483	2.800000	611.836523	0.446992
-2.446795	-0.460719	3.300000	587.921863	0.448202
-2.368604	-0.472069	2.800000	578.254712	0.414390
-2.204131	-0.490769	1.300000	497.030505	0.415337
-2.103364	-0.516676	0.800000	426.380615	0.366005
-2.003646	-0.496532	0.300000	393.721960	0.348077
-2.004504	-0.416218	0.800000	406.053809	0.412609
-1.974593	-0.432871	1.300000	400.357092	0.365588
-1.975431	-0.437540	1.800000	396.177789	0.340797
-1.977208	-0.420106	2.300000	392.737457	0.353600
-1.977781	-0.424910	2.800000	398.608087	0.340008
-1.978492	-0.407045	3.300000	401.174725	0.346526
-1.877605	-0.417331	2.800000	382.107410	0.352944
-1.703786	-0.473156	1.300000	311.715527	0.328168
-1.571775	-0.398402	0.800000	283.073682	0.301607
-1.478865	-0.378756	0.300000	253.226736	0.281415
-1.450789	-0.433775	0.800000	239.788702	0.286794
-1.451228	-0.409160	1.300000	229.301666	0.280993
-1.430734	-0.433347	1.800000	237.383859	0.241597
-1.431777	-0.425774	2.300000	233.844440	0.281209
-1.432584	-0.449993	2.800000	215.204688	0.254394
-1.434244	-0.442631	3.300000	215.026898	0.239758
-1.364031	-0.430598	2.800000	212.140460	0.267200
-1.160416	-0.485590	1.300000	153.605298	0.219589
-1.060686	-0.466697	0.800000	138.771567	0.174409
-0.961390	-0.461007	0.300000	111.390553	0.199589
-0.962561	-0.425657	0.800000	108.962601	0.160494
-0.963183	-0.461072	1.300000	115.503726	0.186644
-0.963670	-0.464026	1.800000	110.637637	0.193588
-0.930470	-0.405119	2.300000	105.685271	0.172702
-0.931541	-0.435825	2.800000	101.905084	0.173795
-0.931934	-0.479929	3.300000	107.926819	0.153777
-0.879838	-0.478974	2.800000	93.900368	0.141190
-0.585267	-0.502452	1.200000	42.240800	0.093294
-0.301494	-0.492771	0.300000	46.150897	0.153602
-0.062727	-0.473189	-0.900000	25.997424	0.139815
0.001194	-0.516740	-1.300000	36.137656	0.192602
0.000591	-0.497102	-1.800000	30.901939	0.168209
-0.001505	-0.549785	-2.300000	35.715277	0.173408
-0.001282	-0.603056	-2.800000	41.125484	0.180466
0.002242	-0.530193	-3.300000	36.758729	0.199961
0.099236	-0.548984	-3.000000	46.469849	0.246816
0.301203	-0.543098	-1.900000	68.083009	0.253800
0.399796	-0.517458	-1.600000	69.105327	0.259124
0.499888	-0.534504	-1.300000	82.633279	0.267017
0.501080	-0.546804	-1.800000	80.332170	0.327343
0.502609	-0.587764	-2.300000	91.110010	0.287792
0.502880	-0.600723	-2.800000	93.896869	0.300154
0.504549	-0.551464	-3.300000	80.400152	0.307105
0.588728	-0.573861	-3.000000	113.191534	0.334656
0.764476	-0.520207	-1.900000	134.991685	0.361208
0.833411	-0.566262	-1.600000	151.203812	0.366007
0.929743	-0.538691	-1.300000	163.935460	0.366560
0.930480	-0.539182	-1.800000	160.165689	0.374150
0.932441	-0.497553	-2.300000	153.821872	0.372994
0.933475	-0.510058	-2.800000	161.330934	0.348406
0.935417	-0.560671	-3.300000	168.329543	0.381458
1.095375	-0.503643	-3.000000	196.293784	0.392540
1.290023	-0.526442	-1.900000	258.766989	0.433351
1.388708	-0.521794	-1.600000	261.648325	0.472211
1.489872	-0.538307	-1.300000	283.818768	0.441108
1.491974	-0.497819	-1.800000	310.011353	0.474442
1.492419	-0.510448	-2.300000	308.652850	0.486564
1.492626	-0.542812	-2.800000	298.466028	0.466990
1.490451	-0.502367	-3.300000	298.492151	0.486214
1.603397	-0.533345	-3.000000	340.310553	0.486399
1.800430	-0.505131	-1.900000	428.070587	0.593800
1.898108	-0.516246	-1.600000	444.894992	0.567359
1.997501	-0.470062	-1.300000	478.084930	0.565352
1.999075	-0.470375	-1.800000	477.666766	0.580998
1.999940	-0.519926	-2.300000	458.632404	0.596938
2.000310	-0.497185	-2.800000	464.417981	0.607905
1.999611	-0.548368	-3.300000	504.762463	0.572624
2.099430	-0.538967	-3.000000	547.186011	0.600600
2.291779	-0.505652	-1.900000	605.594678	0.693789
2.397459	-0.520311	-1.600000	663.073804	0.639755
2.456834	-0.541858	-1.300000	709.616168	0.681808
2.457516	-0.525422	-1.800000	678.879126	0.746796
2.458312	-0.631512	-2.300000	668.611646	0.675188
2.460084	-0.590664	-2.800000	689.827637	0.648178
2.461604	-0.548947	-3.300000	670.482947	0.682049
2.560736	-0.578430	-3.000000	738.242249	0.714310
2.760989	-0.587123	-1.900000	851.889502	0.753443
2.903983	-0.572494	-1.600000	927.692834	0.788301
3.002652	-0.533445	-1.300000	963.961682	0.788745
2.975019	-0.553482	-1.800000	967.529126	0.774129
2.962529	-0.502745	-2.300000	937.331165	0.808990
2.963864	-0.547942	-2.800000	928.334387	0.788661
2.960269	-0.534179	-3.300000	968.378052	0.774988
3.070242	-0.554273	-3.000000	1008.003455	0.813521
3.300382	-0.556602	-1.900000	1142.445605	0.887756
3.349375	-0.556148	-1.600000	1224.216748	0.928269
3.452487	-0.537348	-1.300000	1240.072192	0.930297
3.454469	-0.526724	-1.800000	1217.565625	0.901072
3.454830	-0.502795	-2.300000	1206.655518	0.847200
3.455658	-0.590574	-2.800000	1229.970752	0.888510
3.418532	-0.513110	-3.300000	1236.908838	0.834693
3.528426	-0.519545	-3.000000	1314.989404	0.901538
3.763037	-0.506691	-1.900000	1484.332349	0.921708
3.861721	-0.580689	-1.600000	1520.612207	0.975181
3.963398	-0.556600	-1.300000	1614.548193	0.990409
3.926675	-0.496059	-1.800000	1618.765845	0.941319
3.927842	-0.527667	-2.300000	1624.133911	0.934907
3.928443	-0.578402	-2.800000	1554.449463	0.995165
3.928706	-0.519296	-3.300000	1616.035156	0.913683
2.328387	-0.404801	-2.900000	1531.355786	1.013739
-0.837246	-0.187936	-1.400000	1505.410132	0.857554
-2.437567	-0.079326	-0.400000	1488.070508	0.887399
-4.002638	0.012595	0.800000	1484.445044	0.813796
-4.004502	-0.000347	1.300000	1486.467187	0.807526
-4.005043	0.033396	1.800000	1504.615942	0.859977
-4.006689	0.008571	2.300000	1412.945044	0.814037
-4.008249	0.062861	2.800000	1496.817749	0.773788
-4.009106	0.076329	3.300000	1486.621216	0.813425
-3.907093	0.085882	2.900000	1405.749219	0.815288
-3.703870	0.024674	1.600000	1278.444141	0.780429
-3.602313	0.034384	1.200000	1212.042334	0.716411
-3.501643	0.073011	0.800000	1171.112061	0.721409
-3.498424	0.117301	1.300000	1163.106860	0.726851
-3.498629	0.135258	1.800000	1186.654883	0.727804
-3.499514	0.034846	2.300000	1185.084033	0.726344
-3.499850	0.087933	2.800000	1177.324146	0.748738
-3.500542	0.054931	3.300000	1177.410571	0.740589
-3.404115	0.032753	2.900000	1075.866138	0.734592
-3.202907	0.048433	1.600000	998.694824	0.679501
-3.103122	0.057891	1.200000	932.379639	0.693211
-3.002335	0.055300	0.800000	883.373914	0.653017
-3.003045	0.048490	1.300000	884.440649	0.607710
-2.993765	0.023631	1.800000	895.566028	0.647651
-2.994955	0.056718	2.300000	873.753564	0.654735
-2.995806	0.071745	2.800000	875.539490	0.655486
-2.941146	0.066729	3.300000	877.443091	0.647093
-2.878371	0.082729	2.900000	817.846277	0.647255
-2.674531	0.097963	1.600000	705.210388	0.560762
-2.603030	0.041920	1.200000	677.626770	0.575514
-2.482974	0.076664	0.800000	644.513367	0.542035
-2.481300	0.084997	1.300000	605.081262	0.542585
-2.451503	-0.004961	1.800000	618.373059	0.514198
-2.452258	-0.000590	2.300000	615.140564	0.548747
-2.453666	0.053048	2.800000	626.482605	0.560193
-2.426296	0.028396	3.300000	586.321606	0.527389
-2.325697	0.018797	2.900000	531.388306	0.480371
-2.106330	0.053504	1.600000	478.485254	0.554208
-2.015894	0.002217	1.200000	431.177759	0.433130
-1.972695	0.046518	0.800000	398.297394	0.461299
-1.941805	0.084097	1.300000	406.622308	0.439303
-1.943029	0.070354	1.800000	390.029425	0.426399
-1.943559	0.006359	2.300000	396.152887	0.419197
-1.925466	0.031449	2.800000	411.610815	0.474993
-1.926285	0.055171	3.300000	398.202032	0.458587
-1.825394	0.034003	2.900000	370.430707	0.406474
-1.650033	0.054067	1.600000	312.270508	0.367869
-1.600275	0.021559	1.200000	288.972852	0.347516
-1.500291	0.002441	0.800000	254.721487	0.353398
-1.501295	-0.010453	1.300000	255.001990	0.326916
-1.474920	0.073029	1.800000	258.278149	0.374416
-1.475815	0.015399	2.300000	250.053271	0.340333
-1.471779	0.050899	2.800000	246.628339	0.413351
-1.472554	0.013602	3.300000	249.150879	0.352546
-1.372678	0.043628	2.900000	228.760535	0.326207
-1.202175	0.044914	1.600000	168.367725	0.306785
-1.103054	0.091211	1.200000	159.694199	0.308633
-1.002601	0.069888	0.800000	135.629886	0.267105
-0.966112	0.093533	1.300000	130.076471	0.340026
-0.927294	0.084602	1.800000	129.646126	0.253716
-0.927779	0.061834	2.300000	122.471002	0.253831
-0.904832	0.058229	2.800000	114.937785	0.266878
-0.905635	0.078275	3.300000	106.630524	0.306247
-0.804950	0.012842	2.900000	94.656358	0.241385
-0.622489	0.085748	1.600000	64.282056	0.207593
-0.525580	0.041828	1.200000	45.061642	0.173189
-0.499942	0.073238	0.800000	48.809959	0.186604
-0.502200	0.068266	1.300000	47.876939	0.187308
-0.485939	0.044193	1.800000	48.271118	0.200625
-0.461709	0.038344	2.300000	42.913093	0.193083
-0.463491	0.115261	2.800000	41.704163	0.180808
-0.464642	0.035643	3.300000	44.512939	0.180248
-0.336849	0.049889	2.900000	32.085563	0.140201
-0.032895	-0.005672	1.500000	21.184600	0.079992
0.211956	0.001717	0.700000	37.963345	0.139938
0.435492	-0.032236	-0.400000	57.934034	0.173061
0.504886	-0.021771	-0.800000	45.505952	0.206201
0.505809	-0.012714	-1.300000	42.962035	0.179991
0.507382	-0.045125	-1.800000	50.960663	0.173392
0.508778	-0.030838	-2.300000	48.821004	0.206390
0.473686	0.022224	-2.800000	46.177340	0.173613
0.466435	-0.055908	-3.300000	44.204494	0.179747
0.565918	-0.079883	-2.900000	66.892234	0.233427
0.760566	-0.022442	-1.600000	98.437784	0.220376
0.903956	-0.054592	-1.200000	113.582428	0.286990
1.003550	0.013132	-0.800000	133.690048	0.272999
1.004851	-0.012164	-1.300000	133.725339	0.286203
1.006418	-0.053722	-1.800000	140.926587	0.287805
1.007135	-0.020749	-2.300000	130.764578	0.293382
1.008522	-0.052821	-2.800000	146.701511	0.281138
1.006616	-0.085510	-3.300000	143.972778	0.300989
1.105956	-0.024139	-2.900000	160.417377	0.321120
1.300660	-0.049961	-1.600000	222.597037	0.367384
1.401147	-0.075296	-1.200000	241.592612	0.394361
1.504628	-0.044931	-0.800000	272.211499	0.388000
1.505947	-0.102321	-1.300000	275.663074	0.393151
1.507302	-0.078912	-1.800000	271.569513	0.385611
1.508207	-0.045702	-2.300000	271.641901	0.441192
1.472054	-0.031778	-2.800000	282.340411	0.401203
1.473113	-0.054347	-3.300000	273.511853	0.387842
1.569611	-0.021056	-2.900000	297.436945	0.407520
1.711328	-0.014381	-1.600000	364.285052	0.440594
1.809369	-0.014976	-1.200000	374.543811	0.501593
1.945817	-0.102960	-0.800000	423.111816	0.474348
1.946335	-0.037322	-1.300000	416.710510	0.493075
1.929532	-0.060851	-1.800000	418.192676	0.480147
1.930014	-0.017766	-2.300000	406.284918	0.507233
1.930425	-0.032296	-2.800000	407.362622	0.488089
1.931535	-0.028180	-3.300000	415.148492	0.528718
2.027748	-0.009246	-2.900000	465.512646	0.487142
2.269332	-0.004082	-1.600000	586.902228	0.560283
2.386066	0.009627	-1.200000	603.295642	0.579993
2.442885	-0.063651	-0.800000	673.539050	0.580600
2.439241	-0.028985	-1.300000	654.256714	0.546745
2.400243	-0.056347	-1.800000	654.349316	0.634383
2.393981	-0.044119	-2.300000	620.114868	0.555599
2.395078	-0.074176	-2.800000	621.578052	0.640401
2.391339	-0.014511	-3.300000	610.187634	0.514596
2.499543	-0.055542	-2.900000	683.351147	0.615179
2.717197	-0.013024	-1.600000	800.238940	0.639191
2.839915	-0.058604	-1.200000	855.961951	0.693261
2.984648	-0.033346	-0.800000	926.934265	0.771582
2.964377	-0.004602	-1.300000	899.079248	0.700798
2.965273	0.034900	-1.800000	898.614941	0.674054
2.947197	0.002457	-2.300000	893.234265	0.673701
2.943170	0.025757	-2.800000	933.107654	0.668464
2.929059	-0.049078	-3.300000	903.963464	0.712940
3.057358	-0.044292	-2.900000	996.584546	0.707560
3.305274	-0.028992	-1.600000	1138.620288	0.715099
3.405316	0.010149	-1.200000	1197.024512	0.773606
3.504563	-0.015993	-0.800000	1223.479541	0.849241
3.504816	-0.058330	-1.300000	1262.850928	0.808003
3.473195	-0.053830	-1.800000	1230.393652	0.866210
3.474571	-0.118402	-2.300000	1202.562500	0.991357
3.475515	-0.077207	-2.800000	1239.066699	0.911987
3.475864	-0.090996	-3.300000	1218.521826	0.845219
3.560910	-0.046271	-2.900000	1297.087085	0.833692
3.734169	-0.021690	-1.600000	1444.586108	0.848287
3.870639	-0.069264	-1.200000	1483.898169	0.859841
4.002302	-0.020705	-0.800000	1585.202295	0.868348
3.998735	-0.040594	-1.300000	1589.150903	0.927423
4.001275	-0.077180	-1.800000	1563.018433	1.015693
4.001805	-0.052916	-2.300000	1579.561255	0.872870
4.002449	-0.086105	-2.800000	1623.428027	0.935017
4.002813	-0.045181	-3.300000	1597.908716	0.881422
2.402742	0.076320	-2.800000	1579.974829	0.947595
-0.798411	0.273173	-1.100000	1523.652856	0.896600
-2.400362	0.433750	0.000000	1514.447192	0.929097
-4.003141	0.606397	1.300000	1544.434839	1.189604
-4.003649	0.590692	1.800000	1543.053979	0.961710
-3.975260	0.605560	2.300000	1520.328271	0.969512
-3.976652	0.532299	2.800000	1494.134863	0.922324
-3.940265	0.563807	3.300000	1513.887012	0.942265
-3.877036	0.556202	3.000000	1431.264209	0.920065
-3.704735	0.530531	1.900000	1302.981958	0.892507
-3.603190	0.542326	1.600000	1262.734961	0.841191
-3.478147	0.550222	1.300000	1196.150195	0.808596
-3.478789	0.574883	1.800000	1208.874438	0.887212
-3.463105	0.551721	2.300000	1183.812329	0.847522
-3.443773	0.561679	2.800000	1177.843359	0.852070
-3.444584	0.556290	3.300000	1166.793701	0.806548
-3.335316	0.492528	3.000000	1089.528699	0.787379
-3.204535	0.568843	1.900000	1005.691785	0.800962
-3.103757	0.495126	1.600000	972.209045	0.739961
-3.002993	0.532249	1.300000	930.378369	0.730146
-3.003661	0.513352	1.800000	896.990356	0.766157
-2.949270	0.546913	2.300000	882.426563	0.767593
-2.950077	0.516551	2.800000	871.361853	0.680348
-2.932120	0.530568	3.300000	874.742297	0.675398
-2.831589	0.550132	3.000000	828.841052	0.675851
-2.668134	0.528437	1.900000	758.346021	0.714592
-2.584650	0.533012	1.600000	677.561365	0.667202
-2.463697	0.525237	1.300000	678.111719	0.693349
-2.464654	0.587107	1.800000	652.759998	0.649174
-2.465612	0.563782	2.300000	650.314844	0.621398
-2.466791	0.520536	2.800000	638.982483	0.685599
-2.463065	0.572362	3.300000	637.739490	0.660236
-2.344418	0.543185	3.000000	615.232727	0.646527
-2.147427	0.500044	1.900000	497.217340	0.602006
-2.091619	0.497653	1.600000	501.966406	0.549500
-2.002312	0.486775	1.300000	458.978711	0.534131
-2.003722	0.513171	1.800000	453.247021	0.560564
-2.005144	0.546278	2.300000	466.726013	0.542064
-2.005681	0.579181	2.800000	477.589081	0.622013
-1.994207	0.593401	3.300000	466.953979	0.546007
-1.893301	0.575376	3.000000	422.378052	0.526208
-1.691319	0.552479	1.900000	346.203906	0.487010
-1.589331	0.541736	1.600000	321.608545	0.472841
-1.501659	0.548108	1.300000	277.625354	0.469063
-1.501917	0.608641	1.800000	304.283612	0.493504
-1.502457	0.528233	2.300000	285.152423	0.481104
-1.496748	0.532957	2.800000	301.672632	0.456433
-1.498104	0.524422	3.300000	284.231586	0.455313
-1.397797	0.534717	3.000000	264.040619	0.414405
-1.176087	0.536480	1.900000	228.968903	0.420390
-1.102954	0.551695	1.600000	197.189847	0.393598
-0.993769	0.569278	1.300000	168.641168	0.373297
-0.975355	0.557826	1.800000	166.087401	0.353490
-0.976445	0.570272	2.300000	163.771768	0.380424
-0.977773	0.556240	2.800000	170.924368	0.356005
-0.978269	0.541987	3.300000	162.232901	0.359707
-0.896512	0.710715	3.000000	181.433215	0.407572
-0.695442	0.583116	1.900000	116.596562	0.320062
-0.601393	0.498745	1.600000	81.678806	0.293538
-0.469531	0.589501	1.300000	89.187981	0.300082
-0.470989	0.521846	1.800000	74.483121	0.294164
-0.471617	0.478696	2.300000	71.035241	0.253149
-0.470213	0.531990	2.800000	72.513051	0.255207
-0.501692	0.566200	3.300000	74.742563	0.274202
-0.403737	0.506885	3.000000	67.552954	0.247450
-0.167998	0.508918	1.900000	49.184715	0.285790
-0.057677	0.576089	1.600000	43.945261	0.207188
0.001017	0.529892	1.300000	34.140757	0.173709
0.000618	0.515006	1.800000	33.023018	0.180221
0.000939	0.519974	2.300000	32.073034	0.173435
-0.000887	0.507601	2.800000	32.403082	0.186802
0.000848	0.523761	3.300000	34.227568	0.193501
0.102041	0.502670	3.000000	25.790477	0.167795
0.401270	0.523632	1.800000	35.755447	0.113403
0.700743	0.498576	1.100000	89.929420	0.140197
0.903187	0.455900	0.100000	98.514966	0.132799
1.003597	0.475473	-0.300000	121.949744	0.167447
1.005435	0.483479	-0.800000	114.105450	0.199781
1.006477	0.488903	-1.300000	124.770395	0.186629
1.008036	0.513087	-1.800000	130.655249	0.172093
1.009660	0.499269	-2.300000	125.733337	0.159600
1.010777	0.466412	-2.800000	125.395346	0.193514
0.974650	0.471597	-3.300000	120.900670	0.173602
1.090695	0.450851	-2.800000	154.474161	0.200603
1.282624	0.455669	-1.300000	198.336566	0.240599
1.380496	0.476855	-0.800000	231.111633	0.280100
1.467240	0.491430	-0.300000	251.743176	0.280359
1.468427	0.525537	-0.800000	234.619910	0.273597
1.470773	0.376292	-1.300000	239.953937	0.301754
1.471938	0.469175	-1.800000	242.101190	0.266788
1.467434	0.445329	-2.300000	259.126758	0.281055
1.452080	0.425621	-2.800000	249.690149	0.273989
1.432389	0.433313	-3.300000	247.434833	0.272600
1.548707	0.459253	-2.800000	263.118442	0.286981
1.750182	0.425231	-1.300000	354.977130	0.360797
1.882107	0.482806	-0.800000	378.358496	0.361610
1.984478	0.458073	-0.300000	434.601263	0.406760
1.968087	0.448466	-0.800000	424.580023	0.401798
1.968395	0.416427	-1.300000	421.692078	0.414417
1.912029	0.420795	-1.800000	429.008026	0.400191
1.912367	0.415741	-2.300000	415.722583	0.374374
1.913444	0.429383	-2.800000	384.061322	0.438544
1.914170	0.424798	-3.300000	398.626611	0.380798
2.033401	0.441120	-2.800000	448.079895	0.461537
2.267746	0.438732	-1.300000	546.258411	0.433836
2.366079	0.419870	-0.800000	582.122534	0.455429
2.476722	0.469135	-0.300000	672.574121	0.485803
2.477611	0.441925	-0.800000	648.167639	0.472814
2.479022	0.447110	-1.300000	641.483289	0.526997
2.480083	0.394545	-1.800000	621.137988	0.475115
2.480491	0.457567	-2.300000	644.593359	0.507390
2.481558	0.480914	-2.800000	645.085071	0.506106
2.482490	0.408172	-3.300000	651.185962	0.454242
2.562068	0.489290	-2.800000	698.058337	0.545501
2.800660	0.464854	-1.300000	822.889294	0.554483
2.905332	0.431825	-0.800000	865.094885	0.581903
3.003870	0.427093	-0.300000	906.344873	0.587813
2.986537	0.471478	-0.800000	924.846899	0.634805
2.986883	0.477494	-1.300000	926.802661	0.640397
2.987740	0.500866	-1.800000	897.349036	0.580612
2.979078	0.505404	-2.300000	889.049902	0.574987
2.981200	0.519607	-2.800000	885.441565	0.606179
2.982429	0.505855	-3.300000	918.848108	0.572589
3.081380	0.462838	-2.800000	968.909082	0.614106
3.279023	0.471667	-1.300000	1079.102905	0.662598
3.389600	0.494099	-0.800000	1153.691565	0.713011
3.503075	0.502276	-0.300000	1207.115259	0.753896
3.484416	0.492213	-0.800000	1232.638452	0.727996
3.471523	0.535324	-1.300000	1185.307446	0.666194
3.406215	0.449242	-1.800000	1207.986975	0.713997
3.403506	0.482570	-2.300000	1153.706982	0.728944
3.404446	0.386761	-2.800000	1205.033643	0.680474
3.389389	0.430305	-3.300000	1195.014575	0.701069
3.488324	0.492496	-2.800000	1229.353857	0.695109
3.737935	0.491624	-1.300000	1382.995605	0.720361
3.871160	0.475600	-0.800000	1469.550610	0.792444
3.965359	0.450814	-0.300000	1585.070801	0.760656
3.946988	0.417424	-0.800000	1536.451514	0.754606
3.944144	0.441059	-1.300000	1565.090869	0.799961
3.945387	0.441656	-1.800000	1525.073901	0.815677
3.946794	0.484921	-2.300000	1551.222290	0.788340
3.909670	0.433733	-2.800000	1545.482764	0.792998
3.910007	0.398353	-3.300000	1521.078784	0.767966
2.328533	0.525337	-2.700000	1523.532080	0.862527
-0.872725	0.796156	-0.800000	1506.656079	0.929100
-2.419630	0.926671	0.400000	1579.832568	1.009167
-3.966064	1.039895	1.800000	1590.217358	1.075133
-3.957841	1.108860	2.300000	1620.533423	1.014221
-3.942754	1.074013	2.800000	1558.079639	1.027926
-3.919907	1.036035	3.300000	1577.719336	1.014310
-3.819106	1.047572	3.100000	1487.806909	0.981251
-3.615137	1.011992	2.200000	1328.409424	0.967606
-3.577712	1.018877	2.000000	1288.249683	0.915758
-3.501899	1.061410	1.800000	1282.414087	0.922596
-3.462922	1.027444	2.300000	1284.022290	0.988407
-3.426508	1.021566	2.800000	1237.271704	0.959620
-3.427693	0.974273	3.300000	1207.931299	0.914821
-3.328140	0.987631	3.100000	1163.554443	0.908115
-3.165289	0.995548	2.200000	1085.276514	0.874601
-3.043415	1.025273	2.000000	1012.682312	0.882165
-2.981246	1.035703	1.800000	967.092163	0.820886
-2.982221	1.084554	2.300000	976.104224	0.879338
-2.945873	1.022156	2.800000	985.326392	0.836724
-2.946506	0.994330	3.300000	952.193640	0.894860
-2.816904	1.037385	3.100000	923.536621	0.827383
-2.639337	1.011859	2.200000	814.051099	0.760548
-2.552705	0.982554	2.000000	745.757043	0.707595
-2.482387	1.028957	1.800000	741.078638	0.761208
-2.483973	1.025524	2.300000	721.612048	0.721985
-2.484699	1.058119	2.800000	733.301746	0.781085
-2.486011	1.072769	3.300000	741.909753	0.752020
-2.407918	1.100866	3.100000	728.774670	0.727642
-2.202818	1.038079	2.200000	590.997913	0.722180
-2.082342	1.090381	2.000000	588.498175	0.766391
-2.002331	1.081029	1.800000	533.030389	0.685723
-2.003295	1.054646	2.300000	553.271991	0.706398
-2.003540	1.049873	2.800000	526.062390	0.661099
-2.004117	1.054780	3.300000	533.426245	0.686357
-1.904733	1.046027	3.100000	494.160937	0.662458
-1.703095	1.021981	2.200000	428.731540	0.579367
-1.601408	1.029807	2.000000	397.597711	0.560542
-1.502641	1.062415	1.800000	363.855475	0.526984
-1.502955	1.063150	2.300000	393.357245	0.593789
-1.480547	1.068149	2.800000	382.479678	0.540578
-1.481333	1.036943	3.300000	363.214990	0.580871
-1.381095	1.059176	3.100000	359.672214	0.553424
-1.174788	1.074012	2.200000	307.872963	0.527152
-1.098865	1.022858	2.000000	265.673676	0.522804
-0.996389	0.999379	1.800000	244.843002	0.434986
-0.997249	1.106145	2.300000	251.514470	0.440684
-0.997909	1.178185	2.800000	272.339540	0.480639
-0.999141	1.077282	3.300000	253.986253	0.466305
-0.893863	1.082289	3.100000	230.804038	0.488778
-0.664560	1.072069	2.200000	193.407056	0.435390
-0.542820	1.096231	2.000000	189.107255	0.441403
-0.444104	1.029651	1.800000	152.787542	0.373095
-0.445478	1.057737	2.300000	153.104011	0.368024
-0.446224	0.994751	2.800000	143.831276	0.339571
-0.448276	1.066359	3.300000	156.184542	0.406393
-0.380186	1.060254	3.100000	151.430108	0.373006
-0.173411	0.962021	2.200000	112.820370	0.300201
-0.099509	1.050577	2.000000	123.130915	0.333195
0.007855	1.031080	1.800000	110.221232	0.279591
0.004997	1.079152	2.300000	118.231264	0.301104
0.001403	1.073491	2.800000	121.464451	0.300796
-0.001629	1.037170	3.300000	113.442378	0.301201
0.106740	1.038255	3.100000	114.498946	0.279258
0.267937	0.988243	2.200000	110.321263	0.200361
0.369022	0.994891	2.000000	112.441026	0.207607
0.437018	1.027799	1.800000	115.652279	0.206401
0.433376	1.045677	2.300000	115.549475	0.187215
0.435051	1.010463	2.800000	116.185186	0.193993
0.435917	1.037740	3.300000	114.538203	0.208015
0.535380	1.060786	3.100000	101.319349	0.172751
0.866333	1.008210	2.100000	90.883032	0.106665
1.168682	1.004892	1.500000	147.976204	0.146398
1.400631	0.995492	0.600000	154.595642	0.147193
1.503082	1.009894	0.200000	194.024567	0.186997
1.503540	0.982942	-0.300000	202.363367	0.172793
1.501229	0.948446	-0.800000	203.349899	0.187191
1.501850	0.978773	-1.300000	200.704785	0.179153
1.503255	0.954211	-1.800000	198.756537	0.179994
1.503721	0.979069	-2.300000	201.677515	0.214207
1.505284	1.002609	-2.800000	199.024359	0.174407
1.506373	0.950158	-3.300000	213.689514	0.180395
1.607980	0.952668	-2.700000	257.772510	0.199803
1.804493	0.995554	-1.000000	318.600732	0.232801
1.904378	0.923462	-0.400000	359.278326	0.266607
2.002892	1.031089	0.200000	359.835645	0.280008
1.965423	0.984423	-0.300000	379.465076	0.261890
1.927989	0.989182	-0.800000	385.335907	0.254390
1.928640	0.993832	-1.300000	334.107220	0.254308
1.929515	0.998135	-1.800000	362.377869	0.272801
1.930728	0.906744	-2.300000	369.067340	0.261417
1.930943	0.930662	-2.800000	365.922015	0.260897
1.928118	0.973107	-3.300000	356.861139	0.287236
2.103747	0.966883	-2.700000	417.831042	0.320232
2.263105	0.931406	-1.000000	483.274866	0.353779
2.400369	0.920771	-0.400000	557.342383	0.347465
2.502102	0.951500	0.200000	580.056360	0.386003
2.464843	0.926834	-0.300000	600.585461	0.372413
2.465033	0.913013	-0.800000	562.225647	0.412723
2.465746	0.917221	-1.300000	612.798926	0.374438
2.465935	0.883312	-1.800000	619.711108	0.380533
2.443740	0.954675	-2.300000	604.593726	0.374266
2.445498	0.906932	-2.800000	576.707336	0.394141
2.446543	0.892985	-3.300000	580.410364	0.400379
2.539567	0.955740	-2.700000	640.277808	0.393017
2.723680	0.970524	-1.000000	740.388245	0.433071
2.823455	0.946931	-0.400000	769.456921	0.440810
2.966184	0.971419	0.200000	837.243262	0.460601
2.966758	0.912751	-0.300000	817.628345	0.467344
2.948436	0.956532	-0.800000	822.238794	0.480096
2.921421	0.989101	-1.300000	850.344226	0.493554
2.921865	0.897807	-1.800000	839.173193	0.505953
2.922906	0.960042	-2.300000	803.357312	0.460551
2.912979	0.906908	-2.800000	813.229126	0.473441
2.913392	0.958426	-3.300000	802.485913	0.466459
3.011212	0.919926	-2.700000	878.103259	0.500470
3.243983	0.954308	-1.000000	1007.289417	0.532104
3.392876	0.988177	-0.400000	1131.913916	0.569248
3.501867	0.935820	0.200000	1184.380786	0.574293
3.503203	0.930824	-0.300000	1170.941821	0.594816
3.504730	0.975317	-0.800000	1179.354565	0.613959
3.473268	0.961025	-1.300000	1173.160742	0.600597
3.455125	0.952557	-1.800000	1144.418701	0.601071
3.455952	0.957097	-2.300000	1145.738550	0.600803
3.456627	0.961377	-2.800000	1124.455103	0.594733
3.458068	0.984730	-3.300000	1146.278979	0.553689
3.593600	1.003052	-2.700000	1246.646948	0.595196
3.774849	0.977301	-1.000000	1383.529980	0.673177
3.889705	0.967894	-0.400000	1439.105347	0.666821
4.000406	0.970450	0.200000	1515.183154	0.674563
4.000752	0.989535	-0.300000	1539.346533	0.668949
4.001029	0.964746	-0.800000	1493.771948	0.714804
4.003421	0.978303	-1.300000	1533.074438	0.666477
4.003985	1.003404	-1.800000	1546.548706	0.681510
4.000430	0.988095	-2.300000	1511.667212	0.688348
3.981506	0.968699	-2.800000	1514.020825	0.669289
3.981802	0.933964	-3.300000	1533.741846	0.727790
2.381726	1.062119	-2.600000	1578.786523	0.753889
-0.834505	1.296153	-0.500000	1666.002100	0.969404
-2.437068	1.363102	0.800000	1663.941016	1.047629
-3.984579	1.528103	2.300000	1709.814941	1.121469
-3.985024	1.576256	2.800000	1723.334253	1.094754
-3.986074	1.513949	3.300000	1721.534692	1.082194
-3.886352	1.496865	3.200000	1628.890796	1.113619
-3.654755	1.539271	2.500000	1525.218237	1.070513
-3.602024	1.469065	2.400000	1476.471338	1.056070
-3.480811	1.502671	2.300000	1390.627490	0.994782
-3.481279	1.550446	2.800000	1355.030249	1.047222
-3.481744	1.517234	3.300000	1391.144702	1.001591
-3.379622	1.465211	3.200000	1333.501929	1.048760
-3.140978	1.483464	2.500000	1195.405725	0.981090
-3.064492	1.533057	2.400000	1175.089917	0.994290
-3.003166	1.552807	2.300000	1119.820825	0.946588
-2.992636	1.596150	2.800000	1116.370752	0.941994
-2.993312	1.563729	3.300000	1102.894238	0.921007
-2.903579	1.583678	3.200000	1078.596252	0.978784
-2.673194	1.594545	2.500000	995.656152	0.901394
-2.601561	1.558095	2.400000	924.415857	0.847409
-2.469004	1.566927	2.300000	878.597058	0.866403
-2.470330	1.550438	2.800000	843.885535	0.825864
-2.471098	1.564660	3.300000	879.356628	0.867155
-2.369771	1.540336	3.200000	813.859888	0.793878
-2.168678	1.531647	2.500000	707.054071	0.781401
-2.103378	1.505883	2.400000	698.862592	0.753104
-2.002063	1.512638	2.300000	662.397662	0.761281
-2.003785	1.519510	2.800000	643.606219	0.732791
-2.005046	1.533222	3.300000	655.864069	0.800627
-1.882641	1.535178	3.200000	626.939255	0.793361
-1.675495	1.526460	2.500000	536.845068	0.687244
-1.572024	1.562717	2.400000	521.574861	0.700658
-1.470870	1.553734	2.300000	488.841943	0.668585
-1.471139	1.566337	2.800000	488.624161	0.837052
-1.471499	1.523890	3.300000	466.975964	0.675000
-1.378601	1.537112	3.200000	480.796423	0.659439
-1.178535	1.543484	2.500000	423.353821	0.655791
-1.102929	1.483900	2.400000	369.351463	0.607407
-0.985042	1.546517	2.300000	363.442551	0.540136
-0.966721	1.562308	2.800000	371.617057	0.581424
-0.967232	1.545827	3.300000	366.751170	0.601403
-0.866427	1.561894	3.200000	336.202977	0.527914
-0.683794	1.525797	2.500000	316.288608	0.494196
-0.602958	1.553641	2.400000	309.351968	0.560976
-0.504012	1.577760	2.300000	294.546001	0.499781
-0.505739	1.572456	2.800000	293.197025	0.500793
-0.507245	1.566650	3.300000	279.776840	0.467000
-0.406214	1.537105	3.200000	275.315980	0.472684
-0.202762	1.553361	2.500000	261.520922	0.440500
-0.094984	1.538635	2.400000	246.262282	0.434132
0.000591	1.501613	2.300000	225.227080	0.374175
0.003760	1.566340	2.800000	244.786259	0.380983
0.001370	1.526849	3.300000	233.788574	0.373799
0.087012	1.529104	3.200000	234.988801	0.367155
0.286325	1.529053	2.500000	240.341257	0.314200
0.383929	1.497816	2.400000	224.672681	0.280218
0.485417	1.512147	2.300000	230.412183	0.280809
0.486637	1.567807	2.800000	246.494353	0.294788
0.487639	1.507314	3.300000	226.582229	0.307185
0.602670	1.563995	3.200000	239.437440	0.267506
0.801833	1.588959	2.500000	248.365048	0.252802
0.889340	1.556325	2.400000	211.010886	0.213418
0.988889	1.546891	2.300000	220.066635	0.192794
0.962098	1.502691	2.800000	194.278514	0.173298
0.925465	1.604071	3.300000	217.841216	0.186551
1.015183	1.515739	3.200000	180.989676	0.167191
1.330954	1.515998	2.400000	120.158153	0.139796
1.611119	1.500284	1.900000	226.769400	0.154004
1.916791	-0.687496	1.100000	210.067737	0.160433
1.966568	1.462183	0.700000	257.878009	0.186598
1.967113	1.397229	0.200000	282.504132	0.194525
1.948690	1.469684	-0.300000	284.695465	0.166392
1.949991	1.532264	-0.800000	250.396100	0.192814
1.950674	1.479607	-1.300000	270.820038	0.167391
1.951477	1.483975	-1.800000	258.868433	0.193607
1.914834	1.488715	-2.300000	266.851990	0.173794
1.915749	1.436015	-2.800000	258.086444	0.160398
1.877588	1.382711	-3.300000	278.659467	0.180539
2.013543	1.454091	-2.600000	312.000568	0.193402
2.201785	1.510854	-0.700000	379.520105	0.201402
2.384505	1.482646	0.000000	433.289526	0.260465
2.503968	1.519697	0.700000	491.307947	0.293308
2.467243	1.506071	0.200000	505.487756	0.259999
2.467907	1.413651	-0.300000	486.689917	0.333612
2.468138	1.456968	-0.800000	478.499146	0.267081
2.469001	1.403168	-1.300000	508.140881	0.294222
2.469099	1.427040	-1.800000	521.932275	0.266002
2.470020	1.382282	-2.300000	486.557068	0.321198
2.471333	1.444875	-2.800000	499.506250	0.314153
2.466418	1.382867	-3.300000	463.143256	0.293391
2.560218	1.440236	-2.600000	565.132715	0.320724
2.758112	1.475539	-0.700000	662.221851	0.353544
2.902283	1.442905	0.000000	740.538733	0.340104
2.983450	1.431969	0.700000	788.238452	0.419989
2.984537	1.427717	0.200000	758.584619	0.406737
2.985553	1.413527	-0.300000	774.019507	0.421597
2.986512	1.447697	-0.800000	740.716492	0.427514
2.987266	1.433162	-1.300000	777.453271	0.407001
2.987599	1.428056	-1.800000	777.988965	0.367844
2.988875	1.403074	-2.300000	768.625610	0.368203
2.977879	1.418230	-2.800000	775.401318	0.380686
2.979541	1.409855	-3.300000	762.066614	0.374841
3.078307	1.472533	-2.600000	857.530310	0.407850
3.292132	1.506234	-0.700000	910.831494	0.440031
3.403139	1.480148	0.000000	1017.636401	0.446186
3.502730	1.489205	0.700000	1072.836841	0.514311
3.471024	1.488999	0.200000	1051.364746	0.514983
3.471462	1.421088	-0.300000	1071.506567	0.461338
3.471808	1.464403	-0.800000	1075.169653	0.514990
3.464205	1.468203	-1.300000	1077.038086	0.474364
3.464963	1.455022	-1.800000	1102.415601	0.487248
3.466500	1.430226	-2.300000	1085.763721	0.487913
3.466671	1.454512	-2.800000	1071.675977	0.501815
3.468482	1.477444	-3.300000	1032.963647	0.508900
3.600320	1.493211	-2.600000	1153.472705	0.533934
3.749039	1.493087	-0.700000	1289.883911	0.573582
3.868573	1.469458	0.000000	1368.083203	0.613599
3.984105	1.427969	0.700000	1394.106812	0.600687
3.984723	1.451502	0.200000	1381.821216	0.634402
3.985440	1.456409	-0.300000	1437.270020	0.566579
3.981342	1.460627	-0.800000	1411.805176	0.607314
3.977857	1.441247	-1.300000	1443.056519	0.626454
3.959009	1.441257	-1.800000	1376.032642	0.613787
3.959979	1.503008	-2.300000	1389.975903	0.552455
3.961333	1.459171	-2.800000	1431.637085	0.573914
3.962052	1.492962	-3.300000	1398.198437	0.547803
2.365007	1.564214	-2.500000	1504.192285	0.726648
-0.859038	1.789883	-0.200000	1691.846411	0.954916
-2.479088	1.916789	1.200000	1773.327466	1.082178
-3.993374	2.025197	2.800000	1901.620923	1.233406
-3.983813	2.051616	3.300000	1878.998315	1.221061
-3.883512	2.057628	3.300000	1821.258374	1.196203
-3.682081	2.006931	2.800000	1685.646753	1.168179
-3.591592	2.052402	2.800000	1619.365454	1.114897
-3.502015	2.067799	2.800000	1586.293408	1.187553
-3.502384	2.091302	3.300000	1605.484521	1.248022
-3.402924	2.070909	3.300000	1544.897327	1.134313
-3.201404	2.034862	2.800000	1394.948853	1.094814
-3.084741	2.056602	2.800000	1332.962231	1.045277
-2.956809	2.026864	2.800000	1242.510559	1.079822
-2.957121	2.036589	3.300000	1241.148730	1.009357
-2.853366	2.056895	3.300000	1193.634595	1.029516
-2.625626	2.009151	2.800000	1095.456384	0.942334
-2.554016	2.024243	2.800000	1065.071509	1.055909
-2.464486	2.086321	2.800000	1021.612012	0.901159
-2.463603	2.067237	3.300000	1014.503162	1.067403
-2.364431	2.006498	3.300000	971.708093	0.974459
-2.203086	1.999476	2.800000	889.155548	0.947380
-2.102860	2.008268	2.800000	870.099927	0.946767
-2.003666	2.030496	2.800000	805.835706	0.908476
-2.005285	2.068787	3.300000	845.148804	0.927274
-1.905296	2.014575	3.300000	777.036383	0.838267
-1.702745	1.982494	2.800000	697.545227	0.774699
-1.601413	2.182069	2.800000	741.521355	0.848156
-1.501483	2.110572	2.800000	712.640289	0.833806
-1.501945	2.299242	3.300000	740.616497	0.835319
-1.401447	2.001006	3.300000	622.138234	0.760504
-1.201099	2.044740	2.800000	581.481589	0.738196
-1.084001	2.050572	2.800000	557.946053	0.707798
-0.984494	2.042622	2.800000	522.125249	0.708273
-0.985699	2.075161	3.300000	542.476443	0.707199
-0.886098	2.065662	3.300000	534.823940	0.702206
-0.670131	2.010233	2.800000	468.625863	0.626904
-0.548079	2.036164	2.800000	461.784641	0.618727
-0.488495	2.090652	2.800000	473.690826	0.614243
-0.474425	2.098838	3.300000	461.912675	0.627669
-0.375260	2.022502	3.300000	428.904571	0.565847
-0.186028	2.050417	2.800000	428.393313	0.552712
-0.076956	1.989488	2.800000	388.302229	0.526796
0.001112	2.020185	2.800000	393.023245	0.500456
-0.001364	2.050740	3.300000	403.035172	0.574512
0.104269	2.009145	3.300000	398.281701	0.515190
0.268382	2.079310	2.800000	439.214422	0.454378
0.369403	2.017481	2.800000	411.047221	0.440412
0.455182	2.088935	2.800000	430.868930	0.400784
0.456706	2.049463	3.300000	404.558886	0.426504
0.557482	2.045221	3.300000	411.649403	0.380210
0.789380	2.032143	2.800000	381.078854	0.328954
0.889291	2.049492	2.800000	374.165924	0.301596
0.993171	2.021675	2.800000	357.767523	0.280695
0.994293	2.056505	3.300000	367.729224	0.293000
1.072929	2.037061	3.300000	352.271402	0.282241
1.284060	2.015736	2.800000	312.374718	0.233669
1.381501	1.999038	2.800000	287.339496	0.193304
1.500121	1.994051	2.800000	260.732056	0.187212
1.500707	2.033380	3.300000	269.982086	0.192791
1.604401	2.057975	3.300000	221.561926	0.160602
1.903929	2.009377	2.700000	179.556488	0.113406
2.195470	1.977012	2.300000	281.112982	0.160008
2.391101	1.983380	1.600000	290.263293	0.140268
2.495675	1.992994	1.200000	359.510620	0.193400
2.496770	1.956021	0.700000	364.075500	0.180815
2.497558	1.980118	0.200000	375.087598	0.200989
2.498296	1.946132	-0.300000	362.731616	0.174196
2.498546	1.969952	-0.800000	349.104041	0.185725
2.498855	1.993423	-1.300000	351.285376	0.206361
2.493374	2.017151	-1.800000	345.270520	0.166608
2.493935	1.918696	-2.300000	392.251953	0.179800
2.495883	1.990516	-2.800000	341.043958	0.186753
2.473784	1.937958	-3.300000	376.443555	0.180400
2.546898	1.957343	-2.500000	400.590039	0.220412
2.803486	1.920169	-0.400000	520.476807	0.268184
2.875442	1.975034	0.400000	556.878186	0.254267
2.947297	1.951164	1.200000	595.390393	0.280797
2.947852	1.986031	0.700000	600.582434	0.285212
2.948330	1.971251	0.200000	598.602405	0.306555
2.949081	1.927177	-0.300000	627.320947	0.279654
2.950271	1.941590	-0.800000	612.416016	0.280906
2.951054	1.956213	-1.300000	583.742969	0.313615
2.933157	1.932092	-1.800000	609.970117	0.292788
2.909391	1.936625	-2.300000	601.166345	0.274196
2.910109	1.935845	-2.800000	609.093091	0.279417
2.910623	1.997903	-3.300000	601.514636	0.274002
3.009748	1.946051	-2.500000	658.778052	0.280400
3.223866	1.961619	-0.400000	784.336304	0.339380
3.351712	1.920370	0.400000	831.444592	0.351930
3.465223	1.893482	1.200000	955.719971	0.433674
3.465566	1.769559	0.700000	950.878979	0.421592
3.467885	1.952456	0.200000	896.731665	0.374390
3.467263	1.958610	-0.300000	910.085620	0.387396
3.468069	1.962134	-0.800000	910.950049	0.394610
3.468868	1.928018	-1.300000	947.772290	0.380993
3.469383	1.951498	-1.800000	953.781982	0.380280
3.470454	1.975183	-2.300000	949.358447	0.386609
3.470739	1.960389	-2.800000	909.920288	0.401295
3.471913	1.896490	-3.300000	981.638599	0.386943
3.572661	1.944852	-2.500000	1061.875757	0.440070
3.770772	2.003260	-0.400000	1117.974707	0.453818
3.885000	1.991714	0.400000	1227.072095	0.465951
3.944271	1.988906	1.200000	1274.408862	0.500040
3.944802	1.948342	0.700000	1266.378271	0.490060
3.945707	1.914183	0.200000	1254.452100	0.515058
3.890506	1.949466	-0.300000	1222.961426	0.509382
3.891186	1.963197	-0.800000	1215.950049	0.481095
3.891344	1.967407	-1.300000	1203.971851	0.468280
3.891961	1.952047	-1.800000	1213.711401	0.454415
3.888832	1.956166	-2.300000	1226.813770	0.487184
3.865051	1.957117	-2.800000	1224.624927	0.454205
3.851139	1.974984	-3.300000	1205.653369	0.466003
2.253898	2.061457	-2.400000	1310.084473	0.640199
-0.893893	2.297608	0.100000	1741.479883	0.919944
-2.438879	2.502711	1.600000	1985.691699	1.214210
-3.973360	2.560789	3.300000	2125.192261	1.401436
-3.898809	2.559480	3.400000	1990.557617	1.293292
-3.697174	2.564399	3.100000	1944.718164	1.316009
-3.597006	2.538193	3.200000	1841.279272	1.187818
-3.497786	2.539694	3.300000	1785.428760	1.187334
-3.401550	2.571085	3.400000	1735.449634	1.200407
-3.200855	2.515794	3.100000	1583.565894	1.249040
-3.090798	2.552244	3.200000	1536.112329	1.188750
-2.991740	2.542155	3.300000	1495.743457	1.209307
-2.891499	2.572233	3.400000	1453.676831	1.139123
-2.691264	2.497673	3.100000	1321.292407	1.095743
-2.592274	2.540925	3.200000	1315.680518	1.116520
-2.504073	2.489605	3.300000	1222.319141	0.994077
-2.403833	2.532363	3.400000	1180.352936	1.008535
-2.202517	2.479643	3.100000	1090.272687	1.000843
-2.102036	2.524813	3.200000	1064.671002	1.027045
-2.002561	2.576451	3.300000	1051.068896	0.940822
-1.871356	2.604181	3.400000	1031.092023	0.966407
-1.701511	2.542143	3.100000	951.029180	0.901008
-1.601026	2.547370	3.200000	908.108388	0.935393
-1.501544	2.552449	3.300000	868.943669	0.875087
-1.383494	2.538357	3.400000	848.907561	0.828214
-1.176116	2.528257	3.100000	781.313742	0.813952
-1.087581	2.559247	3.200000	767.604767	0.767306
-0.994446	2.500956	3.300000	727.958859	0.821000
-0.875217	2.550846	3.400000	728.701716	0.788611
-0.646806	2.534947	3.100000	682.529239	0.699195
-0.547619	2.564615	3.200000	683.340230	0.754350
-0.433839	2.496419	3.300000	629.385948	0.661883
-0.388659	2.482650	3.400000	630.889355	0.673742
-0.186054	2.511001	3.100000	625.212741	0.620425
-0.082742	2.486125	3.200000	591.627966	0.614002
0.000400	2.471437	3.300000	576.709720	0.612948
0.100679	2.489245	3.400000	586.251999	0.581729
0.299637	2.551159	3.100000	625.128080	0.579382
0.368158	2.488387	3.200000	586.962146	0.552399
0.468693	2.536425	3.300000	609.373222	0.513696
0.569291	2.548987	3.400000	636.970815	0.487133
0.787886	2.522581	3.100000	599.368525	0.408597
0.902989	2.532559	3.200000	580.783345	0.453612
1.003255	2.517122	3.300000	567.462753	0.354200
1.089266	2.527617	3.400000	558.175697	0.340106
1.270930	2.486398	3.100000	478.879431	0.339591
1.365829	2.521817	3.200000	508.716141	0.291729
1.481564	2.527814	3.300000	483.323059	0.266987
1.597448	2.553552	3.400000	478.526587	0.294146
1.796984	2.525016	3.100000	422.669727	0.213196
1.898116	2.556009	3.200000	384.392926	0.219581
1.979372	2.496722	3.300000	324.472937	0.179804
2.066048	2.502400	3.400000	277.626038	0.153206
2.345416	2.535588	3.000000	249.546301	0.127210
2.683410	2.527551	2.700000	342.687317	0.167000
2.880518	2.449457	2.100000	358.663733	0.153413
3.003223	2.520237	1.700000	411.216248	0.199978
3.005170	2.463795	1.200000	435.366431	0.187044
3.005460	2.507947	0.700000	430.116992	0.193202
3.006242	2.512074	0.200000	410.483997	0.159601
3.006917	2.420267	-0.300000	469.941431	0.206842
2.998697	2.482981	-0.800000	407.271655	0.173962
2.990856	2.410665	-1.300000	487.706641	0.213386
2.935175	2.454738	-1.800000	443.899414	0.193802
2.902854	2.421527	-2.300000	446.875244	0.200715
2.903646	2.440694	-2.800000	435.917200	0.186561
2.904026	2.436383	-3.300000	416.935559	0.159905
3.002303	2.424694	-2.400000	495.752185	0.240591
3.247151	2.481481	-0.100000	572.061853	0.233803
3.349765	2.522773	0.800000	670.227563	0.253013
3.486945	2.512670	1.700000	723.895972	0.254800
3.488341	2.468360	1.200000	729.118970	0.279800
3.490197	2.444665	0.700000	733.291357	0.300998
3.491420	2.459839	0.200000	762.345923	0.292601
3.488425	2.407209	-0.300000	786.441113	0.287000
3.489239	2.427106	-0.800000	790.791260	0.299228
3.465067	2.431946	-1.300000	756.261719	0.292485
3.445449	2.420611	-1.800000	751.254736	0.273404
3.446227	2.433431	-2.300000	766.067383	0.293598
3.446576	2.447751	-2.800000	698.743311	0.319592
3.447119	2.364707	-3.300000	805.026782	0.306254
3.528315	2.437722	-2.400000	801.363574	0.314102
3.783302	2.474680	-0.100000	967.761230	0.340819
3.864020	2.452641	0.800000	1016.852905	0.381176
3.965868	2.424398	1.700000	1077.031616	0.386212
3.962559	2.409995	1.200000	1139.059229	0.380402
3.920593	2.391761	0.700000	1067.509668	0.388586
3.883488	2.391446	0.200000	1091.225513	0.407285
3.884531	2.416160	-0.300000	1057.268091	0.381003
3.885408	2.439952	-0.800000	1024.273560	0.366996
3.848279	2.454408	-1.300000	1039.153491	0.387003
3.848706	2.458781	-1.800000	1012.921191	0.385790
3.849882	2.453504	-2.300000	1014.091577	0.436598
3.852097	2.468335	-2.800000	1027.948584	0.386815
3.849974	2.454723	-3.300000	960.039624	0.360990
2.310018	2.563273	-2.300000	1315.691479	0.567793
-0.841900	2.780564	0.400000	1837.562183	1.039574
-2.423668	2.896354	2.000000	2020.085718	1.235828
-3.857560	3.023524	3.500000	2306.036035	1.418087
-3.686515	3.041474	3.400000	2159.050122	1.415533
-3.587431	2.999203	3.600000	2054.916235	1.327782
-3.400530	3.005829	3.500000	1953.801294	1.368092
-3.200548	3.002497	3.400000	1839.657288	1.320720
-3.101638	3.037091	3.600000	1828.521802	1.266303
-2.901752	3.011556	3.500000	1703.909949	1.300533
-2.701201	3.034779	3.400000	1571.252435	1.249578
-2.597647	3.010543	3.600000	1503.419635	1.256271
-2.397389	3.031239	3.500000	1461.939923	1.222816
-2.201394	3.044066	3.400000	1384.043289	1.125600
-2.063082	3.138863	3.600000	1397.514091	1.125712
-1.864381	3.102063	3.500000	1258.403878	1.113691
-1.662737	3.044315	3.400000	1175.887860	0.973740
-1.601639	3.084945	3.600000	1183.639042	0.987090
-1.395572	3.035794	3.500000	1125.539410	0.940598
-1.171820	3.013552	3.400000	1031.977896	0.974506
-1.095634	3.036347	3.600000	1020.636743	0.874514
-0.884243	2.991626	3.500000	954.158379	0.846973
-0.683553	2.988117	3.400000	903.447579	0.854009
-0.602324	3.024152	3.600000	918.089444	0.829809
-0.401161	3.015930	3.500000	890.990771	0.788103
-0.199419	3.013741	3.400000	875.779384	0.773887
-0.100531	3.123144	3.600000	935.907821	0.780005
0.098478	3.063879	3.500000	894.651359	0.673837
0.301593	3.029523	3.400000	880.927419	0.625160
0.385399	3.023441	3.600000	854.856148	0.641527
0.586253	2.982696	3.500000	835.094607	0.648100
0.801897	3.005473	3.400000	834.356845	0.526916
0.902943	3.033286	3.600000	849.430235	0.534033
1.102474	3.036882	3.500000	825.086816	0.475207
1.301273	3.044805	3.400000	792.485095	0.460714
1.402207	3.052997	3.600000	789.400626	0.493399
1.598023	3.016157	3.500000	721.452429	0.346013
1.793519	3.016816	3.400000	658.278180	0.367228
1.897612	3.060284	3.600000	665.955450	0.294110
2.098764	2.988645	3.500000	571.120471	0.253600
2.283854	2.986735	3.400000	494.841046	0.220444
2.361767	3.032798	3.600000	458.302844	0.192452
2.602355	3.030873	3.500000	354.950391	0.153533
2.889581	3.010644	3.300000	269.525488	0.112643
3.183254	2.971713	3.100000	382.512549	0.153003
3.388178	2.976596	2.600000	437.520386	0.160589
3.489332	2.908559	2.200000	541.466748	0.186679
3.491280	2.910563	1.700000	553.066309	0.173591
3.459358	2.965350	1.200000	488.954297	0.193194
3.460242	2.984905	0.700000	513.797534	0.167419
3.461276	2.970217	0.200000	535.913257	0.173719
3.447510	2.936929	-0.300000	509.292358	0.206773
3.448446	2.974971	-0.800000	488.519312	0.179761
3.449952	2.950456	-1.300000	498.585327	0.173781
3.428077	2.975234	-1.800000	477.558569	0.202048
3.428963	2.937960	-2.300000	516.049634	0.187199
3.421696	2.884521	-2.800000	535.727930	0.193393
3.423107	2.957959	-3.300000	497.277393	0.199802
3.554060	2.966982	-2.300000	565.353467	0.200188
3.738544	2.992158	0.200000	693.673511	0.220422
3.852331	2.971211	1.200000	822.297607	0.245578
3.964742	3.002276	2.200000	847.588354	0.260592
3.965752	3.003558	1.700000	816.079175	0.280836
3.966758	2.950776	1.200000	898.121997	0.321311
3.962846	2.917055	0.700000	878.330566	0.299801
3.963208	2.974772	0.200000	876.966650	0.272807
3.964563	2.950093	-0.300000	883.136938	0.267253
3.965503	2.945321	-0.800000	869.989429	0.266531
3.966332	2.940338	-1.300000	867.165479	0.313594
3.966988	2.934993	-1.800000	868.555640	0.305393
3.957007	2.958377	-2.300000	885.912622	0.280598
3.957246	2.971622	-2.800000	888.520752	0.286879
3.917940	2.917441	-3.300000	929.787793	0.300287
2.316178	3.034061	-2.200000	1198.172827	0.506803
-0.912714	3.298592	0.700000	1936.999512	0.994000
-2.337601	3.368089	2.200000	2244.092480	1.279598
-3.700575	3.480060	3.700000	2442.187769	1.494507
-3.501292	3.502022	3.800000	2335.974988	1.367498
-3.201973	3.502331	3.700000	2159.441492	1.325995
-3.001271	3.547508	3.800000	2052.840405	1.306995
-2.693341	3.540155	3.700000	1957.284876	1.329400
-2.493548	3.517912	3.800000	1796.556351	1.361127
-2.200897	3.514724	3.700000	1656.972189	1.250542
-2.001866	3.524953	3.800000	1604.531796	1.103475
-1.701183	3.504662	3.700000	1486.877054	1.094207
-1.490981	3.487536	3.800000	1392.724564	1.126391
-1.201539	3.499859	3.700000	1335.487924	1.020000
-1.001842	3.538891	3.800000	1307.279913	1.001846
-0.701826	3.539082	3.700000	1284.309921	0.941006
-0.500932	3.563874	3.800000	1249.704692	0.940536
-0.200237	3.509681	3.700000	1184.717132	0.866999
-0.002056	3.530768	3.800000	1165.327236	0.759801
0.302757	3.529181	3.700000	1179.693905	0.752442
0.500694	3.504550	3.800000	1156.533154	0.740760
0.765207	3.514025	3.700000	1138.004673	0.628236
1.001473	3.499932	3.800000	1111.434338	0.626603
1.301248	3.475379	3.700000	1054.076224	0.540190
1.502335	3.534714	3.800000	1065.527185	0.467119
1.801414	3.504990	3.700000	971.012006	0.427730
2.000933	3.559313	3.800000	912.435883	0.379606
2.283533	3.494890	3.700000	798.264319	0.313397
2.465658	3.519417	3.800000	726.769562	0.273992
2.784776	3.535290	3.700000	628.780115	0.207400
3.003251	3.537356	3.800000	461.563733	0.174031
3.401529	3.515821	3.600000	321.236218	0.113792
3.663317	3.500638	3.500000	511.484497	0.153998
3.902225	3.469483	3.100000	517.326123	0.146993
4.001685	3.484224	2.700000	618.500781	0.193426
4.001963	3.520162	2.200000	584.676099	0.166556
4.003889	3.466127	1.700000	591.822021	0.173401
4.000701	3.491270	1.200000	581.575317	0.160604
3.997475	3.482025	0.700000	632.676563	0.186409
3.999433	3.492772	0.200000	581.165356	0.179188
4.000618	3.517516	-0.300000	597.076782	0.194196
4.001204	3.464570	-0.800000	631.215625	0.186894
3.999064	3.430215	-1.300000	641.058936	0.186998
3.999915	3.460420	-1.800000	629.829785	0.192815
4.000589	3.445392	-2.300000	627.640698	0.201015
4.002150	3.459350	-2.800000	657.072388	0.194679
4.003126	3.483625	-3.300000	646.446362	0.200799
2.407350	3.512092	-2.100000	1124.516504	0.540674
-0.699100	3.758044	0.900000	1990.672778	1.047406
-2.005032	3.888053	2.400000	2260.202301	1.287181
-3.201515	3.992752	4.000000	2538.691955	1.514806
-2.700843	3.995794	4.000000	2254.361491	1.483052
-2.184220	3.988581	4.000000	2048.122063	1.367898
-1.663169	3.981511	4.000000	1821.196411	1.274429
-1.192070	3.982862	4.000000	1670.489075	1.115215
-0.700922	3.986998	4.000000	1573.446978	1.051772
-0.189334	3.989967	4.000000	1526.368312	0.966706
0.301318	3.994139	4.000000	1519.808528	0.846298
0.767075	3.995917	4.000000	1477.472874	0.782102
1.300596	3.987402	4.000000	1375.873206	0.694839
1.801984	3.995846	4.000000	1300.035294	0.534515
2.301082	3.981350	4.000000	1109.898047	0.459992
2.801453	3.991090	4.000000	947.215417	0.321396
3.300802	3.994266	4.000000	603.543457	0.206318
2.040871	-11.452919	2.400000	286.890967	0.086512
