3.761030	3.914895	3.919184	304.493786	0.090431
0.446476	0.003870	0.000000	402.870869	0.127965
0.447248	0.013307	0.000000	257.765710	0.088365
0.428339	0.003930	0.000000	231.815463	0.082635
0.447993	0.008602	0.000000	149.678163	0.070643
0.446860	0.015363	0.000000	90.639837	0.104151
0.446092	0.011484	0.000000	69.075557	0.125703
0.446285	0.003635	0.000000	44.253717	0.107355
0.448556	0.013028	0.000000	52.013175	0.076006
0.446152	0.013119	0.000000	41.013626	0.096868
0.446012	0.015835	0.000000	79.592976	0.083347
0.447562	0.010929	0.000000	176.144930	0.121915
0.465065	0.013985	0.000000	179.807612	0.242997
0.447116	0.007532	0.000000	227.512536	0.103580
0.428422	0.013030	0.000000	232.805506	0.098318
0.453082	0.021593	0.000000	253.851612	0.092760
3.747161	0.245716	0.244949	1152.126938	0.743671
3.866387	0.246009	0.447214	1232.444200	0.793218
0.055606	0.031749	0.447214	29.282064	0.049578
0.052597	0.063458	0.447214	69.140704	0.027454
0.052121	0.042466	0.447214	77.106747	0.013322
0.050763	0.053001	0.447214	47.584662	0.012593
0.057842	0.080231	0.447214	50.127744	0.033707
0.058789	0.085238	0.447214	47.431616	0.038158
0.059778	0.052876	0.447214	32.025195	0.024479
0.086489	0.066965	0.447214	21.922105	0.036968
0.085168	0.060209	0.447214	87.987689	0.036269
0.085407	0.025547	0.447214	112.819971	0.034747
0.074269	0.044995	0.447214	75.857020	0.044757
0.073257	0.042756	0.447214	48.125669	0.029970
0.073142	0.040502	0.447214	54.952914	0.020591
0.112407	0.074427	0.447214	84.909912	0.013813
0.182543	0.044330	3.515679	221.142972	0.061257
0.334236	0.040669	3.674235	202.497998	0.068134
0.244458	0.032987	0.244949	243.158158	0.084040
0.244947	0.016721	0.200000	146.324398	0.064348
0.315706	0.035566	0.200000	96.878883	0.065155
0.184574	0.014682	0.200000	79.760709	0.053778
0.198728	0.063866	0.200000	122.202338	0.083314
0.245021	0.013956	0.200000	120.426492	0.048351
0.212545	0.073803	0.200000	87.182397	0.106184
0.244653	0.047213	0.200000	29.914257	0.036399
0.244799	0.033740	0.200000	71.341679	0.024031
0.245324	0.012120	0.200000	38.316296	0.084459
0.278180	0.050249	0.200000	45.562123	0.126238
0.226436	0.054406	0.200000	40.220906	0.046491
0.246140	0.088007	0.200000	57.182662	0.050614
0.244939	0.021385	0.200000	49.622372	0.088900
0.244946	0.074289	0.200000	72.691980	0.071575
0.244474	0.063293	0.200000	81.191733	0.068934
0.233246	0.048939	0.200000	58.932330	0.063629
0.262644	0.037460	0.200000	82.262828	0.077948
0.232614	0.037001	0.200000	92.297429	0.065341
0.245006	0.047893	0.200000	114.020335	0.053175
0.293779	0.075782	0.200000	88.305492	0.111720
0.240850	0.036956	0.200000	112.848309	0.062486
0.230618	0.040391	0.200000	101.356053	0.132215
0.259907	0.038361	0.200000	141.964371	0.143876
0.245061	0.088517	0.200000	193.219800	0.141785
0.245270	0.012472	0.200000	190.682465	0.108537
0.282080	0.065323	0.200000	170.553368	0.147803
0.244637	0.008706	0.200000	226.326775	0.141754
0.232310	0.010632	0.200000	158.026881	0.067963
3.885981	0.260761	0.374166	967.122156	0.793794
3.898625	0.270220	0.678233	962.405001	0.610808
0.056225	0.096521	0.447214	22.832654	0.025789
0.055105	0.029781	0.447214	26.847114	0.000742
0.054300	0.050250	0.447214	32.750530	0.031106
0.052102	0.061001	0.447214	84.071775	0.016609
0.047891	0.035123	0.447214	46.392114	0.033156
0.059608	0.080746	0.447214	51.857378	0.021526
0.062870	0.040909	0.447214	34.375141	0.052284
0.062874	0.043534	0.447214	66.721525	0.053350
0.063460	0.091945	0.447214	78.537909	0.046498
0.061882	0.041156	0.447214	47.061356	0.030206
0.069452	0.040279	0.447214	44.939291	0.013482
0.069899	0.084325	0.447214	93.346565	0.049809
0.128546	0.083288	0.447214	101.535146	0.071315
0.203952	0.062005	3.271085	129.226768	0.029774
0.203778	0.104613	3.271085	119.329762	0.045078
0.001460	0.091141	0.447214	29.490483	0.000875
0.001426	0.044038	0.447214	50.014492	0.034079
0.001394	0.041355	0.447214	43.519989	0.013174
0.011298	0.043238	0.447214	102.179333	0.052429
0.036005	0.041575	0.447214	56.093227	0.021338
0.073143	0.096173	0.447214	87.152356	0.021285
0.090209	0.084761	0.447214	78.476423	0.024810
0.090649	0.071439	0.447214	101.159227	0.025581
0.091114	0.040766	0.447214	54.173267	0.020856
0.087724	0.051948	0.447214	105.116931	0.039723
0.139342	0.253465	0.447214	108.396147	0.044457
0.205069	0.059613	0.447214	186.165782	0.061899
0.186422	0.093500	2.675818	221.653521	0.068176
0.316137	0.042096	3.310589	198.145224	0.079793
0.365768	0.049945	2.856571	190.869554	0.091655
0.228082	0.040301	0.374166	160.363031	0.064635
0.197179	0.036921	0.447214	124.561332	0.067992
0.233419	0.040329	0.374166	78.608474	0.045153
0.199630	0.086259	0.374166	139.907301	0.035797
0.201225	0.018795	0.447214	42.337936	0.042709
0.245426	0.056972	0.374166	59.453807	0.102971
0.221803	0.065851	0.374166	75.129219	0.129967
0.193907	0.052486	0.447214	67.420765	0.044224
0.215265	0.058325	0.374166	79.880320	0.065264
0.199517	0.057453	0.374166	49.859073	0.104018
0.200387	0.048327	0.447214	29.341916	0.045341
0.244893	0.065936	0.374166	6.998686	0.024312
0.198912	0.016311	0.374166	13.346878	0.085058
0.201037	0.050510	0.447214	37.675890	0.052610
0.247411	0.027825	0.374166	19.577382	0.054859
0.198436	0.038999	0.374166	20.937841	0.038194
0.200566	0.065027	0.447214	51.026028	0.054934
0.245657	0.084403	0.374166	41.043033	0.096489
0.200331	0.041996	0.374166	41.013207	0.032891
0.202057	0.039971	0.447214	58.337286	0.081972
0.250178	0.069441	0.374166	58.413533	0.085585
0.208078	0.049930	0.374166	29.122413	0.082458
0.199312	0.032249	0.447214	59.609912	0.048698
0.243798	0.038530	0.374166	66.207427	0.127237
0.198887	0.038714	0.374166	45.977596	0.117730
0.201062	0.029523	0.447214	96.005170	0.035992
0.244996	0.049183	0.374166	93.636476	0.076488
0.195885	0.059263	0.374166	97.617061	0.112022
0.228973	0.051379	0.447214	103.726652	0.043434
0.245500	0.056148	0.374166	120.783083	0.054095
0.201144	0.047700	0.374166	100.608441	0.111944
0.202993	0.006615	0.447214	125.389039	0.025584
0.243281	0.046916	0.374166	168.680391	0.071201
0.188748	0.069355	0.374166	92.439295	0.072291
0.216626	0.020593	0.447214	139.837366	0.128055
0.256499	0.021412	0.374166	188.496273	0.146051
0.200277	0.044859	0.374166	101.800516	0.165037
0.208188	0.050134	0.447214	113.522369	0.073852
0.309163	0.102515	0.374166	216.160839	0.071628
0.227184	0.066952	0.374166	190.499295	0.110386
3.181189	0.221141	0.583095	606.854580	0.520797
3.848290	0.244425	0.734847	632.865686	0.555011
3.115122	0.212952	0.860233	496.426901	0.454801
0.056429	0.081071	0.509902	106.321941	0.062352
0.055815	0.056952	0.509902	79.824784	0.023948
0.056069	0.076188	0.509902	69.706293	0.046041
0.056593	0.040812	0.509902	74.973529	0.082535
0.056847	0.044224	0.509902	63.643730	0.025294
0.064945	0.028225	0.509902	64.808720	0.036512
0.064471	0.042507	0.509902	92.600051	0.039664
0.058329	0.042167	0.509902	89.427537	0.064781
0.057355	0.049947	0.509902	72.691458	0.074518
0.058113	0.035063	0.509902	65.342175	0.096855
0.058348	0.156178	0.509902	111.313465	0.181181
0.192243	0.046493	2.477902	126.857574	0.049706
0.225931	0.054718	2.989983	123.311784	0.069286
0.156049	0.052190	2.420744	123.957917	0.049844
0.000465	0.019335	0.509902	46.886288	0.042704
0.001811	0.043697	0.509902	15.148992	0.039698
0.001598	0.052968	0.509902	51.870444	0.074195
0.001712	0.095613	0.509902	85.219616	0.032407
0.001662	0.082979	0.509902	60.884988	0.050335
0.055438	0.051955	0.509902	28.945736	0.024623
0.084297	0.073165	0.509902	88.086481	0.069399
0.085372	0.064175	0.509902	83.039613	0.032051
0.085602	0.053179	0.509902	101.267226	0.032830
0.085836	0.065288	0.509902	116.799141	0.045769
0.086188	0.046512	0.509902	75.763431	0.033738
0.189097	0.063122	2.477902	103.680826	0.033822
0.168560	0.060861	2.989983	122.497000	0.016925
0.124363	0.014083	2.420744	76.913672	0.040219
0.001959	0.056728	0.509902	26.148195	0.013934
0.001639	0.044402	0.509902	35.266936	0.024885
0.001841	0.049472	0.509902	36.316204	0.048249
0.001875	0.062076	0.509902	49.909445	0.016152
0.003494	0.067768	0.509902	29.121894	0.038479
0.012063	0.053341	0.509902	32.480138	0.013556
0.012240	0.049913	0.509902	30.583194	0.034402
0.026315	0.049180	0.509902	32.674162	0.032779
0.026899	0.060056	0.509902	49.097798	0.033751
0.027106	0.049119	0.509902	35.361678	0.020893
0.027785	0.041741	0.509902	34.016355	0.021220
0.200975	0.044347	2.477902	175.908177	0.070996
0.380157	0.091863	3.065942	226.390499	0.100091
0.407424	0.021751	2.657066	148.263931	0.070375
0.165623	0.014902	0.374166	729.924038	0.184459
0.022127	0.044892	0.509902	51.452131	0.036711
0.200437	0.068548	0.583095	81.523899	0.074134
0.247494	0.020105	0.583095	116.959236	0.089892
0.201721	0.044858	0.509902	63.298237	0.068437
0.001870	0.049396	0.509902	27.325568	0.026141
0.201111	0.003681	0.583095	46.069987	0.049583
0.245929	0.018716	0.583095	62.322902	0.080115
0.201735	0.057349	0.509902	29.754504	0.077060
0.000872	0.037637	0.509902	16.635916	0.038665
0.200892	0.037417	0.583095	21.778667	0.046652
0.260373	0.061924	0.583095	42.449933	0.075738
0.210116	0.106841	0.509902	67.070774	0.109815
0.024641	0.040938	0.509902	20.130083	0.041781
0.195210	0.032510	0.583095	14.409779	0.097360
0.244441	0.015593	0.583095	16.710571	0.047562
0.200797	0.037016	0.509902	16.980388	0.093450
0.001318	0.035514	0.509902	16.785197	0.049075
0.201717	0.014024	0.583095	32.083108	0.045543
0.228367	0.049843	0.583095	19.002578	0.088662
0.193247	0.044287	0.509902	34.535651	0.111655
0.053162	0.061096	0.509902	31.529598	0.105258
0.198775	0.042974	0.583095	30.342570	0.074705
0.244865	0.046277	0.583095	48.045333	0.124136
0.198985	0.048730	0.509902	44.749494	0.068503
0.006401	0.055140	0.509902	33.854715	0.085088
0.227119	0.040167	0.583095	40.905905	0.122460
0.291766	0.075064	0.583095	63.380415	0.130822
0.270223	0.046269	0.509902	48.415592	0.133835
0.001569	0.070161	0.509902	32.951568	0.063873
0.202482	0.074699	0.583095	71.692667	0.096857
0.243378	0.063828	0.583095	91.844053	0.118726
0.192976	0.032945	0.509902	86.979297	0.116414
0.035771	0.040832	0.509902	30.926344	0.051257
0.198849	0.043691	0.583095	84.399480	0.087772
0.243386	0.074585	0.583095	93.102448	0.098633
0.199130	0.033470	0.509902	120.990632	0.082083
0.000736	0.100673	0.509902	51.595215	0.098054
0.199059	0.066670	0.583095	122.368585	0.182318
0.243543	0.079465	0.583095	139.788198	0.215775
0.199694	0.056190	0.509902	101.000727	0.193915
0.007360	0.051396	0.509902	68.561290	0.200329
0.213036	0.042969	0.583095	127.094845	0.064489
0.248440	0.061051	0.583095	127.086939	0.121241
0.206945	0.092113	0.509902	104.274556	0.083348
0.001131	0.048930	0.509902	43.861267	0.061416
0.199119	0.049349	0.583095	142.193047	0.050759
0.244301	0.008484	0.583095	218.100190	0.108720
0.199766	0.037226	0.509902	171.739097	0.076187
0.075256	0.044687	0.509902	37.042051	0.070914
3.164798	0.213437	0.748331	422.111968	0.355426
3.875507	0.269120	0.969536	482.772349	0.440012
3.126447	0.223212	1.048809	306.030622	0.307560
0.001075	0.040688	0.509902	34.413363	0.042122
0.001104	0.053332	0.509902	62.459849	0.025280
0.001175	0.055407	0.509902	44.842367	0.044252
0.001275	0.048135	0.509902	48.705153	0.061294
0.016434	0.063059	0.509902	47.936984	0.029564
0.014794	0.041029	0.509902	57.759347	0.025616
0.047976	0.014612	0.509902	50.074642	0.025331
0.047943	0.073064	0.509902	61.098806	0.058232
0.065317	0.038515	0.509902	46.854504	0.053409
0.065508	0.041155	0.509902	63.375226	0.057766
0.180435	0.084315	2.280351	151.776158	0.068129
0.216195	0.072873	2.745906	148.593581	0.077885
0.209602	0.026711	2.222611	116.317113	0.032430
0.015128	0.066766	0.509902	91.457454	0.024851
0.015105	0.014098	0.509902	44.239140	0.026440
0.014538	0.082990	0.509902	49.343232	0.033682
0.014503	0.046940	0.509902	34.785433	0.046057
0.014660	0.072872	0.509902	57.188504	0.025147
0.013628	0.085018	0.509902	65.056193	0.049148
0.013031	0.075163	0.509902	48.184534	0.034684
0.013066	0.072258	0.509902	67.191218	0.039361
0.012229	0.089986	0.509902	31.929076	0.029557
0.038426	0.069911	0.509902	55.098676	0.044590
0.195911	0.090140	2.280351	148.413271	0.087048
0.283076	0.049184	2.745906	128.676253	0.059262
0.226396	0.050081	2.222611	125.908382	0.038794
0.071139	0.054301	0.509902	35.987104	0.049342
0.071668	0.059331	0.509902	48.953100	0.026538
0.117028	0.062479	0.509902	31.653201	0.042399
0.116669	0.015505	0.509902	64.121073	0.027530
0.117058	0.049099	0.509902	60.877679	0.021250
0.116636	0.015124	0.509902	51.166027	0.015693
0.116888	0.062302	0.509902	67.790774	0.039464
0.114210	0.093372	0.509902	74.349769	0.025404
0.163382	0.060773	0.509902	70.390415	0.054467
0.163519	0.040608	0.509902	64.703176	0.049626
0.250519	0.017583	2.280351	88.142239	0.031927
0.205126	0.051740	2.745906	111.683114	0.061474
0.167076	0.075088	2.222611	67.716290	0.077646
0.079546	0.044600	0.509902	50.449396	0.025582
0.079596	0.047023	0.509902	61.154705	0.021225
0.079838	0.052312	0.509902	44.659735	0.026316
0.079995	0.005164	0.509902	56.177728	0.029771
0.095667	0.045158	0.509902	76.329313	0.013621
0.094990	0.050920	0.509902	53.739778	0.025035
0.094073	0.048329	0.509902	32.271651	0.034866
0.115732	0.038407	0.509902	56.943549	0.031769
0.114967	0.039645	0.509902	53.004006	0.044827
0.114682	0.059877	0.509902	85.182180	0.013442
0.191739	0.061822	2.280351	148.359921	0.064867
0.341805	0.043309	2.821347	147.459384	0.074695
0.338438	0.046272	2.457641	95.030318	0.087716
0.199295	0.040762	0.374166	115.773395	0.069519
0.002391	0.037687	0.509902	12.774840	0.027177
0.071215	0.068203	0.509902	35.168367	0.020248
0.194967	0.036243	0.748331	44.040878	0.058438
0.245515	0.052277	0.812404	65.990081	0.075228
0.142856	0.043791	0.678233	50.355159	0.027280
0.001515	0.063885	0.509902	30.338941	0.020328
0.001367	0.045385	0.509902	22.327213	0.022191
0.201372	0.070155	0.748331	22.470128	0.024268
0.245873	0.049920	0.812404	15.688293	0.113734
0.243753	0.056157	0.678233	14.165942	0.090949
0.079626	0.041288	0.509902	14.751119	0.039894
0.080987	0.046461	0.509902	17.108877	0.068015
0.183027	0.069225	0.748331	17.869136	0.050894
0.212176	0.053930	0.812404	23.455102	0.065687
0.201698	0.023477	0.678233	8.003272	0.072554
0.000803	0.049529	0.509902	18.530207	0.030987
0.001180	0.042568	0.509902	16.746783	0.037321
0.201405	0.049164	0.748331	17.702556	0.066313
0.245496	0.056092	0.812404	14.761873	0.069731
0.200800	0.033981	0.678233	34.333488	0.070570
0.002461	0.045290	0.509902	23.500572	0.048272
0.002535	0.044602	0.509902	25.084658	0.043177
0.198176	0.034667	0.748331	49.724276	0.061568
0.242084	0.031484	0.812404	65.116366	0.093366
0.230207	0.003103	0.678233	43.533797	0.138270
0.004886	0.049939	0.509902	28.903400	0.077850
0.033394	0.077573	0.509902	36.175451	0.042712
0.213622	0.091568	0.748331	26.680381	0.032872
0.263500	0.058270	0.812404	83.936149	0.060354
0.229673	0.054922	0.678233	40.726209	0.118061
0.069886	0.054852	0.509902	35.828806	0.052370
0.070502	0.038976	0.509902	54.372665	0.106587
0.226557	0.044241	0.748331	77.235325	0.045035
0.256440	0.041829	0.812404	86.168352	0.069771
0.270682	0.063812	0.678233	65.223306	0.089798
0.035425	0.074406	0.509902	35.760713	0.043240
0.035931	0.004687	0.509902	21.976391	0.035204
0.210601	0.038391	0.748331	85.776456	0.087723
0.267720	0.043613	0.812404	116.213344	0.068786
0.197373	0.047930	0.678233	84.400497	0.086968
0.043850	0.045522	0.509902	44.097512	0.090060
0.044555	0.042368	0.509902	37.271060	0.031906
0.200874	0.052811	0.748331	104.798878	0.067985
0.244201	0.008302	0.812404	172.339234	0.138719
0.199177	0.018859	0.678233	112.430447	0.109733
0.001712	0.003844	0.509902	24.435312	0.058416
0.001266	0.048512	0.509902	33.520025	0.072517
0.199041	0.037183	0.748331	131.223728	0.050476
0.254855	0.072644	0.812404	164.276174	0.069768
0.195846	0.034296	0.678233	138.190057	0.095750
0.004327	0.066273	0.509902	64.746048	0.068498
0.004187	0.047056	0.509902	20.631580	0.061129
0.198762	0.077583	0.748331	101.262738	0.044534
0.242404	0.065208	0.812404	206.969063	0.100998
0.195930	0.031537	0.678233	149.115691	0.078378
0.092137	0.073291	0.509902	69.474121	0.166984
0.092464	0.043259	0.509902	145.208627	0.289021
3.165319	0.245524	0.927362	336.818731	0.341136
3.829099	0.365827	1.208305	276.141585	0.413383
3.127196	0.227605	1.240967	252.071674	0.271916
0.002003	0.055099	0.509902	70.766819	0.027628
0.001717	0.074937	0.509902	84.029185	0.028350
0.003141	0.005494	0.509902	41.639677	0.051301
0.002516	0.037445	0.509902	55.014811	0.045490
0.001942	0.080601	0.509902	51.788878	0.031084
0.049051	0.053020	0.509902	49.004156	0.026025
0.048987	0.039061	0.509902	47.761409	0.044068
0.049103	0.077892	0.509902	101.740690	0.047701
0.049156	0.045263	0.509902	58.726752	0.074954
0.202866	0.050477	2.083267	109.893297	0.025357
0.248334	0.050866	2.501999	133.771265	0.026345
0.202371	0.033061	2.024846	139.566946	0.058251
0.001751	0.083664	0.509902	69.349694	0.069268
0.001372	0.080034	0.509902	35.371252	0.027339
0.038943	0.051779	0.509902	21.153223	0.015929
0.039003	0.040537	0.509902	43.423108	0.051401
0.037599	0.052921	0.509902	72.758993	0.024003
0.036367	0.038994	0.509902	84.786205	0.094762
0.036539	0.067722	0.509902	53.030209	0.032494
0.036601	0.084056	0.509902	24.681612	0.020643
0.035847	0.036753	0.509902	48.594132	0.021871
0.204140	0.033036	2.083267	109.279948	0.060252
0.252819	0.079317	2.501999	122.875886	0.029293
0.201551	0.065320	2.024846	130.169713	0.140523
0.020565	0.091572	0.509902	22.635303	0.023676
0.020603	0.065852	0.509902	17.391744	0.027336
0.025455	0.042455	0.509902	45.027224	0.014183
0.025624	0.052677	0.509902	14.463998	0.025225
0.025748	0.051167	0.509902	54.279290	0.034172
0.025264	0.061942	0.509902	25.374420	0.016682
0.067818	0.060862	0.509902	58.180377	0.039156
0.067842	0.046794	0.509902	28.331596	0.330218
0.067781	0.082597	0.509902	36.873857	0.013637
0.197493	0.062431	2.083267	98.145613	0.043699
0.228290	0.050570	2.501999	113.434282	0.071498
0.155948	0.040240	2.024846	94.088719	0.085118
0.067986	0.093045	0.509902	16.598661	0.029911
0.069574	0.091288	0.509902	42.531803	0.016539
0.069761	0.045473	0.509902	68.771940	0.062659
0.069802	0.054651	0.509902	70.454521	0.035339
0.070010	0.058592	0.509902	52.639280	0.058068
0.070240	0.012044	0.509902	70.246806	0.024912
0.071506	0.044340	0.509902	30.242145	0.035214
0.071336	0.011909	0.509902	39.526823	0.021596
0.070951	0.065349	0.509902	55.078229	0.034396
0.188719	0.030707	2.083267	64.110031	0.045657
0.214915	0.032043	2.501999	95.390326	0.038797
0.134822	0.054025	2.024846	43.056786	0.016775
0.001921	0.013255	0.509902	34.324055	0.036335
0.078793	0.066221	0.509902	35.058243	0.020574
0.079102	0.056049	0.509902	42.643678	0.025347
0.079722	0.079096	0.509902	21.951923	0.025415
0.080065	0.017547	0.509902	40.625399	0.057723
0.080402	0.046463	0.509902	47.558819	0.033376
0.080852	0.085300	0.509902	41.529141	0.013729
0.080804	0.082608	0.509902	39.543172	0.025071
0.088411	0.054613	0.509902	32.870320	0.034712
0.205543	0.064911	2.083267	111.694508	0.087924
0.347912	0.019867	2.576820	118.330548	0.088069
0.350422	0.107104	2.258318	86.094524	0.080806
0.199583	0.035571	0.374166	80.938122	0.071127
0.001060	0.068422	0.509902	27.361226	0.024005
0.009006	0.043661	0.509902	28.208997	0.025139
0.008822	0.081974	0.509902	22.065869	0.016648
0.203440	0.019441	0.927362	25.073723	0.051909
0.273717	0.050548	1.048809	13.276792	0.065430
0.224870	0.051174	0.860233	35.409199	0.036690
0.059537	0.037057	0.509902	12.666657	0.016241
0.059644	0.065952	0.509902	17.842746	0.032537
0.059727	0.041034	0.509902	15.178578	0.062289
0.196613	0.057796	0.927362	11.602268	0.061549
0.247828	0.085250	1.048809	23.597194	0.065000
0.200382	0.051145	0.860233	15.822808	0.046284
0.001447	0.041228	0.509902	12.863897	0.025822
0.007526	0.039052	0.509902	11.197476	0.040325
0.001496	0.045511	0.509902	13.128922	0.040261
0.199463	0.036554	0.927362	18.158144	0.069714
0.235684	0.067168	1.048809	38.520038	0.088179
0.195123	0.028405	0.860233	21.316974	0.042397
0.030763	0.046487	0.509902	14.214623	0.091491
0.031089	0.054846	0.509902	18.824271	0.100180
0.032223	0.010510	0.509902	8.091571	0.036130
0.207438	0.031545	0.927362	56.713027	0.042261
0.245157	0.039180	1.048809	62.443682	0.078258
0.268243	0.080718	0.860233	59.470426	0.044651
0.002599	0.072524	0.509902	30.249523	0.055492
0.070710	0.062732	0.509902	5.842290	0.052320
0.094143	0.065099	0.509902	34.110025	0.101753
0.246923	0.050751	0.927362	59.053184	0.074169
0.326077	0.017805	1.048809	105.939654	0.106961
0.277991	0.065063	0.860233	79.320940	0.109047
0.111776	0.040329	0.509902	20.852259	0.045059
0.111027	0.038743	0.509902	35.521298	0.046713
0.103050	0.038873	0.509902	40.963315	0.049967
0.265742	0.037074	0.927362	90.418527	0.014115
0.322858	0.040393	1.048809	128.915619	0.090895
0.198035	0.046157	0.860233	79.597212	0.050793
0.001603	0.039855	0.509902	31.001379	0.049560
0.009307	0.038447	0.509902	32.754671	0.042320
0.009109	0.048628	0.509902	30.293792	0.083433
0.200192	0.037029	0.927362	80.676452	0.076558
0.272540	0.035578	1.048809	125.340372	0.120612
0.237323	0.070570	0.860233	124.594332	0.080907
0.000655	0.031270	0.509902	28.836867	0.085396
0.001621	0.064893	0.509902	28.623367	0.043211
0.009023	0.033087	0.509902	38.641236	0.040997
0.214660	0.074841	0.927362	116.016210	0.067581
0.266204	0.025434	1.048809	183.777008	0.091529
0.239957	0.024786	0.860233	123.854200	0.072331
0.019067	0.059924	0.509902	57.608793	0.047554
0.018835	0.045248	0.509902	55.890458	0.056031
0.018717	0.047960	0.509902	31.221217	0.155167
0.200923	0.051525	0.927362	125.441232	0.098623
0.248204	0.042645	1.048809	171.125732	0.152114
0.199151	0.042756	0.860233	149.020496	0.110635
0.032183	0.043100	0.509902	35.801262	0.095364
0.032633	0.040623	0.509902	60.235370	0.120069
0.032712	0.078485	0.509902	44.383234	0.095957
0.208467	0.035129	0.927362	169.133788	0.096813
0.250249	0.010022	1.048809	241.089329	0.106345
0.192868	0.045532	0.860233	142.740753	0.075586
0.093489	0.046044	0.509902	22.402936	0.047040
0.119754	0.071311	0.509902	102.825443	0.078238
0.119423	0.042375	0.509902	53.472128	0.076672
3.156876	0.233055	1.113553	159.994461	0.202306
3.875452	0.256080	1.449138	103.680995	0.263072
3.126846	0.224324	1.435270	93.230161	0.229291
0.002753	0.058646	0.509902	48.750096	0.080427
0.002667	0.053712	0.509902	22.693693	0.033621
0.003084	0.050602	0.509902	32.511824	0.060004
0.003232	0.084319	0.509902	42.768536	0.063632
0.003280	0.044012	0.509902	27.663801	0.061760
0.061155	0.049985	0.509902	34.361208	0.048177
0.060622	0.048454	0.509902	53.347061	0.088235
0.059638	0.041612	0.509902	79.986282	0.069366
0.192395	0.044881	1.886796	151.503313	0.032748
0.201606	0.052915	2.258318	136.127748	0.061306
0.181893	0.054744	1.827567	120.527490	0.040150
0.010306	0.084947	0.509902	36.847816	0.025412
0.076374	0.059711	0.509902	66.868470	0.141633
0.076276	0.041575	0.509902	44.221056	0.024801
0.074308	0.052518	0.509902	86.364393	0.056903
0.074485	0.010004	0.509902	74.240312	0.080142
0.074108	0.048801	0.509902	83.498772	0.052560
0.074543	0.130159	0.509902	86.507314	0.070671
0.074661	0.058640	0.509902	66.752549	0.054089
0.195816	0.050691	1.886796	113.069084	0.080041
0.158260	0.032960	2.258318	100.546590	0.052981
0.061616	0.054594	1.827567	49.883647	0.037528
0.007996	0.048988	0.509902	21.706260	0.038773
0.008041	0.057120	0.509902	26.595079	0.040023
0.007715	0.083720	0.509902	21.764253	0.033186
0.006768	0.054931	0.509902	64.053215	0.036907
0.007127	0.060365	0.509902	36.870873	0.045721
0.074144	0.032731	0.509902	30.283267	0.015092
0.074800	0.068089	0.509902	62.043763	0.026781
0.074617	0.058214	0.509902	65.980408	0.045071
0.197840	0.024456	1.886796	109.508573	0.068862
0.246764	0.039044	2.258318	118.497696	0.033741
0.199348	0.043852	1.827567	94.550404	0.034467
0.011604	0.040564	0.509902	26.790162	0.029950
0.011285	0.059575	0.509902	21.468287	0.055377
0.011168	0.047664	0.509902	23.731337	0.038627
0.011056	0.009996	0.509902	31.888934	0.071239
0.011247	0.051810	0.509902	48.031870	0.035428
0.011228	0.049968	0.509902	28.391483	0.027085
0.011955	0.071414	0.509902	32.736054	0.024933
0.011748	0.032474	0.509902	32.173404	0.038863
0.199146	0.062986	1.886796	87.152600	0.057208
0.208204	0.091163	2.258318	93.202187	0.065518
0.123690	0.062894	1.827567	57.689235	0.025430
0.062445	0.087970	0.509902	8.158412	0.027397
0.063159	0.052018	0.509902	24.788567	0.028837
0.062599	0.049702	0.509902	37.189173	0.036400
0.062745	0.062651	0.509902	35.926674	0.049521
0.063062	0.062643	0.509902	51.094876	0.024671
0.061521	0.093004	0.509902	54.498003	0.012833
0.058920	0.027734	0.509902	46.262738	0.039390
0.059045	0.035910	0.509902	41.606671	0.026619
0.230377	0.089227	1.886796	77.244994	0.046141
0.236757	0.025642	2.258318	64.809242	0.046374
0.196408	0.102167	1.827567	42.989206	0.013360
0.055984	0.087550	0.509902	18.452706	0.032948
0.055883	0.096716	0.509902	25.691543	0.029282
0.055954	0.013911	0.509902	39.834603	0.015707
0.055318	0.068064	0.509902	33.318014	0.025501
0.055257	0.056718	0.509902	20.061800	0.032758
0.055406	0.084297	0.509902	24.734567	0.012694
0.054162	0.072064	0.509902	20.367533	0.034751
0.054357	0.042968	0.509902	26.327613	0.029163
0.192015	0.059126	1.886796	81.358056	0.080863
0.369144	0.015730	2.332381	75.475089	0.084502
0.390930	0.064845	2.059126	65.258384	0.088212
0.193982	0.038237	0.374166	49.739165	0.097049
0.067934	0.019234	0.509902	11.913106	0.070710
0.067262	0.041464	0.509902	14.468635	0.046333
0.067562	0.068218	0.509902	15.272625	0.026930
0.067970	0.062903	0.509902	20.168210	0.026027
0.197052	0.035262	1.113553	14.891100	0.077147
0.247323	0.028741	1.288410	7.923815	0.076629
0.199756	0.048617	1.048809	6.637118	0.074558
0.001448	0.041329	0.509902	11.907115	0.029229
0.003942	0.046808	0.509902	9.651243	0.056022
0.007057	0.070471	0.509902	11.719151	0.025165
0.001440	0.051203	0.509902	10.584996	0.043792
0.199885	0.047491	1.113553	15.792502	0.033850
0.244571	0.045560	1.288410	22.704718	0.108041
0.201225	0.034782	1.048809	24.362691	0.047664
0.031129	0.062904	0.509902	15.509224	0.044033
0.031824	0.078234	0.509902	20.679627	0.050748
0.052401	0.039449	0.509902	4.641186	0.038879
0.053263	0.061195	0.509902	19.951692	0.049804
0.221912	0.069009	1.113553	45.967731	0.062224
0.291228	0.045126	1.288410	51.785746	0.114120
0.228807	0.028898	1.048809	38.525930	0.057926
0.068345	0.035789	0.509902	12.763886	0.045049
0.069199	0.056498	0.509902	24.816880	0.052539
0.069365	0.077389	0.509902	25.146301	0.045706
0.069415	0.033041	0.509902	13.174750	0.041750
0.225506	0.032056	1.113553	59.229648	0.044610
0.290811	0.048450	1.288410	90.810892	0.110724
0.267747	0.053982	1.048809	78.153475	0.089079
0.002078	0.055116	0.509902	23.455174	0.078743
0.002662	0.034924	0.509902	24.730329	0.116678
0.040606	0.046282	0.509902	18.933344	0.016950
0.040704	0.006285	0.509902	23.467600	0.059546
0.211080	0.036474	1.113553	73.914195	0.046540
0.268036	0.054448	1.288410	102.044460	0.054394
0.237957	0.039615	1.048809	92.008698	0.057397
0.002531	0.046448	0.509902	23.936966	0.064065
0.002579	0.056120	0.509902	20.463496	0.068193
0.033787	0.048042	0.509902	12.875785	0.098823
0.033838	0.004648	0.509902	33.307036	0.052261
0.220344	0.047701	1.113553	110.144869	0.069060
0.264927	0.040766	1.288410	110.246669	0.053583
0.231764	0.040462	1.048809	130.191518	0.143472
0.000736	0.072070	0.509902	43.498365	0.066551
0.001346	0.038191	0.509902	20.614258	0.045507
0.001308	0.072535	0.509902	27.764985	0.086622
0.001615	0.072495	0.509902	45.354457	0.069840
0.198803	0.072610	1.113553	125.041810	0.076588
0.243162	0.046002	1.288410	153.682630	0.067266
0.192138	0.037008	1.048809	136.726825	0.039808
0.076745	0.037007	0.509902	43.287870	0.038318
0.076970	0.038386	0.509902	48.581750	0.096645
0.077481	0.077148	0.509902	51.472441	0.024545
0.076611	0.041088	0.509902	50.137606	0.032878
0.228916	0.039466	1.113553	142.465944	0.121002
0.276221	0.004222	1.288410	201.134641	0.138953
0.215883	0.085005	1.048809	119.008206	0.218671
0.086372	0.033645	0.509902	42.589471	0.041973
0.142409	0.046089	0.509902	81.476697	0.082985
0.142386	0.056101	0.509902	86.235890	0.032895
0.159276	0.067392	0.509902	102.136808	0.056563
0.300749	0.049669	1.113553	162.414918	0.056929
0.348617	0.080239	1.288410	265.331066	0.106800
0.197856	0.010815	1.048809	144.691625	0.050614
0.010132	0.101027	0.509902	36.649056	0.078163
0.008941	0.035447	0.509902	23.246213	0.045458
0.008466	0.066319	0.509902	68.007208	0.154218
0.008276	0.045477	0.509902	52.809028	0.045957
3.191680	0.219717	1.303840	84.159331	0.186602
3.909931	0.309296	1.691153	136.394033	0.232720
3.198128	0.327808	1.630951	103.212142	0.260445
0.019792	0.073393	0.509902	43.975736	0.052459
0.020145	0.067342	0.509902	52.405806	0.074591
0.020369	0.046771	0.509902	13.027478	0.061026
0.020381	0.042397	0.509902	44.742970	0.055710
0.020489	0.047163	0.509902	13.262278	0.064651
0.020695	0.017922	0.509902	60.276195	0.055911
0.057228	0.076388	0.509902	12.279024	0.065671
0.193799	0.057276	1.691153	149.528080	0.054433
0.244270	0.068857	2.014944	156.583262	0.062470
0.196770	0.047035	1.630951	133.428394	0.055397
0.076155	0.056929	0.509902	49.368597	0.040001
0.076290	0.039163	0.509902	68.636623	0.064252
0.076173	0.050270	0.509902	76.968699	0.049732
0.085018	0.051984	0.509902	48.980051	0.034011
0.084188	0.062617	0.509902	60.889226	0.025520
0.099700	0.050040	0.509902	80.602805	0.038525
0.099353	0.012050	0.509902	67.022788	0.038447
0.162994	0.065751	1.691153	119.596055	0.045439
0.155570	0.032713	2.014944	73.191909	0.069804
0.097000	0.050430	1.630951	84.188432	0.037887
0.000977	0.024468	0.509902	38.299912	0.044605
0.001783	0.081117	0.509902	38.770717	0.068170
0.058142	0.045532	0.509902	23.951184	0.045136
0.082053	0.044685	0.509902	76.411369	0.048116
0.082129	0.063818	0.509902	84.943350	0.074357
0.082177	0.081942	0.509902	69.695726	0.089530
0.120243	0.058946	0.509902	70.081429	0.066036
0.191689	0.048823	1.691153	107.351085	0.055234
0.210938	0.069224	2.014944	85.408461	0.057547
0.202843	0.096423	1.630951	99.161254	0.054262
0.038820	0.050714	0.509902	20.139689	0.026186
0.077024	0.043606	0.509902	24.892553	0.072320
0.077738	0.055762	0.509902	33.847337	0.035608
0.077819	0.050481	0.509902	59.667629	0.071563
0.079307	0.068848	0.509902	64.851929	0.047535
0.079433	0.040558	0.509902	56.419427	0.045597
0.079406	0.040130	0.509902	33.358082	0.064378
0.198417	0.042014	1.691153	75.311814	0.045769
0.248622	0.042598	2.014944	108.752380	0.077301
0.202106	0.041817	1.630951	76.694656	0.020582
0.002398	0.048627	0.509902	37.129157	0.025127
0.002541	0.075988	0.509902	42.598311	0.065089
0.063954	0.090709	0.509902	35.534518	0.029546
0.063595	0.090279	0.509902	33.241048	0.038713
0.064316	0.066655	0.509902	54.188047	0.026333
0.064543	0.092024	0.509902	15.996575	0.024920
0.064073	0.069917	0.509902	31.552628	0.024677
0.198446	0.056047	1.691153	69.237926	0.050003
0.248676	0.021342	2.014944	63.043989	0.058661
0.141685	0.092785	1.630951	68.545030	0.037257
0.045998	0.088056	0.509902	21.670550	0.016502
0.063879	0.071580	0.509902	29.821081	0.061221
0.064049	0.057423	0.509902	40.505627	0.034332
0.091078	0.070802	0.509902	13.125061	0.025231
0.091506	0.063885	0.509902	31.999461	0.026708
0.091973	0.075815	0.509902	42.310673	0.027242
0.091904	0.065409	0.509902	35.573139	0.025219
0.199599	0.068491	1.691153	74.411081	0.063987
0.205445	0.016584	2.014944	59.250783	0.045133
0.117238	0.054063	1.630951	28.816405	0.025291
0.051470	0.045628	0.509902	15.637566	0.036507
0.052298	0.045617	0.509902	15.948172	0.024744
0.051989	0.038022	0.509902	19.257065	0.034037
0.051754	0.045868	0.509902	21.359632	0.032181
0.111637	0.078242	0.509902	23.345092	0.039437
0.111822	0.052572	0.509902	26.121146	0.039148
0.111855	0.039075	0.509902	28.900921	0.034452
0.191990	0.042223	1.691153	50.416406	0.074789
0.360404	0.007053	2.088061	40.335761	0.077082
0.402308	0.015711	1.860108	40.063104	0.080877
0.125905	0.015633	0.374166	4.604073	0.057449
0.001462	0.054312	0.509902	7.953597	0.024495
0.001181	0.045074	0.509902	5.771497	0.021207
0.004752	0.061023	0.509902	5.568299	0.013804
0.005532	0.069807	0.509902	7.405511	0.015987
0.003190	0.054234	0.509902	6.046164	0.029778
0.202632	0.043319	1.303840	17.683878	0.094880
0.245935	0.096821	1.529706	28.678789	0.058117
0.198474	0.031810	1.240967	20.105565	0.052694
0.004738	0.056475	0.509902	7.824687	0.029959
0.005186	0.040575	0.509902	8.817712	0.078521
0.004194	0.065671	0.509902	8.153761	0.026536
0.003986	0.068108	0.509902	16.242387	0.030686
0.004276	0.041473	0.509902	2.784504	0.038490
0.208010	0.057291	1.303840	35.059739	0.056681
0.245762	0.036469	1.529706	51.431877	0.076737
0.228950	0.057475	1.240967	48.171850	0.063377
0.150983	0.042060	0.509902	21.433574	0.042662
0.150749	0.049221	0.509902	38.589186	0.057546
0.149472	0.006689	0.509902	38.488714	0.024876
0.149947	0.036764	0.509902	33.712456	0.044877
0.149844	0.042464	0.509902	37.614835	0.057297
0.167875	0.035210	1.303840	40.594507	0.038637
0.231216	0.033195	1.529706	75.838524	0.069039
0.193679	0.050393	1.240967	53.134927	0.079762
0.027059	0.079873	0.509902	27.637892	0.039908
0.026206	0.023852	0.509902	15.167448	0.025142
0.026411	0.059483	0.509902	24.422457	0.027048
0.026148	0.058915	0.509902	22.921229	0.042455
0.025787	0.037287	0.509902	16.750540	0.049512
0.198462	0.039179	1.303840	58.728613	0.081837
0.246000	0.033672	1.529706	111.439641	0.077838
0.207090	0.041259	1.240967	99.523597	0.095219
0.008700	0.003864	0.509902	21.121337	0.047599
0.008950	0.010205	0.509902	31.522337	0.065537
0.009341	0.068390	0.509902	33.001573	0.048171
0.009353	0.044888	0.509902	26.541939	0.064593
0.013435	0.080137	0.509902	20.722483	0.063929
0.200766	0.051534	1.303840	81.686095	0.062468
0.255544	0.065471	1.529706	137.201962	0.103517
0.207183	0.068578	1.240967	105.340206	0.032594
0.074587	0.027030	0.509902	5.518831	0.034220
0.074580	0.038067	0.509902	59.106612	0.097393
0.074927	0.054713	0.509902	58.124595	0.071923
0.075678	0.071272	0.509902	43.709139	0.045443
0.075236	0.037749	0.509902	55.895704	0.032845
0.231451	0.074596	1.303840	137.873344	0.060484
0.301810	0.077101	1.529706	155.198307	0.100193
0.196591	0.050491	1.240967	127.673763	0.040588
0.000938	0.038024	0.509902	54.895201	0.054187
0.055334	0.043920	0.509902	33.037782	0.073939
0.052017	0.021753	0.509902	31.177154	0.057660
0.052279	0.073755	0.509902	17.617523	0.070182
0.050006	0.057912	0.509902	48.278249	0.025961
0.221296	0.050472	1.303840	166.992810	0.040097
0.246945	0.053398	1.529706	168.101315	0.080201
0.191679	0.078895	1.240967	119.644617	0.048043
0.072387	0.065104	0.509902	36.302313	0.089787
0.073399	0.042910	0.509902	78.892848	0.089888
0.073570	0.040488	0.509902	88.143114	0.068690
0.073906	0.041847	0.509902	49.593236	0.076977
0.086529	0.077825	0.509902	81.760412	0.045698
0.252366	0.040407	1.303840	181.404587	0.054618
0.299194	0.040850	1.529706	234.748637	0.094238
0.280075	0.053726	1.240967	172.105407	0.050104
0.076692	0.066793	0.509902	59.911135	0.131162
0.092725	0.034846	0.509902	53.657484	0.051844
0.091625	0.044615	0.509902	91.934812	0.041542
0.091874	0.036253	0.509902	80.624858	0.097590
0.091951	0.047329	0.509902	72.636944	0.050160
3.165415	0.217027	1.496663	76.143393	0.213393
3.876124	0.263295	1.933908	56.976836	0.073467
3.128972	0.193612	1.827567	35.596503	0.123222
0.002685	0.047843	0.509902	41.002764	0.064583
0.003575	0.049157	0.509902	75.119464	0.104271
0.003525	0.070905	0.509902	68.603680	0.095642
0.002454	0.073621	0.509902	50.249518	0.054002
0.002382	0.035689	0.509902	74.035425	0.037631
0.002840	0.052952	0.509902	51.030808	0.039815
0.203351	0.058412	1.496663	129.959342	0.055644
0.248480	0.019287	1.772005	158.453208	0.085854
0.202223	0.018182	1.435270	127.665113	0.054189
0.001095	0.058416	0.509902	56.967301	0.046311
0.008317	0.034779	0.509902	54.110121	0.061967
0.008369	0.004933	0.509902	45.802143	0.039087
0.008590	0.005709	0.509902	60.848156	0.056951
0.008713	0.049966	0.509902	45.938129	0.085779
0.008338	0.034763	0.509902	46.583361	0.060092
0.201961	0.044334	1.496663	141.421512	0.086410
0.247211	0.054786	1.772005	120.916225	0.082377
0.202141	0.053426	1.435270	124.394266	0.081984
0.002066	0.052023	0.509902	39.457544	0.025685
0.002078	0.034916	0.509902	40.175665	0.033837
0.021619	0.051451	0.509902	25.998394	0.046371
0.021366	0.056495	0.509902	67.510406	0.050380
0.021123	0.079680	0.509902	43.095680	0.045335
0.083887	0.051816	0.509902	50.777755	0.044970
0.197819	0.042456	1.496663	107.191854	0.076489
0.217526	0.100248	1.772005	102.252016	0.045070
0.202964	0.045510	1.435270	110.847330	0.065862
0.038299	0.074687	0.509902	23.072168	0.037386
0.037876	0.061110	0.509902	57.836291	0.048932
0.061584	0.010250	0.509902	15.143179	0.040107
0.061420	0.021258	0.509902	47.020129	0.034021
0.062006	0.069564	0.509902	41.601568	0.032520
0.072469	0.040889	0.509902	62.380925	0.071351
0.172990	0.031816	1.496663	70.405847	0.057271
0.132472	0.088577	1.772005	92.224100	0.061538
0.116209	0.045494	1.435270	41.701549	0.035149
0.058627	0.086252	0.509902	44.306446	0.053307
0.074641	0.076932	0.509902	22.771750	0.038806
0.075438	0.072441	0.509902	32.444305	0.024988
0.075669	0.055452	0.509902	41.156733	0.034607
0.101616	0.063404	0.509902	48.216089	0.056867
0.101131	0.052677	0.509902	42.489753	0.032977
0.187422	0.051513	1.496663	70.518151	0.045007
0.200988	0.069356	1.772005	65.823896	0.029331
0.202128	0.075953	1.435270	72.752115	0.050678
0.002805	0.050056	0.509902	15.815759	0.032764
0.002255	0.036797	0.509902	16.105351	0.038304
0.051677	0.041890	0.509902	0.981348	0.049084
0.051386	0.071921	0.509902	22.672992	0.025369
0.049789	0.059343	0.509902	23.764483	0.071766
0.050049	0.045080	0.509902	14.193765	0.050613
0.192206	0.021145	1.496663	52.710075	0.039500
0.245199	0.050595	1.772005	59.580658	0.037745
0.200842	0.058402	1.435270	40.015392	0.049384
0.001395	0.081916	0.509902	10.390857	0.042149
0.076189	0.045987	0.509902	16.168890	0.067408
0.154620	0.043536	0.509902	24.648944	0.026360
0.154736	0.050519	0.509902	33.933259	0.048864
0.147309	0.060905	0.509902	29.907056	0.036547
0.147549	0.050566	0.509902	28.921630	0.074266
0.205599	0.017711	1.496663	35.598249	0.044424
0.187964	0.088813	1.772005	28.866778	0.063991
0.048181	0.064307	1.435270	8.790634	0.013443
0.004226	0.053060	0.509902	11.440344	0.026809
0.004958	0.061151	0.509902	6.832559	0.045361
0.028626	0.064054	0.509902	5.333907	0.028659
0.055009	0.028007	0.509902	5.871853	0.043587
0.055541	0.091401	0.509902	3.442259	0.033609
0.056148	0.040592	0.509902	10.015530	0.026445
0.197554	0.060983	1.496663	21.369631	0.079900
0.312230	0.019891	1.843909	21.111603	0.068476
0.379691	0.017004	1.661325	20.050814	0.074193
0.135286	0.060180	0.374166	14.329590	0.038352
0.002779	0.040663	0.509902	6.844121	0.025099
0.002747	0.045743	0.509902	6.595625	0.027268
0.002587	0.093330	0.509902	5.831891	0.032808
0.002612	0.065663	0.509902	8.619392	0.038522
0.070255	0.035357	0.509902	9.619012	0.031956
0.090831	0.060607	0.509902	10.540983	0.027080
0.235076	0.048730	1.496663	40.203062	0.091710
0.304547	0.047027	1.772005	54.056551	0.046255
0.196777	0.058434	1.435270	36.426137	0.080624
0.003498	0.035572	0.509902	12.741988	0.024056
0.004487	0.071876	0.509902	5.893223	0.034030
0.004332	0.058885	0.509902	29.737348	0.044698
0.004418	0.064847	0.509902	15.579486	0.031533
0.004392	0.080887	0.509902	10.590685	0.034138
0.007518	0.073490	0.509902	18.071097	0.035983
0.197410	0.015430	1.496663	55.708992	0.058623
0.245540	0.088693	1.772005	62.949324	0.068329
0.202105	0.070863	1.435270	52.763917	0.054881
0.001197	0.042136	0.509902	16.239244	0.034373
0.001435	0.067313	0.509902	16.434585	0.074013
0.001242	0.046875	0.509902	29.518494	0.026585
0.001722	0.056095	0.509902	23.562266	0.093487
0.072081	0.038645	0.509902	19.240638	0.022186
0.072595	0.059097	0.509902	32.260724	0.027496
0.220629	0.037412	1.496663	86.060296	0.056880
0.288062	0.043926	1.772005	104.566927	0.071036
0.248917	0.044666	1.435270	104.547859	0.116419
0.070646	0.088440	0.509902	32.133025	0.047786
0.070818	0.056526	0.509902	40.869086	0.032768
0.065959	0.045526	0.509902	30.030973	0.069404
0.066123	0.038691	0.509902	56.684244	0.064790
0.066332	0.051471	0.509902	41.782351	0.033686
0.067022	0.051463	0.509902	25.985679	0.077308
0.242324	0.037939	1.496663	103.496368	0.099830
0.285484	0.038653	1.772005	133.161505	0.077177
0.236117	0.005089	1.435270	107.473346	0.117297
0.078849	0.073191	0.509902	27.915432	0.050636
0.082099	0.045715	0.509902	65.323342	0.058548
0.085848	0.046791	0.509902	57.917767	0.073215
0.093308	0.040865	0.509902	51.500269	0.064031
0.094131	0.071227	0.509902	78.757915	0.065874
0.089450	0.029807	0.509902	26.090101	0.043641
0.224067	0.076645	1.496663	129.375195	0.111504
0.315198	0.036037	1.772005	161.794069	0.117204
0.281046	0.055137	1.435270	169.086730	0.031948
0.035058	0.038827	0.509902	46.993081	0.080945
0.076592	0.042350	0.509902	35.905327	0.066657
0.076962	0.004211	0.509902	58.713960	0.054652
0.076554	0.072796	0.509902	78.207687	0.067160
0.079636	0.037693	0.509902	80.762546	0.064741
0.096068	0.098474	0.509902	34.126505	0.063139
0.240845	0.078633	1.496663	124.330217	0.061480
0.241415	0.063862	1.772005	175.852821	0.079801
0.196699	0.041523	1.435270	129.955393	0.064038
0.002920	0.033747	0.509902	48.704517	0.027210
0.002809	0.033959	0.509902	45.708022	0.102644
0.066902	0.064338	0.509902	59.392556	0.096658
0.066629	0.056313	0.509902	80.051731	0.434762
0.065723	0.041550	0.509902	76.548851	0.116410
0.065655	0.036695	0.509902	64.710687	0.242719
0.227929	0.050172	1.496663	161.808282	0.079490
0.326347	0.050597	1.772005	217.398599	0.133184
0.261368	0.049109	1.435270	164.336137	0.118867
0.002253	0.008791	0.509902	52.262876	0.110892
0.008344	0.041092	0.509902	52.021909	0.049789
0.007677	0.040164	0.509902	27.979705	0.113067
0.007815	0.044094	0.509902	64.108421	0.048628
0.007483	0.039890	0.509902	47.639765	0.041772
0.007521	0.050533	0.509902	50.643410	0.054984
3.201479	0.213811	1.691153	55.122165	0.105794
3.923234	0.342269	2.177154	72.871460	0.081193
3.204529	0.221841	2.024846	54.973813	0.065454
0.002394	0.080015	0.509902	29.427126	0.444853
0.002279	0.049756	0.509902	24.200230	0.071398
0.058269	0.039164	0.509902	27.962589	0.065217
0.058502	0.050079	0.509902	76.684573	0.070675
0.083210	0.063414	0.509902	45.700343	0.013756
0.196809	0.049687	1.303840	101.308932	0.052115
0.249530	0.036990	1.529706	114.881819	0.101092
0.201873	0.046068	1.240967	149.490407	0.082294
0.047797	0.051260	0.509902	40.717249	0.073867
0.047500	0.074985	0.509902	50.797043	0.070813
0.080224	0.048871	0.509902	42.422645	0.033235
0.120380	0.047144	0.509902	59.363369	0.050316
0.120744	0.072888	0.509902	59.016123	0.060791
0.215092	0.008220	1.303840	105.412493	0.064513
0.247211	0.078045	1.529706	127.825293	0.042022
0.201599	0.006809	1.240967	115.164326	0.085733
0.001887	0.057459	0.509902	60.808018	0.057771
0.002141	0.036295	0.509902	52.437508	0.043513
0.073454	0.048113	0.509902	48.798389	0.060172
0.073906	0.046772	0.509902	46.953095	0.034185
0.071707	0.047813	0.509902	41.571147	0.039070
0.176948	0.023311	1.303840	109.541001	0.071737
0.204742	0.046265	1.529706	93.146897	0.060802
0.166546	0.080910	1.240967	95.873357	0.036374
0.053112	0.046056	0.509902	21.344738	0.102088
0.053542	0.097035	0.509902	39.114867	0.066415
0.053204	0.053325	0.509902	36.671028	0.044066
0.052169	0.060500	0.509902	28.537568	0.065042
0.049476	0.043898	0.509902	64.915878	0.065271
0.189821	0.057615	1.303840	76.394114	0.080637
0.186643	0.035465	1.529706	84.014234	0.028906
0.180223	0.032581	1.240967	70.017675	0.033815
0.001233	0.034796	0.509902	13.191637	0.036493
0.001428	0.042175	0.509902	31.743933	0.056733
0.002528	0.103038	0.509902	18.178099	0.050993
0.002307	0.046003	0.509902	30.570646	0.086497
0.027015	0.049980	0.509902	30.374913	0.017222
0.198104	0.085878	1.303840	83.590055	0.068862
0.234539	0.053335	1.529706	61.787681	0.027517
0.176665	0.050295	1.240967	55.310602	0.023728
0.001500	0.045626	0.509902	23.349822	0.055961
0.001659	0.070140	0.509902	29.066606	0.122048
0.001581	0.004912	0.509902	19.174378	0.050355
0.013794	0.045006	0.509902	24.084619	0.039621
0.014443	0.014523	0.509902	24.614630	0.035229
0.198488	0.065032	1.303840	57.922158	0.045607
0.218595	0.041013	1.529706	52.578474	0.032118
0.201849	0.048786	1.240967	53.064429	0.038362
0.017064	0.050761	0.509902	19.073721	0.024186
0.036506	0.064588	0.509902	15.940352	0.027063
0.036882	0.059549	0.509902	11.286058	0.052194
0.036187	0.100668	0.509902	11.852603	0.033361
0.036455	0.061469	0.509902	18.105206	0.042228
0.198576	0.370622	1.303840	95.374498	0.090479
0.237854	0.072318	1.529706	35.346068	0.033375
0.202386	0.004475	1.240967	25.617396	0.024306
0.065192	0.064916	0.509902	8.896930	0.037608
0.065803	0.054154	0.509902	14.995622	0.053728
0.066072	0.013728	0.509902	13.410405	0.044900
0.064315	0.042750	0.509902	9.398863	0.027634
0.007694	0.084522	0.509902	25.430215	0.050759
0.201998	0.034080	1.303840	19.989886	0.050401
0.212843	0.036785	1.529706	21.260963	0.113506
0.138863	0.071893	1.240967	10.889276	0.024528
0.001293	0.036805	0.509902	4.531629	0.025732
0.001237	0.049630	0.509902	5.260681	0.016234
0.001701	0.058517	0.509902	8.112999	0.025548
0.005465	0.046807	0.509902	5.014333	0.027405
0.001232	0.044816	0.509902	4.828124	0.013318
0.201127	0.037142	1.303840	14.142559	0.108040
0.373587	0.030846	1.600000	41.024378	0.095818
0.400248	0.108537	1.462874	57.069045	0.071257
0.199452	0.047755	0.374166	49.365066	0.069605
0.002140	0.045923	0.509902	11.798238	0.019948
0.001925	0.048152	0.509902	17.955344	0.036151
0.001694	0.044011	0.509902	12.925257	0.034389
0.001815	0.039550	0.509902	7.509067	0.012722
0.003175	0.042776	0.509902	17.018247	0.025030
0.003164	0.074956	0.509902	20.192658	0.031840
0.072186	0.066602	0.509902	12.357869	0.013701
0.156461	0.056230	1.691153	36.897037	0.029536
0.230433	0.061035	2.014944	60.681516	0.025512
0.196530	0.047817	1.630951	63.630114	0.058516
0.043423	0.040981	0.509902	24.933121	0.027804
0.043210	0.033725	0.509902	28.567777	0.039697
0.042100	0.068987	0.509902	25.611663	0.037527
0.042620	0.020496	0.509902	19.007835	0.035985
0.039530	0.039339	0.509902	30.853283	0.033727
0.038546	0.048467	0.509902	19.647987	0.024323
0.064951	0.069328	0.509902	20.808494	0.032751
0.235417	0.041218	1.691153	77.350740	0.025534
0.309822	0.092243	2.014944	133.791140	0.122127
0.231970	0.033900	1.630951	94.636309	0.058202
0.036112	0.056931	0.509902	35.067074	0.054531
0.044135	0.036634	0.509902	27.206068	0.061270
0.044162	0.049385	0.509902	45.132931	0.034016
0.060371	0.050044	0.509902	26.134524	0.102783
0.060495	0.039450	0.509902	35.442014	0.024513
0.060543	0.047270	0.509902	48.356665	0.082266
0.060577	0.039040	0.509902	29.481223	0.027175
0.240933	0.049315	1.691153	106.846083	0.106529
0.284791	0.074015	2.014944	119.501547	0.056103
0.225755	0.062027	1.630951	116.559390	0.069088
0.036031	0.044481	0.509902	21.204493	0.044970
0.035290	0.045437	0.509902	48.856169	0.037990
0.035452	0.040000	0.509902	55.285417	0.013564
0.035541	0.061101	0.509902	53.179477	0.013684
0.035697	0.055209	0.509902	32.671454	0.037881
0.035304	0.049689	0.509902	19.835067	0.068934
0.034900	0.069021	0.509902	36.144694	0.028085
0.232815	0.050465	1.691153	114.284004	0.088463
0.247368	0.043682	2.014944	166.491077	0.094075
0.196017	0.072318	1.630951	115.964425	0.054429
0.002875	0.072373	0.509902	38.696672	0.034274
0.031659	0.050408	0.509902	30.522305	0.072549
0.031059	0.053232	0.509902	52.241394	0.099501
0.030963	0.034886	0.509902	38.664335	0.054747
0.034645	0.034497	0.509902	49.524443	0.044673
0.034415	0.026635	0.509902	78.747095	0.076871
0.033533	0.042493	0.509902	50.551125	0.039041
0.212489	0.059392	1.691153	80.157611	0.017463
0.273989	0.055295	2.014944	174.682093	0.112440
0.226360	0.062783	1.630951	179.937672	0.150664
0.001406	0.034982	0.509902	56.198702	0.100241
0.037700	0.052716	0.509902	36.158181	0.078363
0.041549	0.004905	0.509902	68.030755	0.035872
0.101339	0.055681	0.509902	81.809166	0.076099
0.101958	0.032823	0.509902	55.259085	0.112414
0.101905	0.074321	0.509902	93.822210	0.027048
0.104601	0.038077	0.509902	95.568795	0.047898
0.270779	0.021465	1.691153	201.147912	0.075136
0.323324	0.055643	2.014944	241.622506	0.082625
0.263496	0.036118	1.630951	201.409695	0.122074
0.075456	0.086075	0.509902	44.644554	0.066112
0.112896	0.074276	0.509902	95.319260	0.050684
0.111360	0.035415	0.509902	133.839137	0.050922
0.109734	0.039846	0.509902	111.953039	0.068553
0.110316	0.032176	0.509902	92.016180	0.081420
0.099202	0.050801	0.509902	106.946494	0.085728
0.099276	0.068873	0.509902	75.368138	0.107316
3.165898	0.249124	1.886796	95.669864	0.171210
3.832395	0.254307	2.420744	135.198105	0.232659
3.075035	0.269869	2.222611	89.023931	0.088835
0.073536	0.047188	0.509902	89.373602	0.064550
0.094981	0.071655	0.509902	62.261917	0.038676
0.125927	0.064242	0.509902	130.264469	0.081011
0.124470	0.049464	0.509902	99.875505	0.056727
0.197519	0.080322	1.113553	109.310640	0.068197
0.152909	0.049069	1.288410	76.607636	0.099059
0.152436	0.035039	1.048809	101.663304	0.056581
0.001515	0.056065	0.509902	89.372659	0.045480
0.079790	0.045612	0.509902	30.271901	0.085151
0.095762	0.045795	0.509902	55.222613	0.106210
0.095465	0.005267	0.509902	75.353493	0.025887
0.185361	0.034068	1.113553	101.789885	0.126214
0.210355	0.033899	1.288410	137.907519	0.068297
0.137461	0.060372	1.048809	57.987906	0.073876
0.025086	0.025184	0.509902	53.713189	0.059444
0.025503	0.063496	0.509902	47.012352	0.053928
0.092124	0.056685	0.509902	43.417194	0.069643
0.091675	0.036192	0.509902	63.328601	0.038018
0.177625	0.066063	1.113553	109.493457	0.089024
0.218679	0.053743	1.288410	107.170636	0.048878
0.159962	0.037138	1.048809	86.884663	0.059736
0.044508	0.087843	0.509902	63.419790	0.038168
0.044653	0.068387	0.509902	41.248968	0.047590
0.044962	0.040969	0.509902	51.214232	0.098711
0.044866	0.044613	0.509902	31.796484	0.051335
0.204895	0.048950	1.113553	96.268399	0.068532
0.248149	0.048835	1.288410	81.313259	0.092600
0.161767	0.069100	1.048809	62.898918	0.070672
0.002106	0.053300	0.509902	31.030347	0.028394
0.002174	0.060098	0.509902	19.900981	0.065892
0.002130	0.060598	0.509902	31.127045	0.038880
0.002267	0.049848	0.509902	19.006546	0.073195
0.202293	0.050659	1.113553	81.085927	0.057695
0.247632	0.046225	1.288410	95.657548	0.044171
0.200493	0.038988	1.048809	76.736110	0.052501
0.002198	0.079228	0.509902	30.856559	0.024702
0.002202	0.073072	0.509902	20.717504	0.087638
0.046867	0.054412	0.509902	28.569370	0.039027
0.047015	0.053919	0.509902	21.298454	0.033590
0.195291	0.058193	1.113553	72.573270	0.083354
0.217003	0.109817	1.288410	29.879914	0.038770
0.203374	0.036010	1.048809	45.538853	0.071825
0.012189	0.019126	0.509902	24.685426	0.029137
0.012432	0.146935	0.509902	25.441357	0.026113
0.012634	0.170808	0.509902	28.511220	0.015671
0.011071	0.148468	0.509902	35.567114	0.047523
0.197183	0.108321	1.113553	54.889378	0.108661
0.271961	0.093585	1.288410	50.410246	0.088534
0.238956	0.142406	1.048809	72.683948	0.102942
0.073976	0.067490	0.509902	21.866509	0.061993
0.074672	0.050751	0.509902	14.165547	0.042633
0.075019	0.056312	0.509902	8.742123	0.038868
0.076393	0.089047	0.509902	20.159091	0.043261
0.199212	0.064777	1.113553	27.668161	0.064367
0.222482	0.010273	1.288410	16.133842	0.022135
0.206195	0.083571	1.048809	27.286348	0.069621
0.013171	0.093637	0.509902	16.614449	0.033511
0.017978	0.069416	0.509902	17.767026	0.037364
0.004779	0.096939	0.509902	18.108466	0.048511
0.005121	0.054847	0.509902	11.030219	0.047287
0.197711	0.052834	1.113553	9.674722	0.068222
0.227469	0.022306	1.288410	6.764220	0.030152
0.194488	0.032006	1.048809	12.353061	0.033780
0.083189	0.074253	0.509902	10.715939	0.064529
0.080200	0.043703	0.509902	15.065737	0.034205
0.079837	0.026860	0.509902	7.815780	0.025143
0.080473	0.033064	0.509902	7.137768	0.040654
0.244067	0.068645	1.113553	51.643525	0.092363
0.416578	0.020689	1.356466	85.566073	0.088017
0.459283	0.053545	1.264911	81.160102	0.077621
0.203767	0.040056	0.374166	82.370098	0.075149
0.001561	0.020178	0.509902	28.689048	0.033146
0.001469	0.048759	0.509902	17.635925	0.025192
0.005384	0.072539	0.509902	12.012251	0.026862
0.005450	0.044445	0.509902	22.405762	0.016524
0.006098	0.069436	0.509902	31.351520	0.034129
0.006332	0.049450	0.509902	30.003620	0.049959
0.006861	0.046418	0.509902	21.183687	0.025289
0.006413	0.005897	0.509902	28.046388	0.033781
0.196873	0.079768	1.886796	65.810884	0.029528
0.240856	0.035166	2.258318	97.071964	0.055457
0.195826	0.073761	1.827567	79.134481	0.060028
0.002049	0.017608	0.509902	35.768490	0.026903
0.074235	0.073458	0.509902	20.026397	0.025255
0.149921	0.043449	0.509902	29.658756	0.026493
0.149996	0.073942	0.509902	57.597496	0.045651
0.150375	0.032027	0.509902	43.483774	0.048891
0.150641	0.046567	0.509902	58.823510	0.039000
0.150738	0.048781	0.509902	47.807353	0.044461
0.149424	0.005689	0.509902	76.373145	0.053962
0.200441	0.098289	1.886796	85.949451	0.049422
0.298143	0.094519	2.258318	95.140592	0.090291
0.203914	0.094395	1.827567	119.685248	0.061248
0.001982	0.073588	0.509902	26.083838	0.016794
0.075982	0.082539	0.509902	21.637408	0.013332
0.076014	0.080836	0.509902	51.663229	0.077189
0.076078	0.079355	0.509902	42.196991	0.032861
0.076118	0.057274	0.509902	54.535008	0.045472
0.077392	0.058076	0.509902	80.848368	0.033046
0.077151	0.040896	0.509902	67.336403	0.038240
0.075775	0.085002	0.509902	78.022854	0.056540
0.245621	0.054492	1.886796	102.605897	0.056698
0.283155	0.044146	2.258318	171.686656	0.101500
0.275741	0.046603	1.827567	168.946736	0.044825
0.074711	0.045623	0.509902	67.859169	0.031782
0.075765	0.071373	0.509902	74.831194	0.035987
0.069789	0.049203	0.509902	57.348657	0.044445
0.089400	0.037840	0.509902	55.333502	0.070818
0.089378	0.082026	0.509902	79.773066	0.033127
0.088498	0.056557	0.509902	68.250500	0.065282
0.101960	0.069635	0.509902	64.173475	0.053419
0.102055	0.078162	0.509902	91.058508	0.029712
0.260411	0.066012	1.886796	190.506926	0.088369
0.320430	0.090960	2.258318	197.349563	0.081733
0.217633	0.024135	1.827567	141.403910	0.019881
0.000974	0.035384	0.509902	73.864582	0.038463
0.001813	0.071883	0.509902	55.159341	0.065982
0.001995	0.076847	0.509902	29.175042	0.033122
0.066944	0.047943	0.509902	42.381501	0.030414
0.073726	0.060101	0.509902	41.706243	0.051688
0.073284	0.038514	0.509902	53.244404	0.062519
0.073377	0.031734	0.509902	43.182519	0.023484
0.072034	0.045989	0.509902	67.024540	0.054065
0.205486	0.067640	1.886796	151.101109	0.111237
0.277574	0.042183	2.258318	199.441638	0.055468
0.227684	0.072343	1.827567	147.692500	0.093711
0.008646	0.045745	0.509902	34.150916	0.056954
0.008658	0.053439	0.509902	25.453846	0.030605
0.008627	0.054472	0.509902	39.468714	0.085923
0.007745	0.048188	0.509902	48.010074	0.030406
0.007408	0.051385	0.509902	26.157235	0.050085
0.010049	0.048640	0.509902	71.887522	0.054327
0.036999	0.063228	0.509902	75.270256	0.045543
0.037136	0.066843	0.509902	58.336795	0.047812
3.191249	0.213935	2.083267	78.411251	0.145550
3.878861	0.280093	2.664583	111.877617	0.168160
3.127834	0.245596	2.420744	128.852672	0.148030
0.035204	0.046430	0.509902	81.039569	0.025294
0.035315	0.064718	0.509902	87.404890	0.079475
0.034041	0.081821	0.509902	113.822960	0.089041
0.195549	0.031456	0.927362	154.404302	0.145291
0.203391	0.065700	1.048809	125.058612	0.104938
0.201932	0.002744	0.860233	125.146562	0.075241
0.040699	0.034646	0.509902	40.060613	0.071314
0.040745	0.019719	0.509902	68.717208	0.034478
0.040969	0.048754	0.509902	94.407749	0.034746
0.191383	0.017345	0.927362	122.066057	0.070655
0.171045	0.034645	1.048809	101.508177	0.058718
0.123771	0.104193	0.860233	64.128375	0.032597
0.002344	0.071919	0.509902	50.710536	0.024683
0.020507	0.047785	0.509902	44.194711	0.057682
0.020693	0.036102	0.509902	39.072102	0.096594
0.201119	0.055888	0.927362	80.834788	0.057226
0.215606	0.081698	1.048809	83.175308	0.048689
0.201004	0.055101	0.860233	86.079876	0.027367
0.067720	0.045996	0.509902	11.472678	0.030199
0.068102	0.053777	0.509902	75.537913	0.037099
0.068372	0.029385	0.509902	47.115647	0.098745
0.198664	0.040126	0.927362	77.360205	0.053690
0.213264	0.061921	1.048809	70.286836	0.035349
0.202043	0.001470	0.860233	85.133561	0.054221
0.002990	0.047642	0.509902	17.004667	0.014275
0.003518	0.035393	0.509902	45.583477	0.046564
0.004734	0.048444	0.509902	33.382753	0.080066
0.247915	0.046481	0.927362	82.371147	0.094657
0.264095	0.050037	1.048809	70.781064	0.049820
0.225588	0.115042	0.860233	47.941631	0.088263
0.060616	0.033344	0.509902	23.059084	0.035325
0.060578	0.077102	0.509902	23.576724	0.456110
0.060641	0.042188	0.509902	30.730766	0.039682
0.194408	0.072452	0.927362	58.386355	0.053753
0.219855	0.069996	1.048809	61.910808	0.132463
0.200468	0.020805	0.860233	28.001920	0.049782
0.037718	0.107484	0.509902	26.431109	0.037990
0.045795	0.078221	0.509902	20.340101	0.055615
0.045922	0.007109	0.509902	21.773981	0.057504
0.187515	0.060134	0.927362	41.511512	0.056982
0.224690	0.021298	1.048809	35.470732	0.031414
0.200345	0.070923	0.860233	28.686608	0.062149
0.003241	0.055250	0.509902	16.495389	0.036737
0.003265	0.053047	0.509902	9.335295	0.056097
0.003141	0.051371	0.509902	18.035748	0.042013
0.204611	0.047090	0.927362	25.002052	0.082079
0.248320	0.056284	1.048809	23.742424	0.049870
0.205888	0.041821	0.860233	14.523129	0.064221
0.001181	0.027201	0.509902	6.714640	0.023433
0.004671	0.061241	0.509902	13.608153	0.028009
0.001682	0.044760	0.509902	10.887276	0.031338
0.169896	0.041726	0.927362	11.095636	0.054365
0.233913	0.054636	1.048809	15.223059	0.044819
0.193940	0.032560	0.860233	8.110281	0.034662
0.028531	0.076047	0.509902	21.927514	0.044924
0.029125	0.066932	0.509902	20.487563	0.024562
0.029575	0.040333	0.509902	19.976154	0.023484
0.199423	0.060623	0.927362	30.774524	0.067311
0.245731	0.071687	1.048809	15.517720	0.049154
0.192983	0.056883	0.860233	25.851113	0.061309
0.030953	0.047369	0.509902	16.155514	0.024802
0.058988	0.034257	0.509902	18.837892	0.032345
0.080886	0.080085	0.509902	22.611324	0.015625
0.164297	0.030318	0.927362	49.965325	0.060389
0.468777	0.030068	1.113553	100.831962	0.135696
0.539234	0.017634	1.067708	120.597711	0.078208
0.172115	4.410649	0.374166	112.044035	0.088234
0.073530	0.081219	0.509902	43.828016	0.025318
0.073766	0.044606	0.509902	47.992322	0.025014
0.075138	0.044778	0.509902	31.160462	0.021201
0.075439	0.008033	0.509902	36.373066	0.039250
0.074857	0.048414	0.509902	37.920948	0.029744
0.075079	0.072094	0.509902	51.700126	0.032038
0.085112	0.046092	0.509902	57.689099	0.024397
0.085226	0.088597	0.509902	61.329145	0.039172
0.145415	0.087202	0.509902	51.863727	0.045294
0.283436	0.076479	2.083267	144.687746	0.085624
0.382509	0.030550	2.501999	179.473638	0.070079
0.236778	0.071366	2.024846	77.397082	0.056509
0.002232	0.037974	0.509902	28.527467	0.053059
0.074585	0.042491	0.509902	23.792175	0.024604
0.074609	0.045648	0.509902	68.178342	0.087506
0.074660	0.057622	0.509902	63.352541	0.029197
0.074890	0.096442	0.509902	42.306010	0.053324
0.074886	0.048825	0.509902	52.788985	0.029090
0.074025	0.079781	0.509902	60.238325	0.070906
0.073498	0.061895	0.509902	66.256962	0.068783
0.084241	0.080646	0.509902	45.054238	0.038856
0.237251	0.049608	2.083267	114.293569	0.065181
0.306325	0.070401	2.501999	165.253838	0.062731
0.198800	0.067092	2.024846	94.626777	0.053313
0.036355	0.057445	0.509902	53.033278	0.058864
0.036789	0.048940	0.509902	35.439851	0.064265
0.037200	0.077438	0.509902	26.462139	0.045612
0.037482	0.056464	0.509902	72.442262	0.044750
0.037392	0.041277	0.509902	58.012611	0.057201
0.037315	0.080482	0.509902	39.412781	0.030309
0.036923	0.047852	0.509902	64.550397	0.030730
0.038748	0.040044	0.509902	45.572986	0.027451
0.039507	0.058294	0.509902	32.954893	0.040814
0.214206	0.045486	2.083267	109.499783	0.054093
0.256178	0.020760	2.501999	140.556419	0.074234
0.197981	0.026397	2.024846	127.151613	0.049708
0.001062	0.009175	0.509902	53.691467	0.066663
0.065819	0.006643	0.509902	28.221616	0.032615
0.066038	0.038272	0.509902	64.065603	0.046550
0.065989	0.055203	0.509902	40.544713	0.034931
0.062196	0.055301	0.509902	58.321889	0.050829
0.062341	0.054416	0.509902	45.629349	0.049392
0.062187	0.036831	0.509902	54.880949	0.039217
0.062179	0.063953	0.509902	60.150961	0.038156
0.061511	0.041868	0.509902	40.578643	0.024956
0.200570	0.043978	2.083267	137.402606	0.036589
0.310768	0.044848	2.501999	194.572721	0.082918
0.223840	0.040526	2.024846	161.050047	0.086702
0.036783	0.069575	0.509902	86.177657	0.047311
0.037047	0.049841	0.509902	59.737659	0.036364
0.037172	0.044467	0.509902	65.800972	0.038038
0.045710	0.074931	0.509902	58.590779	0.076427
0.043964	0.076630	0.509902	71.139965	0.094772
0.047786	0.102605	0.509902	74.931567	0.085877
0.047228	0.039378	0.509902	69.711848	0.033727
0.047380	0.060977	0.509902	68.208486	0.065087
0.047647	0.047909	0.509902	63.588428	0.050169
3.182888	0.202565	2.280351	188.202066	0.174281
3.849509	0.246552	2.908608	235.847004	0.347853
3.048449	0.191219	2.619160	243.550348	0.247748
0.021422	0.073471	0.509902	65.438672	0.056989
0.025449	0.077647	0.509902	89.610193	0.083464
0.192977	0.038353	0.748331	148.012435	0.072866
0.221864	0.017232	0.812404	156.781914	0.105236
0.181068	0.052028	0.678233	125.197002	0.077297
0.001882	0.056922	0.509902	53.080826	0.067948
0.001898	0.046412	0.509902	43.168469	0.041608
0.200625	0.055965	0.748331	118.934331	0.098271
0.244624	0.047206	0.812404	126.826217	0.069768
0.210914	0.052566	0.678233	114.316534	0.048754
0.059028	0.044797	0.509902	23.095920	0.048024
0.058862	0.055464	0.509902	84.917641	0.106820
0.186532	0.055136	0.748331	104.795331	0.115371
0.232214	0.026686	0.812404	77.425025	0.057157
0.211607	0.027467	0.678233	100.855957	0.138426
0.075927	0.064760	0.509902	56.247563	0.070684
0.080735	0.066693	0.509902	82.684070	0.121627
0.197815	0.036689	0.748331	83.384387	0.085885
0.246939	0.039480	0.812404	84.733301	0.135900
0.201490	0.040704	0.678233	114.199356	0.195480
0.001599	0.035306	0.509902	53.822126	0.034085
0.002419	0.061289	0.509902	28.806612	0.038869
0.202642	0.048125	0.748331	82.487482	0.083310
0.248221	0.042445	0.812404	69.561332	0.065502
0.201793	0.146641	0.678233	61.278249	0.069524
0.001022	0.151966	0.509902	57.578882	0.055923
0.001011	0.177562	0.509902	83.670742	0.076299
0.200713	0.039112	0.748331	26.929237	0.049123
0.245196	0.054738	0.812404	57.623743	0.076941
0.212217	0.043677	0.678233	30.591663	0.043224
0.037200	0.043621	0.509902	35.575030	0.057782
0.036675	0.059297	0.509902	33.393452	0.089003
0.196234	0.063239	0.748331	43.668689	0.063910
0.237578	0.013323	0.812404	25.861474	0.039711
0.129939	0.050817	0.678233	23.117193	0.071836
0.025970	0.050601	0.509902	22.305864	0.038894
0.033702	0.071914	0.509902	28.000610	0.068895
0.190293	0.030135	0.748331	19.863457	0.047258
0.231481	0.082374	0.812404	32.655963	0.028037
0.177380	0.010591	0.678233	10.862862	0.047345
0.001366	0.039615	0.509902	13.422930	0.037199
0.003658	0.046405	0.509902	17.366511	0.083611
0.198608	0.038240	0.748331	24.054937	0.075808
0.225234	0.097508	0.812404	31.850166	0.052886
0.194365	0.042751	0.678233	27.721055	0.081631
0.067161	0.114012	0.509902	37.056537	0.046827
0.067127	0.036284	0.509902	15.023211	0.053816
0.230258	0.040512	0.748331	20.126274	0.061006
0.261985	0.052997	0.812404	31.719499	0.082203
0.227864	0.061765	0.678233	29.469757	0.041886
0.019859	0.036961	0.509902	23.069535	0.027535
0.020566	0.049638	0.509902	19.122076	0.044633
0.216157	0.061291	0.748331	34.813792	0.070301
0.266937	0.024646	0.812404	38.882643	0.069331
0.232859	0.043030	0.678233	28.526257	0.025638
0.005987	0.042498	0.509902	21.499196	0.045940
0.006262	0.053411	0.509902	13.046481	0.025619
0.198653	0.029056	0.748331	112.503982	0.088295
0.372598	0.033104	0.871780	154.160277	0.096107
0.393335	0.030823	0.871780	154.880468	0.085595
0.205844	0.037655	0.374166	151.063470	0.074126
0.011463	0.040310	0.509902	31.149385	0.025240
0.011811	0.053003	0.509902	30.342771	0.034611
0.012101	0.047355	0.509902	16.914965	0.029522
0.011652	0.070842	0.509902	26.608660	0.024262
0.011788	0.044564	0.509902	67.442627	0.016539
0.011768	0.048027	0.509902	14.158794	0.033841
0.015307	0.041506	0.509902	36.661314	0.020432
0.014988	0.070356	0.509902	49.294114	0.034010
0.013929	0.044017	0.509902	25.758763	0.015845
0.035704	0.067813	0.509902	36.062233	0.026798
0.237848	0.065835	2.280351	98.026195	0.075429
0.241702	0.124850	2.745906	140.783502	0.036734
0.185676	0.104057	2.222611	68.651234	0.033834
0.053097	0.090226	0.509902	71.265727	0.032242
0.052962	0.058397	0.509902	39.442075	0.045486
0.052852	0.048966	0.509902	75.751373	0.067308
0.052845	0.055079	0.509902	43.724121	0.033730
0.052722	0.064495	0.509902	76.781187	0.033212
0.053397	0.053006	0.509902	74.851029	0.050215
0.063960	0.053263	0.509902	22.525747	0.043691
0.099002	0.035089	0.509902	71.560364	0.031820
0.098839	0.044364	0.509902	70.435613	0.054813
0.098491	0.017274	0.509902	87.280040	0.061330
0.259854	0.086816	2.280351	158.634131	0.050154
0.341984	0.102706	2.745906	198.487045	0.082196
0.302192	0.092161	2.222611	198.173049	0.080840
0.074947	0.051763	0.509902	68.295110	0.047690
0.075088	0.140808	0.509902	57.159935	0.053452
0.075567	0.034801	0.509902	64.286443	0.038194
0.074726	0.042540	0.509902	65.711301	0.039314
0.074958	0.034731	0.509902	64.762732	0.032995
0.075125	0.052759	0.509902	98.665808	0.057597
0.075339	0.049293	0.509902	50.929926	0.040233
0.073736	0.034375	0.509902	54.539003	0.035154
0.073792	0.054025	0.509902	69.365766	0.037259
0.073663	0.081933	0.509902	73.491020	0.044365
0.223666	0.075328	2.280351	131.583951	0.044319
0.287113	0.016812	2.745906	218.413718	0.078436
0.190114	0.013101	2.222611	147.998100	0.029192
0.114636	0.006675	0.509902	74.321246	0.047939
0.114019	0.046868	0.509902	98.093999	0.027156
0.114428	0.040327	0.509902	109.273545	0.080044
0.111011	0.045333	0.509902	93.663616	0.054598
0.111265	0.048797	0.509902	85.148257	0.037159
0.111334	0.050455	0.509902	73.354976	0.036355
0.111054	0.047203	0.509902	150.960977	0.045414
0.110048	0.049272	0.509902	96.917419	0.071067
0.124596	0.052083	0.509902	53.333140	0.043506
0.126328	0.050570	0.509902	115.084121	0.055484
3.129092	0.228171	2.477902	377.114750	0.305574
3.806725	0.264041	3.152777	551.335039	0.417081
3.126931	0.249465	2.817801	384.589435	0.407645
0.057306	0.052758	0.509902	49.757272	0.105063
0.209094	0.055109	0.583095	143.908333	0.107761
0.249035	0.075329	0.583095	121.192507	0.124186
0.202414	0.044434	0.509902	129.044417	0.068441
0.007357	0.063401	0.509902	54.250732	0.024366
0.200679	0.066488	0.583095	180.590631	0.060037
0.245167	0.047334	0.583095	124.193433	0.102891
0.205923	0.081652	0.509902	125.303063	0.146773
0.020712	0.060283	0.509902	18.588667	0.042507
0.196647	0.054981	0.583095	128.802112	0.094542
0.233737	0.039230	0.583095	85.525780	0.082030
0.179588	0.051503	0.509902	77.077349	0.064530
0.003240	0.036999	0.509902	42.919302	0.026661
0.201393	0.073400	0.583095	103.372572	0.080071
0.247115	0.040514	0.583095	95.138703	0.036808
0.199620	0.068077	0.509902	48.642150	0.061425
0.001428	0.069962	0.509902	49.877819	0.054504
0.194919	0.180474	0.583095	116.459842	0.088649
0.245964	0.048549	0.583095	44.366794	0.052083
0.200793	0.040468	0.509902	45.128274	0.098504
0.001165	0.044939	0.509902	36.215585	0.053948
0.192778	0.045981	0.583095	66.193584	0.043336
0.229813	0.032283	0.583095	46.466083	0.040166
0.191649	0.060116	0.509902	60.775907	0.050351
0.014115	0.026762	0.509902	9.452144	0.059098
0.237321	0.046096	0.583095	33.278275	0.103338
0.306315	0.049838	0.583095	50.785547	0.055602
0.250849	0.056966	0.509902	41.948543	0.039893
0.106040	0.022306	0.509902	7.055397	0.024556
0.196461	0.013024	0.583095	15.274837	0.084764
0.229806	0.041495	0.583095	27.670252	0.056781
0.173958	0.031227	0.509902	31.013658	0.063809
0.000804	0.006524	0.509902	2.954021	0.070164
0.199814	0.035653	0.583095	16.538182	0.079001
0.247779	0.074792	0.583095	27.935541	0.102481
0.195493	0.015370	0.509902	9.778940	0.085621
0.067824	0.056250	0.509902	30.632431	0.039780
0.225474	0.042672	0.583095	21.370022	0.055088
0.264006	0.034243	0.583095	19.601860	0.049880
0.198807	0.047214	0.509902	32.636792	0.056870
0.002215	0.012359	0.509902	6.546258	0.015690
0.208534	0.021901	0.583095	45.380893	0.063607
0.252279	0.036963	0.583095	63.761536	0.082009
0.222274	0.064155	0.509902	62.814091	0.043982
0.030639	0.059571	0.509902	24.856645	0.020542
0.201669	0.038014	0.583095	58.147433	0.056790
0.249293	0.053585	0.583095	71.471966	0.045057
0.205797	0.065625	0.509902	50.824511	0.061688
0.037299	0.038699	0.509902	28.210814	0.034199
0.220860	0.037344	0.583095	139.830926	0.085738
0.390366	0.066841	0.632456	175.075506	0.097910
0.431393	0.025738	0.678233	172.872398	0.096211
0.245672	0.042297	0.374166	162.230304	0.068663
0.002440	0.004163	0.509902	58.696206	0.050987
0.002052	0.043940	0.509902	65.867485	0.026737
0.002125	0.042509	0.509902	57.306576	0.024385
0.002335	0.034817	0.509902	47.168975	0.025557
0.002028	0.187061	0.509902	103.170195	0.053964
0.021775	0.043134	0.509902	56.278805	0.024719
0.040467	0.031770	0.509902	56.426135	0.026821
0.074875	0.062579	0.509902	55.128812	0.025369
0.077316	0.045588	0.509902	58.904775	0.046753
0.076726	0.068115	0.509902	30.410078	0.026335
0.076748	0.080325	0.509902	75.220863	0.032564
0.254775	0.049780	2.477902	168.677425	0.076843
0.312309	0.059789	2.989983	198.322863	0.070954
0.266528	0.024879	2.420744	158.455128	0.065841
0.026797	0.045908	0.509902	38.855585	0.025415
0.027374	0.063900	0.509902	56.819738	0.050035
0.028023	0.103511	0.509902	66.614425	0.021523
0.028360	0.050988	0.509902	45.690872	0.038182
0.027085	0.093748	0.509902	55.092115	0.034176
0.027198	0.051167	0.509902	75.197102	0.029050
0.076599	0.065406	0.509902	51.933786	0.044724
0.075194	0.056638	0.509902	88.021920	0.032388
0.075259	0.070070	0.509902	45.006079	0.025834
0.075351	0.035398	0.509902	86.656961	0.057152
0.074911	0.066839	0.509902	72.873095	0.057019
0.202880	0.069851	2.477902	164.555828	0.056836
0.232238	0.050532	2.989983	172.926381	0.025256
0.189816	0.047586	2.420744	164.517362	0.078492
0.045239	0.072446	0.509902	44.614723	0.033404
0.042971	0.050687	0.509902	49.001404	0.025561
0.067956	0.066092	0.509902	79.968015	0.027843
0.064181	0.079321	0.509902	68.407294	0.031656
0.063917	0.044542	0.509902	67.544104	0.040664
0.064238	0.050283	0.509902	80.270062	0.048378
0.089425	0.060683	0.509902	73.945580	0.052123
0.089882	0.040221	0.509902	117.429519	0.052769
0.089790	0.042479	0.509902	95.073434	0.064773
0.091001	0.056629	0.509902	85.730286	0.069257
0.096734	0.047281	0.509902	96.588082	0.049395
3.155757	0.215506	2.675818	514.939930	0.357257
3.802293	0.263428	3.397058	689.102911	0.507824
3.072837	0.194377	3.016621	561.581191	0.492609
0.188683	0.029453	0.447214	133.131282	0.053319
0.236705	0.086724	0.374166	154.606848	0.154990
0.182071	0.026482	0.374166	73.043921	0.055230
0.200226	0.040297	0.447214	111.213452	0.122529
0.245147	0.044104	0.374166	207.163884	0.081543
0.200629	0.044402	0.374166	138.926451	0.132117
0.200733	0.044921	0.447214	97.167233	0.089362
0.245075	0.094996	0.374166	98.900056	0.118488
0.201896	0.072772	0.374166	93.939326	0.107423
0.198424	0.062846	0.447214	94.025613	0.123399
0.244637	0.043341	0.374166	81.288470	0.138533
0.232257	0.140580	0.374166	77.149552	0.067491
0.197409	0.158474	0.447214	148.575919	0.078917
0.208155	0.078720	0.374166	83.094296	0.049539
0.201311	0.116366	0.374166	131.802957	0.100842
0.197890	0.053904	0.447214	71.351664	0.058590
0.211291	0.047464	0.374166	76.720825	0.149826
0.187611	0.057340	0.374166	71.959406	0.056357
0.195498	0.009760	0.447214	32.880556	0.053069
0.225573	0.039531	0.374166	50.485126	0.054548
0.201318	0.051037	0.374166	59.481211	0.031216
0.200588	0.037436	0.447214	25.717472	0.076090
0.247857	0.064386	0.374166	29.420885	0.043625
0.202537	0.085573	0.374166	26.338679	0.116922
0.200982	0.058988	0.447214	20.126459	0.078594
0.244498	0.057068	0.374166	39.540915	0.058097
0.195099	0.076044	0.374166	45.354011	0.025708
0.211149	0.011733	0.447214	23.941688	0.081438
0.246079	0.048462	0.374166	14.878295	0.039179
0.201274	0.039801	0.374166	21.838738	0.103899
0.198816	0.046228	0.447214	47.314959	0.043614
0.244537	0.088800	0.374166	60.269820	0.110942
0.200713	0.067258	0.374166	60.558337	0.076780
0.202017	0.011829	0.447214	56.804820	0.046059
0.246898	0.101794	0.374166	93.874969	0.125569
0.198635	0.062642	0.374166	78.481269	0.043755
0.201833	0.028987	0.447214	52.108384	0.027069
0.268064	0.034672	0.374166	80.236122	0.040452
0.228594	0.046605	0.374166	83.554363	0.043920
0.198921	0.059234	0.447214	192.522211	0.083550
0.355223	0.031839	0.400000	221.645937	0.095006
0.402098	0.059497	0.489898	195.811867	0.080360
0.194559	0.035441	0.374166	218.791501	0.082808
0.021803	0.066693	0.509902	69.763949	0.026255
0.022637	0.081350	0.509902	86.169342	0.012726
0.063966	0.056861	0.509902	78.695309	0.058168
0.064330	0.064892	0.509902	61.927815	0.021494
0.065004	0.041279	0.509902	71.215823	0.025055
0.061937	0.043605	0.509902	92.016599	0.057582
0.062635	0.048936	0.509902	75.053448	0.033563
0.063631	0.069803	0.509902	109.049670	0.025458
0.071019	0.056640	0.509902	84.950303	0.022470
0.070665	0.047242	0.509902	75.177482	0.044596
0.063688	0.059071	0.509902	94.251320	0.024187
0.064820	0.041201	0.509902	86.487847	0.062957
0.231792	0.058680	2.675818	118.476919	0.029770
0.328521	0.047269	3.234192	245.070470	0.062300
0.217651	0.053031	2.619160	146.966236	0.045070
0.076493	0.056917	0.509902	96.096587	0.044799
0.076268	0.047668	0.509902	93.693512	0.034182
0.076548	0.083776	0.509902	97.869785	0.040466
0.074754	0.050339	0.509902	51.450880	0.048370
0.074932	0.027213	0.509902	107.254457	0.024642
0.073379	0.071021	0.509902	88.208028	0.028907
0.073617	0.062929	0.509902	56.761641	0.030268
0.073784	0.048481	0.509902	63.074845	0.062073
0.074037	0.055400	0.509902	96.472419	0.038183
0.073950	0.038478	0.509902	51.103473	0.027010
0.073943	0.031789	0.509902	105.448993	0.027557
0.150734	0.067349	0.509902	75.358007	0.047694
3.161685	0.233311	2.874022	715.155682	0.466210
3.782480	0.285138	3.641428	1025.908368	0.636157
3.082598	0.236341	3.108054	732.101822	0.522540
0.245206	0.012618	0.244949	142.647893	0.163603
0.316697	0.032208	0.244949	172.175853	0.099076
0.244820	0.024416	0.244949	95.458041	0.069385
0.316429	0.073465	0.244949	148.254318	0.128980
0.251283	0.064244	0.244949	92.540704	0.133910
0.316976	0.028703	0.244949	153.575819	0.194606
0.244558	0.043346	0.244949	78.113482	0.116426
0.316361	0.046125	0.244949	111.898997	0.036351
0.246019	0.046304	0.244949	88.930736	0.071107
0.298916	0.012085	0.244949	66.919638	0.110862
0.244310	0.043583	0.244949	91.783670	0.113708
0.316332	0.067529	0.244949	71.681778	0.112190
0.244284	0.050895	0.244949	24.412085	0.056148
0.316394	0.100464	0.244949	47.774581	0.144093
0.246044	0.016062	0.244949	43.416867	0.104304
0.316804	0.051850	0.244949	42.363721	0.072085
0.244792	0.055501	0.244949	39.227570	0.015014
0.312801	0.031571	0.244949	35.138945	0.119633
0.289242	0.065612	0.244949	48.424774	0.044718
0.315506	0.025787	0.244949	36.074197	0.133639
0.245112	0.017494	0.244949	29.958334	0.057175
0.315867	0.039904	0.244949	44.918535	0.060076
0.244791	0.011722	0.244949	62.183082	0.054005
0.315781	0.065533	0.244949	104.074024	0.077955
0.267452	0.022487	0.244949	86.036366	0.045442
0.345277	0.037004	0.244949	129.454955	0.067865
0.270282	0.076336	0.244949	120.921680	0.048672
0.316417	0.044386	0.244949	241.718564	0.097528
0.373113	0.031983	0.200000	269.198156	0.095904
0.466249	0.052041	0.316228	262.084062	0.078035
0.199089	0.042751	0.374166	259.808555	0.075012
0.001126	0.038081	0.509902	45.636306	0.038474
0.001171	0.004301	0.509902	65.589360	0.020568
0.003014	0.077008	0.509902	25.047582	0.013834
0.009230	0.045054	0.509902	62.655096	0.024786
0.011491	0.049312	0.509902	90.662762	0.034688
0.010725	0.059428	0.509902	77.130519	0.015780
0.009686	0.038865	0.509902	34.362844	0.032098
0.009431	0.062899	0.509902	6.586185	0.026099
0.013837	0.034782	0.509902	75.324660	0.026554
0.013837	0.029240	0.509902	42.645826	0.025066
0.014199	0.053712	0.509902	39.515990	0.029981
0.014558	0.051801	0.509902	67.978490	0.039508
0.014609	0.033276	0.509902	74.822170	0.046679
3.203884	0.238096	3.072458	906.577614	0.617023
3.843413	0.279916	3.800000	1148.088195	0.692275
3.008382	0.214144	3.200000	850.175038	0.562326
0.510206	0.018554	0.000000	244.223204	0.138991
0.509791	0.007246	0.000000	219.954329	0.088689
0.484190	0.019827	0.000000	231.870276	0.171708
0.452299	0.019462	0.000000	146.592635	0.121562
0.505203	0.019234	0.000000	87.543297	0.124365
0.510579	0.018428	0.000000	69.068357	0.127570
0.500644	0.012485	0.000000	82.373243	0.144812
0.510873	0.010503	0.000000	69.757058	0.132894
0.533993	0.010209	0.000000	39.902371	0.094771
0.510043	0.013141	0.000000	100.758601	0.154915
0.510348	0.008509	0.000000	119.510875	0.125049
0.509760	0.018234	0.000000	193.995130	0.119212
0.510578	0.019040	0.000000	227.626447	0.090068
0.510176	0.012062	0.000000	353.565038	0.125214
3.050750	27.085787	3.200000	356.640388	0.110523
