V0	Vf	V_sent	D	dt	triple_id
-0.000022	-0.184154	-0.200000	10.579154	0.152791	0.000000
-0.175721	-0.015970	0.000000	21.148375	0.145606	1.000000
0.191139	0.030553	0.000000	20.456547	0.129779	2.000000
0.361647	0.018415	0.000000	44.075036	0.150009	3.000000
0.578260	0.004351	0.000000	72.087002	0.167809	4.000000
0.768794	0.008234	0.000000	201.805539	0.273174	5.000000
0.990267	0.005972	0.000000	166.939517	0.200859	6.000000
1.181561	0.030302	0.000000	327.503881	0.263040	7.000000
1.360718	0.003767	0.000000	198.281632	0.228567	8.000000
1.577349	0.001009	0.000000	237.207673	0.240926	9.000000
1.775061	0.006104	0.000000	284.604178	0.247492	10.000000
1.950989	0.001821	0.000000	295.467962	0.265105	11.000000
2.167354	0.007197	0.000000	351.491848	0.264520	12.000000
2.363355	0.020606	0.000000	419.491537	0.272281	13.000000
2.535080	0.010595	0.000000	438.745555	0.280165	14.000000
2.762487	0.015971	0.000000	514.485706	0.301563	15.000000
2.981625	0.029417	0.000000	526.767986	0.297774	16.000000
3.173188	0.004638	0.000000	598.285482	0.476540	17.000000
3.391246	0.022882	0.000000	691.533407	0.314459	18.000000
3.572746	0.010686	0.000000	700.984378	0.341233	19.000000
3.768037	0.011073	0.000000	775.915963	0.345913	20.000000
3.985829	0.016934	0.000000	835.438539	0.355445	21.000000
4.142016	0.005072	0.000000	875.690029	0.370834	22.000000
4.371680	0.026115	0.000000	972.011153	0.374619	23.000000
4.591456	0.029276	0.000000	975.241825	0.377548	24.000000
4.767303	0.018351	0.000000	1039.270883	0.392639	25.000000
4.968921	0.002681	0.000000	1103.791427	0.408649	26.000000
5.135615	0.029696	0.000000	1219.504318	0.415452	27.000000
5.360210	0.013524	0.000000	1300.262300	0.423937	28.000000
5.579519	0.026294	0.000000	1312.280684	0.420680	29.000000
5.763726	0.000108	0.000000	2196.054207	0.515094	30.000000
5.972918	0.027985	0.000000	1504.654462	0.440440	31.000000
6.185437	0.008089	0.000000	1569.720959	0.463411	32.000000
6.353994	0.031934	0.000000	1612.940122	0.463755	33.000000
6.566084	0.020240	0.000000	1621.620450	0.476499	34.000000
6.748789	0.020977	0.000000	1740.731303	0.471087	35.000000
6.946719	0.009432	0.000000	1856.097519	0.493269	36.000000
-0.001907	0.185295	0.200000	10.262392	0.149895	37.000000
0.367493	0.210405	0.200000	48.747020	0.144344	38.000000
0.560698	0.199525	0.200000	77.155363	0.159792	39.000000
0.761293	0.226172	0.200000	106.823212	0.168882	40.000000
0.991729	0.229420	0.200000	137.719564	0.173226	41.000000
1.164101	0.203831	0.200000	168.650798	0.191987	42.000000
1.390760	0.213776	0.200000	187.286026	0.194752	43.000000
1.571585	0.210445	0.200000	242.925024	0.212873	44.000000
1.789739	0.212981	0.200000	275.551829	0.227238	45.000000
1.988904	0.228758	0.200000	322.782533	0.236382	46.000000
2.189177	0.212725	0.200000	361.786958	0.248856	47.000000
2.384026	0.199008	0.200000	773.067977	0.355335	48.000000
2.566843	0.203236	0.200000	475.969097	0.269156	49.000000
2.784247	0.198065	0.200000	494.907228	0.288034	50.000000
2.967627	0.217756	0.200000	556.390932	0.289265	51.000000
3.163116	0.213620	0.200000	599.630800	0.303301	52.000000
3.388656	0.212948	0.200000	646.756775	0.306044	53.000000
3.576156	0.214829	0.200000	684.871849	0.323059	54.000000
3.781817	0.219873	0.200000	744.075382	0.333087	55.000000
3.984262	0.214565	0.200000	834.657146	0.346260	56.000000
4.190477	0.213452	0.200000	897.438073	0.358327	57.000000
4.371859	0.203695	0.200000	914.889290	0.366194	58.000000
4.570313	0.216860	0.200000	944.241457	0.373023	59.000000
4.730782	0.217176	0.200000	1084.812016	0.380954	60.000000
4.981228	0.212784	0.200000	1160.897709	0.395146	61.000000
5.183826	0.212021	0.200000	1210.055876	0.404409	62.000000
5.358652	0.196480	0.200000	1282.260018	0.421107	63.000000
5.561912	0.226312	0.200000	1375.287531	0.415541	64.000000
5.765505	0.224044	0.200000	1408.151547	0.423350	65.000000
5.990610	0.215569	0.200000	1382.730642	0.438009	66.000000
6.179251	0.208288	0.200000	1545.736095	0.453710	67.000000
6.390307	0.212715	0.200000	2303.807229	0.512104	68.000000
6.563124	0.216329	0.200000	1649.837597	0.466295	69.000000
6.758836	0.199036	0.200000	2850.720715	0.576398	70.000000
6.958356	0.221240	0.200000	1908.644879	0.487677	71.000000
-0.000503	0.387522	0.400000	24.667718	0.172503	72.000000
0.191943	0.373873	0.400000	40.011935	0.163712	73.000000
0.576364	0.400839	0.400000	91.772438	0.160024	74.000000
0.778088	0.409810	0.400000	116.387881	0.168165	75.000000
0.985309	0.415446	0.400000	149.720208	0.178545	76.000000
1.166777	0.414927	0.400000	200.654226	0.202221	77.000000
1.380963	0.420147	0.400000	222.691325	0.187993	78.000000
1.586536	0.406829	0.400000	251.044205	0.205092	79.000000
1.790608	0.405619	0.400000	298.004430	0.219760	80.000000
1.964369	0.422041	0.400000	335.111975	0.219378	81.000000
2.161756	0.400780	0.400000	372.698732	0.238941	82.000000
2.366100	0.410260	0.400000	399.824983	0.247054	83.000000
2.576967	0.412880	0.400000	453.715669	0.253940	84.000000
2.765456	0.409649	0.400000	484.915498	0.273296	85.000000
2.990356	0.407349	0.400000	533.266034	0.282115	86.000000
3.178278	0.411249	0.400000	611.466494	0.286024	87.000000
3.378367	0.416482	0.400000	679.635357	0.458150	88.000000
3.586427	0.411936	0.400000	858.871564	0.338632	89.000000
3.789261	0.419528	0.400000	767.037235	0.312640	90.000000
3.968257	0.407981	0.400000	791.260254	0.335745	91.000000
4.172448	0.426530	0.400000	905.606896	0.330698	92.000000
4.374802	0.413571	0.400000	946.155319	0.343975	93.000000
4.591243	0.398629	0.400000	1001.303674	0.369972	94.000000
4.756995	0.402108	0.400000	1066.627567	0.372763	95.000000
4.953152	0.414607	0.400000	1080.941815	0.381902	96.000000
5.186771	0.399285	0.400000	1241.970992	0.393942	97.000000
5.383036	0.408941	0.400000	1275.646007	0.408850	98.000000
5.592312	0.422297	0.400000	2114.956709	0.494443	99.000000
5.755664	0.404175	0.400000	1456.131685	0.431937	100.000000
5.947145	0.429117	0.400000	1493.894293	0.419595	101.000000
6.161644	0.427776	0.400000	1546.897559	0.433636	102.000000
6.365445	0.426239	0.400000	1652.260423	0.442150	103.000000
6.573024	0.421111	0.400000	1774.133954	0.458181	104.000000
6.756670	0.417697	0.400000	1852.440761	0.626744	105.000000
6.982287	0.424303	0.400000	1963.429252	0.469306	106.000000
-0.000780	0.583971	0.600000	45.090668	0.200398	107.000000
0.170308	0.569604	0.600000	55.049424	0.158188	108.000000
0.378266	0.585448	0.600000	74.644855	0.152860	109.000000
0.777680	0.610950	0.600000	98.850706	0.144190	110.000000
0.958738	0.607295	0.600000	145.221095	0.157729	111.000000
1.171556	0.614544	0.600000	189.148631	0.182426	112.000000
1.371598	0.631992	0.600000	206.290716	0.168709	113.000000
1.587845	0.615219	0.600000	258.328710	0.194450	114.000000
1.769263	0.598288	0.600000	289.878960	0.207193	115.000000
1.987062	0.618387	0.600000	338.146384	0.206396	116.000000
2.149871	0.613655	0.600000	360.658702	0.229653	117.000000
2.383734	0.617370	0.600000	424.894879	0.240310	118.000000
2.570117	0.609454	0.600000	450.296805	0.249012	119.000000
2.777500	0.620250	0.600000	521.274253	0.259013	120.000000
2.960291	0.609302	0.600000	584.595605	0.278149	121.000000
3.170449	0.600856	0.600000	625.116334	0.287754	122.000000
3.386219	0.617703	0.600000	670.563234	0.288441	123.000000
3.582876	0.610956	0.600000	756.700157	0.308500	124.000000
3.776089	0.616449	0.600000	1069.577830	0.324840	125.000000
3.977827	0.615213	0.600000	849.543586	0.312825	126.000000
4.152656	0.620528	0.600000	903.814619	0.331527	127.000000
4.381389	0.613354	0.600000	1445.397549	0.426072	128.000000
4.573174	0.605880	0.600000	1158.282560	0.345351	129.000000
4.779646	0.614470	0.600000	1125.310263	0.363331	130.000000
4.991719	0.615700	0.600000	1086.783289	0.368642	131.000000
5.167004	0.608998	0.600000	1157.658003	0.368678	132.000000
5.356723	0.600767	0.600000	1302.419199	0.385510	133.000000
5.577098	0.616845	0.600000	1331.528491	0.393188	134.000000
5.779209	0.617870	0.600000	1396.447926	0.407701	135.000000
5.944206	0.619993	0.600000	1545.731211	0.415009	136.000000
6.172434	0.617770	0.600000	1538.842218	0.418172	137.000000
6.384611	0.607704	0.600000	1715.054012	0.437051	138.000000
6.578521	0.599987	0.600000	2088.756197	0.444667	139.000000
6.745972	0.610084	0.600000	1808.178235	0.449389	140.000000
6.971921	0.602565	0.600000	1909.148783	0.455125	141.000000
-0.000683	0.772561	0.800000	55.829927	0.192447	142.000000
0.168152	0.781005	0.800000	75.844423	0.184212	143.000000
0.387921	0.777329	0.800000	95.774519	0.167153	144.000000
0.572898	0.776030	0.800000	104.405150	0.149763	145.000000
0.980384	0.802468	0.800000	140.354897	0.144775	146.000000
1.153337	0.827386	0.800000	371.933582	0.236501	147.000000
1.388611	0.818761	0.800000	209.326106	0.163300	148.000000
1.570892	0.799635	0.800000	430.973725	0.234434	149.000000
1.787701	0.813968	0.800000	297.568767	0.191107	150.000000
1.991334	0.809470	0.800000	317.370871	0.205596	151.000000
2.183217	0.806309	0.800000	374.459331	0.221797	152.000000
2.376911	0.822590	0.800000	686.037813	0.284935	153.000000
2.565332	0.820519	0.800000	490.640158	0.244556	154.000000
2.754592	0.805874	0.800000	529.697064	0.244862	155.000000
2.976999	0.812769	0.800000	534.188946	0.245481	156.000000
3.135010	0.823257	0.800000	561.066346	0.259677	157.000000
3.373446	0.831042	0.800000	659.235129	0.267998	158.000000
3.569541	0.807116	0.800000	731.050662	0.291558	159.000000
3.750256	0.799880	0.800000	794.269919	0.302083	160.000000
3.963903	0.807404	0.800000	829.396363	0.300635	161.000000
4.162508	0.816824	0.800000	905.271976	0.315084	162.000000
4.354936	0.796233	0.800000	1001.119102	0.337030	163.000000
4.575897	0.809931	0.800000	1023.835817	0.339656	164.000000
4.789827	0.828433	0.800000	1078.538578	0.342088	165.000000
4.978576	0.827725	0.800000	1194.983768	0.348816	166.000000
5.178587	0.832881	0.800000	1209.424849	0.479567	167.000000
5.375837	0.810596	0.800000	1235.793379	0.378208	168.000000
5.536470	0.810093	0.800000	1362.134619	0.526927	169.000000
5.783287	0.805380	0.800000	1593.848239	0.393414	170.000000
5.980110	0.799319	0.800000	1537.849699	0.402062	171.000000
6.185488	0.812495	0.800000	1526.029225	0.401583	172.000000
6.354499	0.821043	0.800000	1664.416191	0.417900	173.000000
6.559392	0.825592	0.800000	2449.612346	0.453194	174.000000
6.772114	0.798866	0.800000	1755.860037	0.439438	175.000000
6.985541	0.803137	0.800000	1890.531260	0.445385	176.000000
0.000053	0.978523	1.000000	78.577372	0.214173	177.000000
0.175037	0.977112	1.000000	98.001495	0.201861	178.000000
0.363765	0.980177	1.000000	119.114642	0.188559	179.000000
0.586509	0.977546	1.000000	116.410852	0.163716	180.000000
0.777537	0.971090	1.000000	126.714868	0.145227	181.000000
1.191252	1.010919	1.000000	160.945277	0.143682	182.000000
1.391118	1.021816	1.000000	209.770259	0.152939	183.000000
1.572118	0.997996	1.000000	234.516612	0.168054	184.000000
1.789246	1.013527	1.000000	276.420716	0.178461	185.000000
1.978062	1.007284	1.000000	308.899517	0.184996	186.000000
2.172006	1.021609	1.000000	336.780905	0.187006	187.000000
2.364234	1.003652	1.000000	427.671621	0.209456	188.000000
2.532826	1.009234	1.000000	479.220399	0.225374	189.000000
2.784312	1.001754	1.000000	502.866659	0.244432	190.000000
2.988178	1.005295	1.000000	546.252524	0.247013	191.000000
3.187647	1.017793	1.000000	616.676001	0.258205	192.000000
3.386013	1.016142	1.000000	654.055892	0.264884	193.000000
3.567339	1.010754	1.000000	694.787580	0.269760	194.000000
3.758593	1.020620	1.000000	754.482077	0.274370	195.000000
3.969387	1.006736	1.000000	821.998701	0.295966	196.000000
4.159638	1.006997	1.000000	893.147463	0.441961	197.000000
4.390362	1.017599	1.000000	895.794110	0.297809	198.000000
4.561642	1.002790	1.000000	1050.289563	0.483089	199.000000
4.768488	1.012626	1.000000	1525.767535	0.391939	200.000000
4.975867	0.996105	1.000000	1868.949550	0.567126	201.000000
5.147885	1.010093	1.000000	1216.959602	0.345414	202.000000
5.371933	1.002246	1.000000	2151.518725	0.453048	203.000000
5.586716	1.006300	1.000000	1289.377457	0.504767	204.000000
5.769817	0.999488	1.000000	1514.012709	0.384647	205.000000
5.953096	1.008738	1.000000	1481.986091	0.394767	206.000000
6.150619	1.022273	1.000000	1566.364829	0.389006	207.000000
6.350554	0.999347	1.000000	1662.974290	0.416338	208.000000
6.548924	1.009993	1.000000	1741.974051	0.416094	209.000000
6.763178	1.011717	1.000000	1756.535485	0.419164	210.000000
6.951543	1.007871	1.000000	1913.814144	0.426221	211.000000
0.001461	1.170997	1.200000	103.842638	0.227659	212.000000
0.173650	1.182621	1.200000	126.557747	0.216274	213.000000
0.363638	1.177420	1.200000	143.378139	0.206841	214.000000
0.586378	1.171876	1.200000	157.138808	0.195829	215.000000
0.746046	1.170025	1.200000	153.714823	0.161784	216.000000
0.991643	1.182418	1.200000	161.499616	0.154780	217.000000
1.390423	1.212345	1.200000	225.864706	0.150091	218.000000
1.582938	1.219063	1.200000	230.210434	0.147426	219.000000
1.789883	1.206635	1.200000	288.944036	0.163142	220.000000
1.960087	1.203914	1.200000	330.764365	0.181508	221.000000
2.171675	1.208428	1.200000	372.991140	0.185101	222.000000
2.385318	1.215637	1.200000	670.476320	0.416088	223.000000
2.575993	1.224107	1.200000	576.406831	0.235264	224.000000
2.756618	1.200493	1.200000	503.235638	0.216032	225.000000
2.967053	1.205619	1.200000	552.484397	0.235875	226.000000
3.151492	1.219373	1.200000	612.943727	0.236978	227.000000
3.385244	1.209291	1.200000	672.931318	0.259690	228.000000
3.583387	1.199992	1.200000	709.585432	0.267064	229.000000
3.759956	1.215725	1.200000	772.977378	0.265456	230.000000
3.940713	1.227814	1.200000	830.874064	0.273194	231.000000
4.176093	1.199572	1.200000	915.686810	0.302265	232.000000
4.365142	1.216585	1.200000	954.500613	0.303674	233.000000
4.568723	1.200069	1.200000	1018.927614	0.318986	234.000000
4.750674	1.196996	1.200000	1028.159145	0.330415	235.000000
4.966673	1.216306	1.200000	1104.058190	0.331264	236.000000
5.150558	1.213433	1.200000	1256.203457	0.335211	237.000000
5.363339	1.199628	1.200000	1306.327100	0.354851	238.000000
5.557202	1.218074	1.200000	1333.175786	0.355114	239.000000
5.763673	1.209516	1.200000	2336.135350	0.472037	240.000000
5.967214	1.212592	1.200000	2208.059553	0.439082	241.000000
6.186366	1.217696	1.200000	1589.466476	0.392089	242.000000
6.350108	1.205010	1.200000	1650.695326	0.391633	243.000000
6.569181	1.213253	1.200000	1649.931325	0.409354	244.000000
6.745509	1.199407	1.200000	2510.936370	0.447294	245.000000
6.979176	1.215494	1.200000	1881.744802	0.420078	246.000000
0.001974	1.364903	1.400000	136.415439	0.260605	247.000000
0.185909	1.370387	1.400000	164.610622	0.243451	248.000000
0.374602	1.378398	1.400000	179.915152	0.221085	249.000000
0.542340	1.386600	1.400000	193.379360	0.207848	250.000000
0.774417	1.375768	1.400000	202.320636	0.187557	251.000000
0.976874	1.380969	1.400000	218.502426	0.177292	252.000000
1.183648	1.376827	1.400000	207.995156	0.150354	253.000000
1.591457	1.400514	1.400000	249.022095	0.153297	254.000000
1.761219	1.403567	1.400000	269.003428	0.168674	255.000000
1.973718	1.405846	1.400000	341.912130	0.173984	256.000000
2.183855	1.418067	1.400000	358.400493	0.170873	257.000000
2.379942	1.402554	1.400000	419.832063	0.195420	258.000000
2.553740	1.402843	1.400000	439.534303	0.197605	259.000000
2.771357	1.415708	1.400000	524.768576	0.211488	260.000000
2.963149	1.401256	1.400000	539.750896	0.222580	261.000000
3.187342	1.429228	1.400000	620.690574	0.230446	262.000000
3.391588	1.415888	1.400000	691.970114	0.244370	263.000000
3.582710	1.409989	1.400000	1105.096623	0.298585	264.000000
3.786978	1.410484	1.400000	772.621224	0.272506	265.000000
3.985526	1.405436	1.400000	807.173549	0.270943	266.000000
4.170606	1.408010	1.400000	929.012940	0.281803	267.000000
4.391523	1.398879	1.400000	969.295698	0.304044	268.000000
4.589241	1.398197	1.400000	1019.408613	0.311358	269.000000
4.745444	1.418977	1.400000	1503.459562	0.361491	270.000000
4.958963	1.432296	1.400000	1144.244062	0.318498	271.000000
5.163336	1.405330	1.400000	1197.950203	0.335057	272.000000
5.366359	1.403268	1.400000	1255.973396	0.497427	273.000000
5.550840	1.401288	1.400000	2122.647327	0.421655	274.000000
5.770970	1.418322	1.400000	1439.136324	0.359100	275.000000
5.969414	1.423103	1.400000	2173.019703	0.400751	276.000000
6.140864	1.398209	1.400000	1579.607346	0.379129	277.000000
6.361753	1.405663	1.400000	1689.782167	0.389982	278.000000
6.584628	1.399613	1.400000	2428.283706	0.446540	279.000000
6.742405	1.427244	1.400000	1841.587168	0.533298	280.000000
6.958558	1.403404	1.400000	2927.594893	0.470663	281.000000
0.000711	1.585470	1.600000	196.983280	0.279065	282.000000
0.164575	1.579085	1.600000	238.975516	0.331587	283.000000
0.371650	1.569796	1.600000	209.234018	0.237576	284.000000
0.573036	1.588777	1.600000	246.037950	0.235223	285.000000
0.783084	1.580992	1.600000	263.860618	0.226068	286.000000
0.976073	1.577685	1.600000	249.366067	0.193986	287.000000
1.172275	1.582656	1.600000	244.637203	0.168932	288.000000
1.389738	1.583746	1.600000	246.483231	0.154832	289.000000
1.774938	1.597756	1.600000	267.487890	0.151077	290.000000
1.948819	1.609418	1.600000	318.637594	0.157292	291.000000
2.175172	1.618068	1.600000	349.663707	0.162248	292.000000
2.356592	1.611239	1.600000	398.908203	0.185679	293.000000
2.563002	1.607939	1.600000	427.607575	0.194208	294.000000
2.758546	1.611339	1.600000	471.559358	0.201363	295.000000
2.981045	1.632278	1.600000	527.262615	0.200502	296.000000
3.191002	1.610435	1.600000	623.347783	0.225838	297.000000
3.363016	1.611518	1.600000	1292.540643	0.321733	298.000000
3.579368	1.622947	1.600000	688.436220	0.232810	299.000000
3.778484	1.620702	1.600000	700.093812	0.250538	300.000000
3.954311	1.608641	1.600000	787.487387	0.263393	301.000000
4.153302	1.614654	1.600000	899.131066	0.273728	302.000000
4.352883	1.627987	1.600000	925.318808	0.276485	303.000000
4.572839	1.609488	1.600000	976.670456	0.301321	304.000000
4.743007	1.621281	1.600000	1087.660291	0.303990	305.000000
4.976741	1.620391	1.600000	1180.802252	0.308182	306.000000
5.190915	1.626661	1.600000	1190.031659	0.310673	307.000000
5.390079	1.604827	1.600000	1283.307218	0.329168	308.000000
5.566720	1.625044	1.600000	1374.263350	0.331939	309.000000
5.765349	1.613342	1.600000	1430.107673	0.351499	310.000000
5.966494	1.614288	1.600000	1420.816514	0.358377	311.000000
6.189807	1.610597	1.600000	1499.420012	0.378487	312.000000
6.366732	1.599663	1.600000	1662.993254	0.377582	313.000000
6.575402	1.625427	1.600000	1831.412214	0.506912	314.000000
6.741101	1.611613	1.600000	2756.196713	0.430848	315.000000
6.968818	1.627872	1.600000	2601.001642	0.423587	316.000000
-0.000743	1.789048	1.800000	249.868459	0.311708	317.000000
0.132496	1.774783	1.800000	247.305693	0.289743	318.000000
0.364664	1.768962	1.800000	258.165155	0.270199	319.000000
0.576380	1.763956	1.800000	263.094395	0.243725	320.000000
0.776233	1.775735	1.800000	275.346245	0.229886	321.000000
0.985212	1.782852	1.800000	292.212187	0.217210	322.000000
1.152584	1.777764	1.800000	303.138444	0.197329	323.000000
1.383814	1.783518	1.800000	292.380284	0.169118	324.000000
1.582983	1.779600	1.800000	261.953029	0.150664	325.000000
1.980382	1.801511	1.800000	332.647024	0.155081	326.000000
2.175148	1.806498	1.800000	339.025168	0.158061	327.000000
2.360370	1.798551	1.800000	377.820323	0.177205	328.000000
2.589101	1.813454	1.800000	629.978182	0.375634	329.000000
2.783122	1.807723	1.800000	737.303236	0.402109	330.000000
2.987968	1.822662	1.800000	684.759349	0.215052	331.000000
3.189272	1.817008	1.800000	571.750184	0.204413	332.000000
3.357507	1.809246	1.800000	662.669049	0.223049	333.000000
3.540286	1.804040	1.800000	695.613405	0.235820	334.000000
3.757271	1.813352	1.800000	769.226342	0.244898	335.000000
3.990365	1.814856	1.800000	826.152549	0.243960	336.000000
4.164445	1.817428	1.800000	862.603722	0.262285	337.000000
4.344109	1.803309	1.800000	1544.100033	0.349136	338.000000
4.556973	1.822201	1.800000	1156.853440	0.289258	339.000000
4.785122	1.815521	1.800000	1082.915377	0.286381	340.000000
4.975172	1.808623	1.800000	1143.424686	0.299179	341.000000
5.165145	1.803238	1.800000	1204.858155	0.311650	342.000000
5.385418	1.802777	1.800000	1250.711268	0.709416	343.000000
5.577223	1.811221	1.800000	1344.899012	0.320305	344.000000
5.750945	1.823811	1.800000	1330.524749	0.329895	345.000000
5.960788	1.813044	1.800000	1510.476530	0.355312	346.000000
6.185839	1.816490	1.800000	1610.380226	0.357377	347.000000
6.381486	1.818835	1.800000	2248.728111	0.400686	348.000000
6.587902	1.806052	1.800000	2503.642647	0.416920	349.000000
6.767656	1.803348	1.800000	2690.765715	0.496980	350.000000
6.960406	1.805307	1.800000	2550.725449	0.468730	351.000000
-0.003080	1.962775	2.000000	257.340119	0.358767	352.000000
0.182950	1.966819	2.000000	300.422650	0.328257	353.000000
0.387477	1.986695	2.000000	325.237548	0.302712	354.000000
0.570212	1.973889	2.000000	331.559010	0.269492	355.000000
0.781050	1.976373	2.000000	383.041262	0.414519	356.000000
0.986129	1.972180	2.000000	540.616535	0.335913	357.000000
1.182011	1.983958	2.000000	404.858683	0.225484	358.000000
1.388576	1.983299	2.000000	329.179460	0.187232	359.000000
1.587621	1.973680	2.000000	286.680940	0.167220	360.000000
1.765158	1.976571	2.000000	313.224351	0.157815	361.000000
2.175002	2.017885	2.000000	320.372346	0.134963	362.000000
2.371912	2.002035	2.000000	783.189953	0.272536	363.000000
2.591079	2.001824	2.000000	550.995882	0.351309	364.000000
2.768518	2.001469	2.000000	530.056417	0.181835	365.000000
2.966107	2.014209	2.000000	536.993797	0.188404	366.000000
3.190019	2.005811	2.000000	573.645165	0.202321	367.000000
3.347527	1.997582	2.000000	656.025861	0.220910	368.000000
3.566909	2.016718	2.000000	706.922507	0.379900	369.000000
3.742605	2.008638	2.000000	1045.133429	0.456825	370.000000
3.976390	1.999686	2.000000	1112.236574	0.298035	371.000000
4.190077	2.014143	2.000000	929.253177	0.253696	372.000000
4.349468	2.011761	2.000000	1543.999517	0.516916	373.000000
4.579792	2.003023	2.000000	1450.940392	0.329965	374.000000
4.765922	2.005529	2.000000	1551.476980	0.280505	375.000000
4.963357	2.001578	2.000000	1110.589967	0.298581	376.000000
5.137571	2.028607	2.000000	1101.111248	0.293857	377.000000
5.368164	2.018319	2.000000	1274.685470	0.308711	378.000000
5.559724	2.005471	2.000000	1373.303148	0.322582	379.000000
5.748074	1.996633	2.000000	1439.986903	0.348057	380.000000
5.970414	2.029252	2.000000	1483.914231	0.326538	381.000000
6.163226	2.012427	2.000000	2473.449586	0.484724	382.000000
6.371029	2.017462	2.000000	2086.238862	0.398266	383.000000
6.565364	2.015510	2.000000	2455.886493	0.430324	384.000000
6.786959	2.002799	2.000000	1798.870459	0.374105	385.000000
6.978121	2.011747	2.000000	2667.461632	0.472987	386.000000
-0.001031	2.183686	2.200000	361.355712	0.406391	387.000000
0.175705	2.172050	2.200000	364.328831	0.465649	388.000000
0.352834	2.172822	2.200000	389.206447	0.315584	389.000000
0.566530	2.189967	2.200000	401.591304	0.299122	390.000000
0.773210	2.187595	2.200000	411.047695	0.273100	391.000000
0.992105	2.179296	2.200000	396.877883	0.259335	392.000000
1.189083	2.169740	2.200000	387.540813	0.233405	393.000000
1.363832	2.181160	2.200000	394.199476	0.212462	394.000000
1.572035	2.183292	2.200000	384.161434	0.202119	395.000000
1.790119	2.178568	2.200000	357.838354	0.180718	396.000000
1.983924	2.178475	2.200000	360.728221	0.316008	397.000000
2.349922	2.212460	2.200000	812.516115	0.236124	398.000000
2.558463	2.210396	2.200000	571.777956	0.210490	399.000000
2.763604	2.205730	2.200000	481.390891	0.172458	400.000000
2.959183	2.218418	2.200000	488.576723	0.172498	401.000000
3.176477	2.207092	2.200000	596.401146	0.197294	402.000000
3.360144	2.204522	2.200000	618.051087	0.195690	403.000000
3.564056	2.215464	2.200000	661.754661	0.206020	404.000000
3.783449	2.212709	2.200000	738.428427	0.218919	405.000000
3.970300	2.203703	2.200000	748.978926	0.231448	406.000000
4.190537	2.210239	2.200000	872.539882	0.245053	407.000000
4.371450	2.207406	2.200000	835.104988	0.246251	408.000000
4.579409	2.204510	2.200000	993.307707	0.406550	409.000000
4.784842	2.198378	2.200000	1072.065838	0.280412	410.000000
4.962254	2.210914	2.200000	1138.430261	0.276464	411.000000
5.170012	2.215684	2.200000	1214.346518	0.292791	412.000000
5.376183	2.219227	2.200000	1285.008796	0.292940	413.000000
5.564409	2.214583	2.200000	1273.818124	0.303708	414.000000
5.771983	2.204905	2.200000	2093.372399	0.390376	415.000000
5.951340	2.206413	2.200000	1491.458103	0.322785	416.000000
6.184051	2.216428	2.200000	1520.369233	0.331043	417.000000
6.366466	2.211056	2.200000	1559.062850	0.346336	418.000000
6.548824	2.196222	2.200000	1710.058274	0.362895	419.000000
6.744675	2.200652	2.200000	1748.491797	0.367577	420.000000
6.959193	2.202034	2.200000	1872.394553	0.368457	421.000000
0.000032	2.381677	2.400000	406.557201	0.373116	422.000000
0.183199	2.389717	2.400000	427.592513	0.359644	423.000000
0.377971	2.385846	2.400000	425.604829	0.330528	424.000000
0.570144	2.373854	2.400000	449.591125	0.317260	425.000000
0.770640	2.376000	2.400000	443.219424	0.299263	426.000000
0.986116	2.381195	2.400000	481.421452	0.286870	427.000000
1.168195	2.373466	2.400000	446.476845	0.253245	428.000000
1.364869	2.384680	2.400000	465.007600	0.240944	429.000000
1.570908	2.381888	2.400000	427.910254	0.222313	430.000000
1.771196	2.374593	2.400000	406.840501	0.184213	431.000000
1.986290	2.377087	2.400000	383.417370	0.177372	432.000000
2.142736	2.381371	2.400000	384.604647	0.154358	433.000000
2.561226	2.402725	2.400000	416.697917	0.153480	434.000000
2.749487	2.418196	2.400000	424.151795	0.158950	435.000000
2.987047	2.419404	2.400000	474.704448	0.157275	436.000000
3.165849	2.414606	2.400000	560.708761	0.188827	437.000000
3.373454	2.411793	2.400000	600.150576	0.192612	438.000000
3.585431	2.428659	2.400000	651.880880	0.199454	439.000000
3.760343	2.402450	2.400000	707.547020	0.215957	440.000000
3.965076	2.398713	2.400000	1436.713799	0.313199	441.000000
4.156976	2.407329	2.400000	906.297733	0.239206	442.000000
4.375942	2.404647	2.400000	1542.803029	0.327625	443.000000
4.558214	2.430290	2.400000	960.151778	0.242917	444.000000
4.754773	2.418654	2.400000	1024.079069	0.259480	445.000000
4.942258	2.397910	2.400000	1158.047740	0.407351	446.000000
5.185289	2.408372	2.400000	1193.490567	0.278693	447.000000
5.351696	2.398625	2.400000	1239.403980	0.289413	448.000000
5.584819	2.400236	2.400000	2201.285408	0.506078	449.000000
5.740793	2.399623	2.400000	1443.878752	0.315438	450.000000
5.938287	2.415333	2.400000	1482.743177	0.311775	451.000000
6.190259	2.415187	2.400000	1537.534589	0.315261	452.000000
6.363843	2.403623	2.400000	1613.554285	0.332555	453.000000
6.585013	2.416276	2.400000	1637.382658	0.341865	454.000000
6.751377	2.422576	2.400000	1742.935554	0.337783	455.000000
6.960026	2.399681	2.400000	1877.407396	0.355882	456.000000
-0.000060	2.581760	2.600000	483.207117	0.399046	457.000000
0.164067	2.579620	2.600000	475.314314	0.375629	458.000000
0.372391	2.568960	2.600000	481.732666	0.348485	459.000000
0.578278	2.577162	2.600000	549.501658	0.399082	460.000000
0.783069	2.577965	2.600000	679.586614	0.418144	461.000000
0.991216	2.590640	2.600000	623.458535	0.311134	462.000000
1.180029	2.579028	2.600000	533.408133	0.288843	463.000000
1.377474	2.572483	2.600000	480.322846	0.254260	464.000000
1.563281	2.579052	2.600000	530.558737	0.245400	465.000000
1.765993	2.567044	2.600000	465.341848	0.206905	466.000000
1.985034	2.585994	2.600000	504.607465	0.209915	467.000000
2.166352	2.574874	2.600000	593.875673	0.219155	468.000000
2.355338	2.570608	2.600000	416.774557	0.153909	469.000000
2.767127	2.596575	2.600000	446.662019	0.161690	470.000000
2.961666	2.597549	2.600000	539.897360	0.166628	471.000000
3.157577	2.607397	2.600000	552.353213	0.166820	472.000000
3.379088	2.597485	2.600000	598.310018	0.196343	473.000000
3.584013	2.613916	2.600000	679.343670	0.198652	474.000000
3.765884	2.603580	2.600000	1235.908123	0.284710	475.000000
3.983258	2.609659	2.600000	764.159384	0.210941	476.000000
4.185682	2.618596	2.600000	822.620039	0.214861	477.000000
4.346093	2.612162	2.600000	843.161421	0.380090	478.000000
4.585719	2.602031	2.600000	1715.420329	0.673764	479.000000
4.759940	2.620629	2.600000	1440.316743	0.298278	480.000000
4.978968	2.611547	2.600000	1155.478430	0.264675	481.000000
5.151212	2.598733	2.600000	1238.977180	0.287899	482.000000
5.374079	2.602918	2.600000	2468.584427	0.451840	483.000000
5.552768	2.609620	2.600000	1996.878587	0.392885	484.000000
5.765011	2.614968	2.600000	1796.008958	0.362201	485.000000
5.973829	2.602980	2.600000	1733.696050	0.327138	486.000000
6.156551	2.618286	2.600000	1515.899344	0.311761	487.000000
6.365939	2.622279	2.600000	1600.456552	0.317981	488.000000
6.562467	2.608546	2.600000	1592.803308	0.331206	489.000000
6.745128	2.600428	2.600000	1784.625094	0.354756	490.000000
6.952363	2.621580	2.600000	1800.341315	0.340909	491.000000
-0.000115	2.781107	2.800000	541.197614	0.421733	492.000000
0.164060	2.787339	2.800000	573.677140	0.400841	493.000000
0.361808	2.780781	2.800000	542.750976	0.528257	494.000000
0.589854	2.783460	2.800000	737.650041	0.380953	495.000000
0.759993	2.779937	2.800000	614.738942	0.345032	496.000000
0.973150	2.767845	2.800000	563.101501	0.470520	497.000000
1.187342	2.778570	2.800000	679.400285	0.337355	498.000000
1.378346	2.786446	2.800000	620.365978	0.289169	499.000000
1.588528	2.783334	2.800000	586.323951	0.271401	500.000000
1.788200	2.786738	2.800000	586.005423	0.254466	501.000000
1.964538	2.779042	2.800000	544.200247	0.226193	502.000000
2.187473	2.775516	2.800000	545.830192	0.213326	503.000000
2.389522	2.775855	2.800000	470.843833	0.180127	504.000000
2.553082	2.774085	2.800000	450.667410	0.153828	505.000000
2.965382	2.816567	2.800000	482.877240	0.148468	506.000000
3.188440	2.799066	2.800000	547.531128	0.169679	507.000000
3.375118	2.808311	2.800000	588.785424	0.169273	508.000000
3.565645	2.812937	2.800000	641.288211	0.181584	509.000000
3.751965	2.816542	2.800000	754.053894	0.197543	510.000000
3.966390	2.824554	2.800000	743.519900	0.202068	511.000000
4.177696	2.811968	2.800000	837.974164	0.219735	512.000000
4.371968	2.804255	2.800000	846.106447	0.224243	513.000000
4.579193	2.823937	2.800000	935.405966	0.226368	514.000000
4.777281	2.809060	2.800000	1040.016812	0.239364	515.000000
4.955524	2.807197	2.800000	1145.443484	0.261719	516.000000
5.190321	2.803482	2.800000	1089.395348	0.418174	517.000000
5.370348	2.805895	2.800000	1288.813322	0.272539	518.000000
5.569017	2.811832	2.800000	1318.905444	0.292475	519.000000
5.742207	2.820226	2.800000	1360.687021	0.280859	520.000000
5.946862	2.800100	2.800000	1498.380132	0.305128	521.000000
6.174787	2.815274	2.800000	2354.980556	0.424962	522.000000
6.366867	2.800034	2.800000	2255.569357	0.388195	523.000000
6.565094	2.801889	2.800000	1851.890168	0.346805	524.000000
6.733544	2.808860	2.800000	1851.818126	0.347313	525.000000
6.980922	2.822638	2.800000	1800.943038	0.336106	526.000000
0.000060	2.968455	3.000000	577.020025	0.436678	527.000000
0.140885	2.984465	3.000000	658.184855	0.457874	528.000000
0.383061	2.979906	3.000000	658.181674	0.438610	529.000000
0.568956	2.976470	3.000000	716.735148	0.404165	530.000000
0.773611	2.972476	3.000000	658.474826	0.363168	531.000000
0.964351	2.983661	3.000000	680.382318	0.359786	532.000000
1.180255	2.985031	3.000000	710.741729	0.349653	533.000000
1.374416	2.978127	3.000000	709.886318	0.314500	534.000000
1.590355	2.975019	3.000000	630.570548	0.277651	535.000000
1.786560	2.971306	3.000000	931.670655	0.381054	536.000000
1.934845	2.981040	3.000000	898.557771	0.373319	537.000000
2.178712	2.986268	3.000000	807.409832	0.302635	538.000000
2.367263	2.979204	3.000000	706.375368	0.249196	539.000000
2.590409	2.974249	3.000000	651.808718	0.200680	540.000000
2.773077	2.970779	3.000000	919.193607	0.280167	541.000000
3.137812	3.002331	3.000000	1042.505090	0.306441	542.000000
3.389023	3.002077	3.000000	1041.388514	0.301600	543.000000
3.557182	3.005539	3.000000	1013.958010	0.254606	544.000000
3.786934	3.012267	3.000000	927.867680	0.240715	545.000000
3.961849	2.997967	3.000000	906.746711	0.223127	546.000000
4.158616	3.006188	3.000000	1325.254153	0.336513	547.000000
4.387480	3.015364	3.000000	1451.390714	0.293667	548.000000
4.570804	3.007081	3.000000	1058.090945	0.237010	549.000000
4.747211	2.998234	3.000000	1062.712897	0.406772	550.000000
4.990890	3.020039	3.000000	1351.043908	0.298488	551.000000
5.144261	2.999789	3.000000	1368.451831	0.299868	552.000000
5.363788	3.004150	3.000000	1272.777511	0.274315	553.000000
5.546342	3.016586	3.000000	1277.474370	0.279454	554.000000
5.785440	3.014104	3.000000	2195.698758	0.417820	555.000000
5.982601	3.012628	3.000000	2042.181888	0.358027	556.000000
6.154623	3.026193	3.000000	1784.938815	0.315997	557.000000
6.372169	3.014191	3.000000	1596.386154	0.293635	558.000000
6.562806	2.997817	3.000000	1675.938162	0.325703	559.000000
6.736619	3.013883	3.000000	1795.991463	0.326950	560.000000
6.982277	3.017098	3.000000	1784.394371	0.340689	561.000000
-0.002223	3.184240	3.200000	709.162640	0.461576	562.000000
0.161175	3.167465	3.200000	677.525738	0.438630	563.000000
0.354426	3.183192	3.200000	745.349691	0.588416	564.000000
0.588036	3.182204	3.200000	809.100001	0.515941	565.000000
0.792202	3.175699	3.200000	825.740098	0.462724	566.000000
0.974633	3.168836	3.200000	809.634012	0.569848	567.000000
1.163457	3.170714	3.200000	826.813177	0.399223	568.000000
1.384092	3.178667	3.200000	804.924363	0.358106	569.000000
1.572256	3.183449	3.200000	747.430381	0.313078	570.000000
1.742420	3.175057	3.200000	727.612811	0.446221	571.000000
1.966960	3.184756	3.200000	1005.305984	0.398709	572.000000
2.190824	3.173917	3.200000	1018.737022	0.536965	573.000000
2.355211	3.173395	3.200000	984.599673	0.340208	574.000000
2.582017	3.186160	3.200000	716.591088	0.226576	575.000000
2.780748	3.177052	3.200000	586.921409	0.182714	576.000000
2.974389	3.188834	3.200000	567.876832	0.171455	577.000000
3.386122	3.221693	3.200000	568.557680	0.148445	578.000000
3.553911	3.196600	3.200000	652.767336	0.173712	579.000000
3.753014	3.197661	3.200000	712.627629	0.172462	580.000000
3.971257	3.221607	3.200000	745.537725	0.185149	581.000000
4.169708	3.205531	3.200000	927.785606	0.201432	582.000000
4.386757	3.202438	3.200000	904.650684	0.220440	583.000000
4.553551	3.195349	3.200000	941.063928	0.226015	584.000000
4.752847	3.204589	3.200000	1708.826135	0.328370	585.000000
4.983501	3.214593	3.200000	1715.897991	0.343597	586.000000
5.151676	3.221890	3.200000	1313.233320	0.249228	587.000000
5.353118	3.207248	3.200000	1241.905446	0.260533	588.000000
5.571248	3.228451	3.200000	1205.016690	0.254344	589.000000
5.759747	3.208019	3.200000	1350.129727	0.273219	590.000000
5.934227	3.201980	3.200000	1433.921238	0.278988	591.000000
6.149708	3.203093	3.200000	1490.346768	0.297082	592.000000
6.369032	3.199745	3.200000	1597.991788	0.306755	593.000000
6.542907	3.212422	3.200000	1592.180914	0.302163	594.000000
6.781666	3.197803	3.200000	1642.665223	0.325463	595.000000
6.955495	3.210030	3.200000	1819.220223	0.326711	596.000000
-0.001587	3.385924	3.400000	806.838772	0.496497	597.000000
0.177888	3.380790	3.400000	838.008661	0.475526	598.000000
0.353325	3.382635	3.400000	828.943661	0.451580	599.000000
0.589821	3.373294	3.400000	819.073059	0.430657	600.000000
0.787380	3.384944	3.400000	858.539592	0.423670	601.000000
0.955817	3.377459	3.400000	862.022371	0.404268	602.000000
1.159884	3.378160	3.400000	836.001042	0.374718	603.000000
1.377086	3.388485	3.400000	903.504793	0.365193	604.000000
1.561831	3.379830	3.400000	846.555610	0.340157	605.000000
1.786354	3.386142	3.400000	867.974606	0.336857	606.000000
1.987239	3.381628	3.400000	842.167321	0.307852	607.000000
2.175476	3.379281	3.400000	792.646894	0.291409	608.000000
2.346175	3.386283	3.400000	773.587394	0.267131	609.000000
2.586846	3.376254	3.400000	705.210115	0.235698	610.000000
2.752572	3.381013	3.400000	678.672352	0.208607	611.000000
2.989199	3.379206	3.400000	658.558148	0.193466	612.000000
3.150144	3.390624	3.400000	636.487387	0.176751	613.000000
3.550726	3.432345	3.400000	565.425741	0.144707	614.000000
3.757787	3.402248	3.400000	676.808594	0.172487	615.000000
3.985084	3.410931	3.400000	719.503338	0.177633	616.000000
4.151353	3.399655	3.400000	814.379074	0.196484	617.000000
4.385570	3.413629	3.400000	823.241010	0.197176	618.000000
4.564235	3.422566	3.400000	909.850752	0.212173	619.000000
4.768012	3.413154	3.400000	1014.996953	0.221135	620.000000
4.972605	3.402870	3.400000	1017.839769	0.230668	621.000000
5.168876	3.404980	3.400000	1141.307170	0.239135	622.000000
5.369580	3.402658	3.400000	1194.372073	0.244073	623.000000
5.567099	3.425972	3.400000	1286.125819	0.263349	624.000000
5.766503	3.407881	3.400000	1883.328555	0.269977	625.000000
5.990311	3.402430	3.400000	1403.654715	0.277014	626.000000
6.186737	3.399133	3.400000	2384.231367	0.356501	627.000000
6.354292	3.396294	3.400000	1581.289640	0.291112	628.000000
6.565887	3.425795	3.400000	1590.884296	0.293423	629.000000
6.776972	3.404938	3.400000	1716.794117	0.309499	630.000000
6.943316	3.425261	3.400000	1786.274113	0.325775	631.000000
0.000038	3.568247	3.600000	875.805828	0.505810	632.000000
0.172981	3.571940	3.600000	898.400533	0.492753	633.000000
0.381995	3.570839	3.600000	888.805114	0.466343	634.000000
0.585154	3.584659	3.600000	958.672430	0.468484	635.000000
0.735776	3.569973	3.600000	942.532592	0.440570	636.000000
0.956977	3.581569	3.600000	948.115820	0.427880	637.000000
1.162683	3.577949	3.600000	955.792291	0.407915	638.000000
1.380919	3.582598	3.600000	948.991889	0.387901	639.000000
1.572577	3.575974	3.600000	1067.605064	0.368347	640.000000
1.770173	3.580216	3.600000	992.002536	0.365941	641.000000
1.965490	3.583588	3.600000	903.113803	0.328916	642.000000
2.172964	3.580010	3.600000	901.451855	0.307909	643.000000
2.366867	3.567459	3.600000	865.436463	0.284158	644.000000
2.558402	3.572507	3.600000	775.292462	0.253536	645.000000
2.763969	3.571058	3.600000	793.375063	0.393893	646.000000
2.958424	3.585043	3.600000	907.863510	0.231419	647.000000
3.136905	3.565873	3.600000	583.320949	0.173214	648.000000
3.359622	3.584899	3.600000	659.325747	0.172863	649.000000
3.788201	3.624474	3.600000	577.769695	0.148693	650.000000
3.959029	3.604428	3.600000	732.177169	0.172683	651.000000
4.157162	3.604617	3.600000	796.706138	0.186272	652.000000
4.364627	3.600300	3.600000	1234.877124	0.265228	653.000000
4.571844	3.600992	3.600000	902.780564	0.203955	654.000000
4.790451	3.617360	3.600000	934.409024	0.205981	655.000000
4.980999	3.601409	3.600000	1686.444233	0.313753	656.000000
5.133117	3.614193	3.600000	1279.740684	0.248429	657.000000
5.328832	3.609873	3.600000	1181.709892	0.234393	658.000000
5.582665	3.619208	3.600000	1255.463222	0.247660	659.000000
5.737863	3.617258	3.600000	1308.675133	0.248551	660.000000
5.956003	3.611185	3.600000	1390.316815	0.262192	661.000000
6.153263	3.605505	3.600000	1455.207985	0.274462	662.000000
6.362511	3.597613	3.600000	1588.500419	0.292235	663.000000
6.544907	3.621041	3.600000	1552.565683	0.286194	664.000000
6.760032	3.621339	3.600000	1607.652602	0.297006	665.000000
6.944842	3.597275	3.600000	1798.514990	0.310699	666.000000
-0.001363	3.777861	3.800000	1001.512766	0.542702	667.000000
0.164374	3.782663	3.800000	1010.982181	0.519955	668.000000
0.359536	3.781548	3.800000	1048.681444	0.509803	669.000000
0.539256	3.776833	3.800000	1054.821524	0.485899	670.000000
0.791303	3.764139	3.800000	1025.530715	0.462197	671.000000
0.988287	3.784265	3.800000	1095.881286	0.454849	672.000000
1.190536	3.779205	3.800000	1072.468159	0.437401	673.000000
1.370198	3.778077	3.800000	1075.309186	0.419169	674.000000
1.558969	3.768960	3.800000	1021.162600	0.382635	675.000000
1.773219	3.788256	3.800000	1025.986809	0.378163	676.000000
1.978008	3.769527	3.800000	988.753451	0.348313	677.000000
2.185186	3.772773	3.800000	978.246991	0.332986	678.000000
2.376949	3.780569	3.800000	995.065748	0.316878	679.000000
2.585484	3.762958	3.800000	886.508661	0.278570	680.000000
2.765824	3.787983	3.800000	946.131105	0.283873	681.000000
2.983719	3.783356	3.800000	863.623048	0.254999	682.000000
3.170596	3.772682	3.800000	752.232831	0.221401	683.000000
3.378232	3.781397	3.800000	1267.142420	0.334359	684.000000
3.556544	3.769627	3.800000	1341.280707	0.343542	685.000000
3.947970	3.810241	3.800000	1186.538135	0.264070	686.000000
4.155640	3.823153	3.800000	1398.655235	0.317580	687.000000
4.373912	3.815026	3.800000	1386.983525	0.288517	688.000000
4.587444	3.804760	3.800000	1409.719308	0.305225	689.000000
4.789142	3.815140	3.800000	1597.006167	0.318638	690.000000
4.981541	3.803152	3.800000	1524.445775	0.291647	691.000000
5.177557	3.812985	3.800000	2082.338341	0.394758	692.000000
5.384309	3.822130	3.800000	2062.547138	0.349393	693.000000
5.564462	3.808555	3.800000	1760.112887	0.301873	694.000000
5.756436	3.813422	3.800000	1698.688262	0.324045	695.000000
5.929555	3.816027	3.800000	1904.293868	0.318442	696.000000
6.153754	3.803016	3.800000	2827.008066	0.438420	697.000000
6.357260	3.798605	3.800000	2698.161059	0.476911	698.000000
6.582467	3.818258	3.800000	2788.996325	0.412062	699.000000
6.786105	3.795623	3.800000	2651.049975	0.438390	700.000000
6.938668	3.805889	3.800000	2878.203305	0.439279	701.000000
-0.002228	3.975894	4.000000	1106.964387	0.721932	702.000000
0.188842	3.988602	4.000000	1216.219258	0.702101	703.000000
0.339317	3.980349	4.000000	1253.215608	0.691788	704.000000
0.569034	3.984904	4.000000	1314.779074	0.668081	705.000000
0.778372	3.984543	4.000000	1961.445184	0.833970	706.000000
0.947658	3.969006	4.000000	1324.182239	0.609723	707.000000
1.187860	3.989264	4.000000	1395.950831	0.592917	708.000000
1.368025	3.975868	4.000000	1326.652919	0.513711	709.000000
1.578312	3.987265	4.000000	1260.689589	0.473820	710.000000
1.758468	3.981515	4.000000	1269.476811	0.487371	711.000000
1.971432	3.977596	4.000000	1294.890771	0.456615	712.000000
2.183538	3.985860	4.000000	1300.955771	0.438231	713.000000
2.380308	3.973466	4.000000	1238.367585	0.376361	714.000000
2.586346	3.987541	4.000000	1153.769858	0.364626	715.000000
2.760322	3.969401	4.000000	1027.950747	0.308170	716.000000
2.953970	3.968195	4.000000	1051.109928	0.286329	717.000000
3.165433	3.986090	4.000000	967.995323	0.274217	718.000000
3.341868	3.983771	4.000000	948.543580	0.264514	719.000000
3.573970	3.962248	4.000000	779.979901	0.201141	720.000000
3.768618	3.976583	4.000000	1416.195845	0.325359	721.000000
4.166704	4.004895	4.000000	1351.055056	0.308214	722.000000
4.384694	4.009002	4.000000	1465.479781	0.331175	723.000000
4.560641	3.995407	4.000000	1252.910737	0.219026	724.000000
4.773002	4.014983	4.000000	880.749595	0.190858	725.000000
4.953220	3.995738	4.000000	1010.147587	0.208337	726.000000
5.154576	4.020890	4.000000	1000.278080	0.206583	727.000000
5.381522	4.002635	4.000000	1133.425462	0.226493	728.000000
5.579812	4.001627	4.000000	1185.458665	0.237681	729.000000
5.755599	4.002695	4.000000	1291.466725	0.235364	730.000000
5.973400	4.002048	4.000000	1346.082444	0.238967	731.000000
6.161327	3.998450	4.000000	1463.710535	0.269810	732.000000
6.329136	4.018039	4.000000	1512.840917	0.268753	733.000000
6.567485	4.024121	4.000000	1543.729091	0.259507	734.000000
6.756946	4.011430	4.000000	1612.711033	0.273920	735.000000
6.964913	4.021001	4.000000	1716.335133	0.287668	736.000000
0.000391	4.178255	4.200000	2434.362480	1.200367	737.000000
0.166768	4.167030	4.200000	1195.764322	0.570628	738.000000
0.341691	4.180335	4.200000	1281.722140	0.559958	739.000000
0.564199	4.181802	4.200000	1273.657133	0.670880	740.000000
0.762241	4.173445	4.200000	1371.829897	0.553840	741.000000
0.991074	4.188903	4.200000	1319.134840	0.513235	742.000000
1.148950	4.166122	4.200000	1272.446690	0.480836	743.000000
1.357759	4.185337	4.200000	1302.005713	0.472705	744.000000
1.567297	4.179362	4.200000	1287.677811	0.452104	745.000000
1.752229	4.170332	4.200000	1236.421459	0.423358	746.000000
1.953019	4.178614	4.200000	1301.033649	0.412335	747.000000
2.179948	4.189569	4.200000	1645.592625	0.622161	748.000000
2.369055	4.179543	4.200000	1311.223441	0.367950	749.000000
2.578929	4.180028	4.200000	1167.850986	0.343919	750.000000
2.766435	4.187080	4.200000	1121.013065	0.323494	751.000000
2.968931	4.168673	4.200000	1045.449475	0.292867	752.000000
3.177342	4.186322	4.200000	1060.048282	0.281692	753.000000
3.357986	4.179863	4.200000	924.334866	0.235514	754.000000
3.571823	4.179791	4.200000	877.840822	0.217129	755.000000
3.784225	4.175498	4.200000	975.254645	0.222197	756.000000
3.946101	4.175074	4.200000	750.516195	0.171693	757.000000
4.354810	4.201256	4.200000	777.539185	0.156944	758.000000
4.569536	4.205086	4.200000	780.761884	0.163777	759.000000
4.762581	4.208714	4.200000	874.069185	0.176412	760.000000
4.976710	4.199434	4.200000	1005.694625	0.192365	761.000000
5.166417	4.215676	4.200000	979.074791	0.200686	762.000000
5.378143	4.197841	4.200000	1791.349534	0.345069	763.000000
5.542747	4.200910	4.200000	2156.211266	0.475432	764.000000
5.768631	4.207460	4.200000	2072.911665	0.452201	765.000000
5.966761	4.202869	4.200000	1289.129321	0.233781	766.000000
6.168344	4.213223	4.200000	1328.309089	0.237050	767.000000
6.356961	4.207501	4.200000	1460.667895	0.250704	768.000000
6.543914	4.211753	4.200000	1491.550623	0.252807	769.000000
6.772388	4.210151	4.200000	2123.329922	0.328555	770.000000
6.955999	4.211604	4.200000	2617.301452	0.485786	771.000000
0.000355	4.387692	4.400000	1391.197410	0.628024	772.000000
0.164735	4.391645	4.400000	1421.937523	0.618609	773.000000
0.341419	4.370611	4.400000	1375.011499	0.587536	774.000000
0.576730	4.371155	4.400000	1375.276535	0.569808	775.000000
0.739690	4.388837	4.400000	1502.498506	0.564716	776.000000
0.949577	4.388038	4.400000	1459.752280	0.541571	777.000000
1.177162	4.387691	4.400000	1459.383579	0.676937	778.000000
1.340562	4.388275	4.400000	1587.374258	0.506872	779.000000
1.583273	4.369491	4.400000	1369.216117	0.468662	780.000000
1.769348	4.376019	4.400000	1362.682989	0.457155	781.000000
1.968736	4.379899	4.400000	1681.010643	0.493232	782.000000
2.159780	4.388822	4.400000	1572.621156	0.440988	783.000000
2.382683	4.384132	4.400000	1718.210467	0.468052	784.000000
2.576853	4.388910	4.400000	1342.138116	0.379827	785.000000
2.776137	4.384777	4.400000	1254.944044	0.349096	786.000000
2.967292	4.381283	4.400000	1201.845158	0.326698	787.000000
3.182577	4.380659	4.400000	1140.865629	0.306452	788.000000
3.374132	4.379231	4.400000	1044.454490	0.273074	789.000000
3.558001	4.379041	4.400000	1652.773265	0.311480	790.000000
3.782351	4.372320	4.400000	1418.954023	0.264748	791.000000
3.956223	4.375657	4.400000	868.670375	0.196480	792.000000
4.165490	4.376359	4.400000	745.870973	0.163793	793.000000
4.564186	4.408390	4.400000	745.379840	0.152839	794.000000
4.781427	4.417153	4.400000	860.608848	0.167944	795.000000
4.960178	4.398311	4.400000	979.306484	0.183392	796.000000
5.155173	4.418072	4.400000	930.684205	0.179941	797.000000
5.368463	4.421112	4.400000	1032.614584	0.202116	798.000000
5.538840	4.433691	4.400000	1082.234545	0.195596	799.000000
5.755442	4.422509	4.400000	1105.168543	0.210956	800.000000
5.969539	4.408430	4.400000	2117.861171	0.285734	801.000000
6.185276	4.418368	4.400000	1314.974372	0.236502	802.000000
6.367800	4.396450	4.400000	1469.597580	0.243710	803.000000
6.564586	4.408746	4.400000	2232.311729	0.322119	804.000000
6.759977	4.414317	4.400000	1682.700525	0.278353	805.000000
6.961293	4.405606	4.400000	1629.985689	0.263317	806.000000
0.000070	4.570395	4.600000	1489.852540	0.651899	807.000000
0.189275	4.577200	4.600000	1497.176056	0.634284	808.000000
0.365558	4.576320	4.600000	1593.306671	0.736286	809.000000
0.550511	4.566651	4.600000	1595.660549	0.604630	810.000000
0.780655	4.578489	4.600000	1558.123040	0.576809	811.000000
0.962958	4.578485	4.600000	1564.155014	0.566274	812.000000
1.182051	4.575945	4.600000	1596.753235	0.552162	813.000000
1.367196	4.588911	4.600000	1611.495171	0.533511	814.000000
1.565606	4.591749	4.600000	1624.772413	0.526244	815.000000
1.737514	4.575955	4.600000	1544.929485	0.489003	816.000000
1.985654	4.584635	4.600000	1552.806825	0.471113	817.000000
2.159219	4.580588	4.600000	1477.134883	0.442205	818.000000
2.388523	4.589909	4.600000	1872.579716	0.524236	819.000000
2.576855	4.585496	4.600000	1916.896405	0.608065	820.000000
2.734342	4.588618	4.600000	1648.735344	0.415354	821.000000
2.967608	4.580212	4.600000	1343.199892	0.352179	822.000000
3.188220	4.576611	4.600000	1308.761357	0.329371	823.000000
3.361167	4.580962	4.600000	1232.122459	0.303381	824.000000
3.564727	4.572183	4.600000	1151.579169	0.277256	825.000000
3.790697	4.583989	4.600000	1130.633468	0.260113	826.000000
3.956429	4.583717	4.600000	1013.556684	0.219961	827.000000
4.189037	4.574720	4.600000	891.151656	0.200157	828.000000
4.363175	4.583544	4.600000	847.687787	0.172689	829.000000
4.738288	4.623285	4.600000	662.377035	0.138693	830.000000
4.989802	4.599260	4.600000	916.327639	0.177430	831.000000
5.136672	4.598196	4.600000	1069.306976	0.187574	832.000000
5.379614	4.609191	4.600000	944.291264	0.179087	833.000000
5.582713	4.608583	4.600000	1123.745205	0.196474	834.000000
5.782927	4.615485	4.600000	2099.444924	0.334835	835.000000
5.948261	4.597216	4.600000	2136.604087	0.353305	836.000000
6.157657	4.608193	4.600000	2364.270998	0.544038	837.000000
6.359790	4.621590	4.600000	2620.984881	0.375291	838.000000
6.543742	4.303006	4.600000	3785.830057	0.541705	839.000000
6.729497	4.596537	4.600000	3581.105718	0.487639	840.000000
6.969751	4.610579	4.600000	2696.002312	0.567292	841.000000
-0.000185	4.783942	4.800000	1673.212253	0.883402	842.000000
0.148792	4.787258	4.800000	1749.226803	0.861883	843.000000
0.345638	4.786376	4.800000	1773.937814	0.809827	844.000000
0.592283	4.787859	4.800000	1841.491653	0.977615	845.000000
0.776438	4.777842	4.800000	2020.722056	0.912676	846.000000
0.951426	4.780805	4.800000	2428.420658	1.026736	847.000000
1.177576	4.772654	4.800000	1991.308221	0.753049	848.000000
1.356659	4.773370	4.800000	2562.254764	0.888410	849.000000
1.579214	4.773563	4.800000	2040.137658	0.646435	850.000000
1.755473	4.789712	4.800000	2131.975744	0.814288	851.000000
1.970744	4.776036	4.800000	2081.744392	0.605457	852.000000
2.160787	4.779962	4.800000	2297.375950	0.631340	853.000000
2.338990	4.779293	4.800000	1958.307060	0.714391	854.000000
2.585250	4.777866	4.800000	2125.281243	0.599575	855.000000
2.763120	4.761603	4.800000	1866.101935	0.534962	856.000000
2.987724	4.769519	4.800000	2223.693249	0.572810	857.000000
3.192062	4.782097	4.800000	2472.608045	0.480491	858.000000
3.361460	4.780287	4.800000	2059.112965	0.526150	859.000000
3.562597	4.769262	4.800000	2014.200304	0.498116	860.000000
3.767766	4.772314	4.800000	2033.890121	0.419227	861.000000
3.980728	4.786479	4.800000	1904.756811	0.442019	862.000000
4.179277	4.766150	4.800000	1834.779941	0.379249	863.000000
4.378869	4.776641	4.800000	1763.173803	0.388930	864.000000
4.576852	4.777429	4.800000	1827.080501	0.300406	865.000000
4.934924	4.816681	4.800000	1687.748837	0.300992	866.000000
5.169222	4.820740	4.800000	3373.289470	0.374160	867.000000
5.363253	4.798932	4.800000	1891.364754	0.284015	868.000000
5.556587	4.821736	4.800000	1502.834803	0.236301	869.000000
5.760618	4.827340	4.800000	1334.954058	0.379390	870.000000
5.960051	4.803682	4.800000	2137.235854	0.330442	871.000000
6.168693	4.808371	4.800000	1968.300870	0.284156	872.000000
6.351319	4.797146	4.800000	2392.993897	0.391072	873.000000
6.566533	4.819228	4.800000	2319.682242	0.355044	874.000000
6.764001	4.803405	4.800000	2442.235240	0.362477	875.000000
6.974034	4.800058	4.800000	2126.217624	0.305794	876.000000
-0.000039	4.978289	5.000000	1885.614350	0.941781	877.000000
0.154135	4.985617	5.000000	1967.649354	0.907381	878.000000
0.374084	4.970243	5.000000	1872.818326	0.769588	879.000000
0.578048	4.968571	5.000000	1970.926419	0.852502	880.000000
0.749437	4.983876	5.000000	2186.587469	0.865159	881.000000
0.958445	4.985339	5.000000	2114.591700	1.136806	882.000000
1.178282	4.976777	5.000000	2199.475367	0.764003	883.000000
1.357219	4.969032	5.000000	2729.540506	0.907986	884.000000
1.579476	4.968569	5.000000	2167.393414	0.963809	885.000000
1.780447	4.969917	5.000000	2476.352669	0.691919	886.000000
1.928626	4.982689	5.000000	2160.083516	0.627928	887.000000
2.183420	4.974456	5.000000	1840.241571	0.530458	888.000000
2.382698	4.979944	5.000000	1792.960076	0.483152	889.000000
2.564135	4.976757	5.000000	1748.290000	0.462527	890.000000
2.764737	4.975195	5.000000	1721.226224	0.445014	891.000000
2.960582	4.988830	5.000000	1736.688950	0.428941	892.000000
3.171192	4.990792	5.000000	2170.263922	0.503581	893.000000
3.357821	4.976179	5.000000	1561.614792	0.365234	894.000000
3.576458	4.979908	5.000000	2095.535400	0.414012	895.000000
3.742937	4.989266	5.000000	1444.224265	0.321296	896.000000
3.979271	4.984031	5.000000	1454.830893	0.316192	897.000000
4.181565	4.982187	5.000000	1263.047410	0.256438	898.000000
4.348458	4.979542	5.000000	1228.102831	0.370967	899.000000
4.533398	4.974935	5.000000	1071.470222	0.207720	900.000000
4.775823	4.971908	5.000000	970.523398	0.164592	901.000000
5.168931	5.018392	5.000000	872.758918	0.158659	902.000000
5.358264	5.008915	5.000000	943.517097	0.168845	903.000000
5.573110	5.015836	5.000000	993.370531	0.176828	904.000000
5.736216	5.016527	5.000000	1107.886484	0.187373	905.000000
5.943580	5.014009	5.000000	1125.633633	0.200175	906.000000
6.175494	5.013022	5.000000	1123.698004	0.188959	907.000000
6.337556	5.011540	5.000000	1265.675769	0.205601	908.000000
6.546272	4.998482	5.000000	2497.121585	0.358005	909.000000
6.738044	5.021215	5.000000	2307.160745	0.337790	910.000000
6.944353	5.019497	5.000000	2988.116219	0.387606	911.000000
-0.000153	5.163223	5.200000	1976.642786	0.827186	912.000000
0.125191	5.181279	5.200000	2077.882548	0.745205	913.000000
0.386327	5.180255	5.200000	2024.248262	0.725316	914.000000
0.558844	5.182142	5.200000	2078.979591	0.710223	915.000000
0.781328	5.180064	5.200000	2066.361395	0.692736	916.000000
0.960391	5.180267	5.200000	2067.857389	0.670908	917.000000
1.172034	5.171538	5.200000	2279.258202	0.686727	918.000000
1.362453	5.180792	5.200000	2088.792774	0.636627	919.000000
1.574256	5.191649	5.200000	2140.427722	0.621300	920.000000
1.739115	5.183372	5.200000	2053.208720	0.585980	921.000000
1.983207	5.162399	5.200000	1982.178322	0.552821	922.000000
2.178544	5.174852	5.200000	2308.229893	0.662694	923.000000
2.352807	5.190810	5.200000	2320.406804	0.640193	924.000000
2.572019	5.179814	5.200000	2764.475469	0.646491	925.000000
2.741844	5.184846	5.200000	2213.564083	0.566790	926.000000
2.951374	5.184133	5.200000	2186.685908	0.576536	927.000000
3.177457	5.174718	5.200000	2320.199572	0.648510	928.000000
3.380987	5.185193	5.200000	2706.731625	0.572538	929.000000
3.586893	5.175579	5.200000	2289.504936	0.518470	930.000000
3.780259	5.179343	5.200000	2057.821132	0.512186	931.000000
3.956585	5.179409	5.200000	2319.792330	0.618894	932.000000
4.159069	5.169225	5.200000	2008.323370	0.407170	933.000000
4.339623	5.182472	5.200000	2113.885669	0.452243	934.000000
4.520509	5.178489	5.200000	2201.206969	0.384004	935.000000
4.770681	5.184186	5.200000	1856.093668	0.371216	936.000000
4.959927	5.179893	5.200000	1762.266971	0.321942	937.000000
5.361130	5.212332	5.200000	1473.135544	0.247805	938.000000
5.554470	5.215355	5.200000	1596.810068	0.280729	939.000000
5.752369	5.206605	5.200000	1464.888838	0.538645	940.000000
5.986671	5.210738	5.200000	2408.899758	0.503516	941.000000
6.164745	5.210175	5.200000	1744.391119	0.249784	942.000000
6.375802	5.202492	5.200000	1519.818292	0.214744	943.000000
6.532760	5.198720	5.200000	1953.307553	0.418473	944.000000
6.773044	5.199063	5.200000	2469.080745	0.331055	945.000000
6.964692	5.208785	5.200000	1624.773948	0.245411	946.000000
-0.000172	5.386851	5.400000	2262.165253	0.819398	947.000000
0.125287	5.373626	5.400000	2239.804727	0.809190	948.000000
0.355404	5.376557	5.400000	2287.810521	0.882993	949.000000
0.571819	5.387086	5.400000	2469.465271	1.054553	950.000000
0.749844	5.388571	5.400000	2498.848752	0.955914	951.000000
0.989134	5.379198	5.400000	2590.217638	0.825313	952.000000
1.148399	5.379685	5.400000	2375.930453	0.757989	953.000000
1.346136	5.390064	5.400000	2393.983456	0.676963	954.000000
1.586774	5.379407	5.400000	2976.658423	1.083884	955.000000
1.761854	5.383573	5.400000	2630.005967	0.772118	956.000000
1.954931	5.382533	5.400000	2478.149346	0.679241	957.000000
2.153976	5.380188	5.400000	2336.103347	0.623578	958.000000
2.377814	5.372947	5.400000	2278.680483	0.578556	959.000000
2.576958	5.376368	5.400000	2285.754735	0.604282	960.000000
2.787352	5.379509	5.400000	2324.191138	0.717808	961.000000
2.959661	5.375883	5.400000	2592.513641	0.777313	962.000000
3.163530	5.382953	5.400000	3028.007255	0.675670	963.000000
3.339254	5.370535	5.400000	2199.282111	0.527190	964.000000
3.581874	5.374036	5.400000	2330.503626	0.523958	965.000000
3.776939	5.388924	5.400000	2324.539011	0.515637	966.000000
3.963724	5.366299	5.400000	2529.936104	0.508861	967.000000
4.182816	5.383593	5.400000	2046.614706	0.417871	968.000000
4.331911	5.381145	5.400000	1782.832889	0.339477	969.000000
4.573807	5.379091	5.400000	1793.348115	0.338514	970.000000
4.773411	5.369306	5.400000	1426.402225	0.397434	971.000000
4.945459	5.383235	5.400000	1310.691817	0.230890	972.000000
5.168396	5.385383	5.400000	1001.547083	0.181209	973.000000
5.545774	5.422366	5.400000	1802.427517	0.241388	974.000000
5.776543	5.432917	5.400000	995.564130	0.169257	975.000000
5.968648	5.409831	5.400000	1216.220817	0.189797	976.000000
6.140364	5.395133	5.400000	1495.705327	0.364505	977.000000
6.330436	5.404121	5.400000	1513.868218	0.253761	978.000000
6.548132	5.414974	5.400000	1666.075440	0.250834	979.000000
6.744634	5.414742	5.400000	1511.123547	0.215906	980.000000
6.924154	5.432236	5.400000	2999.294637	0.389760	981.000000
-0.000339	5.581084	5.600000	2384.448331	0.939511	982.000000
0.176016	5.572091	5.600000	2492.048673	0.874398	983.000000
0.356014	5.565567	5.600000	2390.575230	0.836341	984.000000
0.577398	5.579598	5.600000	2564.096366	1.083380	985.000000
0.783444	5.556351	5.600000	2563.523408	0.834478	986.000000
0.958057	5.570693	5.600000	2541.272632	0.790219	987.000000
1.180866	5.580562	5.600000	2590.827332	0.781072	988.000000
1.358969	5.586814	5.600000	3119.655181	0.925537	989.000000
1.577245	5.579063	5.600000	2639.042694	0.724411	990.000000
1.785721	5.586845	5.600000	2571.218752	0.714191	991.000000
1.988136	5.586883	5.600000	2878.781527	0.737369	992.000000
2.163573	5.577230	5.600000	2552.066249	0.657267	993.000000
2.381516	5.582581	5.600000	2444.527925	0.627731	994.000000
2.591777	5.565381	5.600000	3206.523343	0.826208	995.000000
2.746782	5.579816	5.600000	3114.878342	0.851653	996.000000
2.964287	5.566430	5.600000	2795.888275	0.638977	997.000000
3.175333	5.578164	5.600000	2819.551296	0.629228	998.000000
3.369521	5.569052	5.600000	2474.141136	0.562673	999.000000
3.552455	5.587050	5.600000	2437.647568	0.503058	1000.000000
3.764538	5.572146	5.600000	2065.789557	0.441106	1001.000000
3.962274	5.579998	5.600000	2097.372731	0.433503	1002.000000
4.120398	5.579678	5.600000	1904.825279	0.398391	1003.000000
4.378571	5.572034	5.600000	2417.075065	0.396647	1004.000000
4.547771	5.591309	5.600000	1929.627170	0.376013	1005.000000
4.762877	5.588535	5.600000	3050.860103	0.558430	1006.000000
4.970122	5.570435	5.600000	2052.778325	0.327421	1007.000000
5.161845	5.572750	5.600000	1616.270468	0.290953	1008.000000
5.339084	5.584904	5.600000	1360.794926	0.258690	1009.000000
5.780478	5.611995	5.600000	2014.544037	0.310793	1010.000000
5.948932	5.599277	5.600000	2579.265317	0.283649	1011.000000
6.123082	5.607696	5.600000	1721.704199	0.290824	1012.000000
6.353361	5.601472	5.600000	2229.499275	0.289617	1013.000000
6.516886	5.606173	5.600000	2195.059999	0.268042	1014.000000
6.747053	5.611534	5.600000	1360.642102	0.203067	1015.000000
6.970041	5.620762	5.600000	1389.144859	0.213141	1016.000000
-0.002091	5.783537	5.800000	2686.346994	0.873491	1017.000000
0.166649	5.765796	5.800000	2735.091240	0.997415	1018.000000
0.321131	5.762185	5.800000	2722.043311	1.057460	1019.000000
0.579367	5.786228	5.800000	2829.424515	0.862657	1020.000000
0.742139	5.767806	5.800000	2675.325970	0.793748	1021.000000
0.949209	5.788499	5.800000	2799.072123	0.789677	1022.000000
1.185406	5.779339	5.800000	3077.230925	0.875772	1023.000000
1.347901	5.784066	5.800000	2822.433767	0.756049	1024.000000
1.570257	5.781000	5.800000	2758.876514	0.724675	1025.000000
1.750154	5.777737	5.800000	2714.193581	0.699943	1026.000000
1.956405	5.781242	5.800000	2703.053135	0.678470	1027.000000
2.141769	5.781163	5.800000	2760.666951	0.888510	1028.000000
2.377389	5.774039	5.800000	2692.445127	0.642145	1029.000000
2.557258	5.788899	5.800000	2744.763829	0.763275	1030.000000
2.759136	5.782569	5.800000	2579.695702	0.599324	1031.000000
2.963822	5.782904	5.800000	2577.639735	0.580926	1032.000000
3.152008	5.771215	5.800000	2994.556193	0.669511	1033.000000
3.351974	5.773379	5.800000	2878.620487	0.600985	1034.000000
3.520050	5.780413	5.800000	2382.355077	0.501603	1035.000000
3.748569	5.777357	5.800000	2233.687151	0.466335	1036.000000
3.985683	5.780389	5.800000	2181.886902	0.441438	1037.000000
4.150465	5.784482	5.800000	2093.276126	0.558486	1038.000000
4.373492	5.784637	5.800000	2652.559336	0.476002	1039.000000
4.557148	5.786594	5.800000	1941.941417	0.359828	1040.000000
4.765379	5.773543	5.800000	1714.768567	0.320053	1041.000000
4.935331	5.770704	5.800000	3413.100898	0.562411	1042.000000
5.172241	5.765514	5.800000	1459.398277	0.255593	1043.000000
5.382050	5.777262	5.800000	1844.351566	0.287528	1044.000000
5.557755	5.778895	5.800000	1133.946393	0.192740	1045.000000
5.959333	5.820170	5.800000	2142.561776	0.283697	1046.000000
6.173270	5.821862	5.800000	1149.911300	0.181425	1047.000000
6.370058	5.798364	5.800000	1262.969974	0.186959	1048.000000
6.550390	5.796852	5.800000	2231.943942	0.265314	1049.000000
6.744173	5.807011	5.800000	2298.639071	0.306600	1050.000000
6.975144	5.800701	5.800000	1662.625335	0.229209	1051.000000
0.000248	5.972720	6.000000	2884.400160	0.900626	1052.000000
0.121075	5.985248	6.000000	2971.391330	0.902154	1053.000000
0.382825	5.971791	6.000000	3005.098384	0.995638	1054.000000
0.591727	5.979024	6.000000	3657.904697	1.070559	1055.000000
0.782437	5.964500	6.000000	2949.744700	0.831848	1056.000000
0.973260	5.979501	6.000000	2969.483707	0.818100	1057.000000
1.153978	5.976500	6.000000	2975.410837	0.799957	1058.000000
1.364469	5.978757	6.000000	3000.665095	0.786113	1059.000000
1.561429	5.962232	6.000000	2882.704694	0.749340	1060.000000
1.764050	5.982092	6.000000	2977.324237	0.745328	1061.000000
1.942180	5.982420	6.000000	3139.624821	0.869059	1062.000000
2.168514	5.970932	6.000000	2917.696784	0.704035	1063.000000
2.359972	5.983603	6.000000	2935.700143	0.693331	1064.000000
2.578559	5.987043	6.000000	2907.522475	0.664653	1065.000000
2.762012	5.973209	6.000000	2836.805751	0.636669	1066.000000
2.968702	5.983655	6.000000	2804.979093	0.611917	1067.000000
3.176392	5.983628	6.000000	2823.629393	0.605363	1068.000000
3.358616	5.982997	6.000000	2768.900180	0.575919	1069.000000
3.546587	5.973997	6.000000	2623.770393	0.538688	1070.000000
3.785519	5.976713	6.000000	2596.498313	0.677506	1071.000000
3.966113	5.978266	6.000000	2395.742202	0.633399	1072.000000
4.158304	5.980350	6.000000	2366.697317	0.457845	1073.000000
4.368304	5.989017	6.000000	2257.158292	0.433091	1074.000000
4.580793	5.978092	6.000000	2101.983080	0.391318	1075.000000
4.761849	5.986950	6.000000	2850.118824	0.595366	1076.000000
4.935148	5.975207	6.000000	3093.793997	0.575762	1077.000000
5.192149	5.983836	6.000000	2377.542855	0.318472	1078.000000
5.345993	5.991191	6.000000	1666.348991	0.282137	1079.000000
5.566954	5.991422	6.000000	1468.247022	0.234351	1080.000000
5.787345	5.986209	6.000000	1204.440356	0.198305	1081.000000
6.172291	6.017707	6.000000	1039.904139	0.163894	1082.000000
6.368433	6.008940	6.000000	1884.039888	0.230818	1083.000000
6.562429	6.003736	6.000000	1395.758712	0.335804	1084.000000
6.759552	6.002121	6.000000	1462.208336	0.196430	1085.000000
6.935625	5.998140	6.000000	2479.667321	0.268381	1086.000000
0.000236	6.184577	6.200000	3333.229267	1.030697	1087.000000
0.163570	6.181382	6.200000	3297.588867	1.043182	1088.000000
0.353859	6.185574	6.200000	3316.025242	0.929991	1089.000000
0.542178	6.179891	6.200000	3441.600266	0.942785	1090.000000
0.786616	6.179840	6.200000	3357.902692	0.888889	1091.000000
0.967350	6.179912	6.200000	3466.485540	0.871349	1092.000000
1.189090	6.177661	6.200000	3236.015630	0.843705	1093.000000
1.359458	6.181053	6.200000	3422.402073	0.936842	1094.000000
1.558156	6.188866	6.200000	3332.787810	0.824957	1095.000000
1.760933	6.182142	6.200000	3240.541199	0.793531	1096.000000
1.958925	6.180648	6.200000	3528.637746	0.834183	1097.000000
2.148339	6.181349	6.200000	3275.273085	0.754603	1098.000000
2.363968	6.187019	6.200000	3245.376087	0.737144	1099.000000
2.578905	6.179631	6.200000	3197.857626	0.698039	1100.000000
2.754234	6.180763	6.200000	3129.323749	0.686307	1101.000000
2.978562	6.175017	6.200000	3086.820357	0.661501	1102.000000
3.150864	6.183036	6.200000	3132.935833	0.730963	1103.000000
3.374235	6.183552	6.200000	3020.024935	0.613670	1104.000000
3.568468	6.173854	6.200000	2849.256888	0.583295	1105.000000
3.766833	6.190878	6.200000	2894.473480	0.569447	1106.000000
3.973404	6.181008	6.200000	3072.031929	0.523613	1107.000000
4.152432	6.179209	6.200000	2758.013150	0.636821	1108.000000
4.323560	6.175301	6.200000	2904.272341	0.645235	1109.000000
4.549317	6.155773	6.200000	2719.034150	0.467684	1110.000000
4.771710	6.178556	6.200000	2269.377710	0.399879	1111.000000
4.971219	6.185427	6.200000	2234.233975	0.381469	1112.000000
5.147135	6.190789	6.200000	1997.136017	0.348058	1113.000000
5.363272	6.165125	6.200000	1882.324066	0.430822	1114.000000
5.544927	6.175234	6.200000	2005.417987	0.287826	1115.000000
5.783342	6.168362	6.200000	1422.191971	0.220078	1116.000000
5.964243	6.175704	6.200000	1214.202566	0.197159	1117.000000
6.364149	6.203748	6.200000	1204.846199	0.173681	1118.000000
6.582707	6.203727	6.200000	1318.111579	0.186028	1119.000000
6.727207	6.197830	6.200000	1406.532745	0.201705	1120.000000
6.923482	6.206049	6.200000	1694.797043	0.356527	1121.000000
-0.001109	6.374607	6.400000	3568.120845	1.014618	1122.000000
0.151300	6.381998	6.400000	3637.169517	1.104713	1123.000000
0.363462	6.368649	6.400000	3470.480118	0.949617	1124.000000
0.562770	6.378478	6.400000	3588.171506	1.061197	1125.000000
0.784765	6.361866	6.400000	3493.289435	0.921815	1126.000000
0.952946	6.381327	6.400000	3649.726457	1.025801	1127.000000
1.183787	6.372378	6.400000	3556.907188	0.892090	1128.000000
1.361951	6.370237	6.400000	3540.384245	0.878993	1129.000000
1.574714	6.380441	6.400000	3551.362414	0.855042	1130.000000
1.766954	6.369868	6.400000	3487.500152	0.836061	1131.000000
1.964226	6.372631	6.400000	3601.590440	0.963263	1132.000000
2.167171	6.380502	6.400000	3584.106441	0.806258	1133.000000
2.364191	6.382623	6.400000	3885.996016	0.787626	1134.000000
2.586613	6.386978	6.400000	3912.006107	0.763754	1135.000000
2.750268	6.376401	6.400000	3382.405752	0.716843	1136.000000
2.981528	6.378164	6.400000	3363.161933	0.700167	1137.000000
3.142160	6.374731	6.400000	3305.670110	0.676086	1138.000000
3.376514	6.389141	6.400000	3260.206710	0.656751	1139.000000
3.553294	6.377649	6.400000	3182.119695	0.629270	1140.000000
3.784299	6.375552	6.400000	3073.230727	0.594697	1141.000000
3.985397	6.382376	6.400000	3052.777807	0.568025	1142.000000
4.185011	6.379045	6.400000	2882.010387	0.540191	1143.000000
4.367793	6.385335	6.400000	3401.476901	0.569287	1144.000000
4.561552	6.389257	6.400000	3581.811812	0.711846	1145.000000
4.782521	6.375228	6.400000	2504.554385	0.449676	1146.000000
4.953723	6.388423	6.400000	2558.392143	0.427178	1147.000000
5.190404	6.383574	6.400000	2344.596180	0.387853	1148.000000
5.372523	6.367382	6.400000	2033.369733	0.335218	1149.000000
5.525229	6.379330	6.400000	2491.507578	0.350191	1150.000000
5.763926	6.366764	6.400000	1651.619394	0.264758	1151.000000
5.981662	6.381661	6.400000	2377.788264	0.329882	1152.000000
6.177263	6.366237	6.400000	1840.157486	0.265515	1153.000000
6.561873	6.401693	6.400000	1208.219412	0.169693	1154.000000
6.759372	6.410873	6.400000	2445.580909	0.270369	1155.000000
6.953145	6.398872	6.400000	1421.905767	0.196284	1156.000000
0.000112	6.574009	6.600000	3792.998694	1.044538	1157.000000
0.182694	6.579363	6.600000	3855.751921	1.036349	1158.000000
0.373147	6.567073	6.600000	3999.706217	1.169360	1159.000000
0.575490	6.573603	6.600000	3949.302416	1.075194	1160.000000
0.769898	6.585445	6.600000	3959.281195	0.992824	1161.000000
0.962198	6.566487	6.600000	4105.250688	1.116954	1162.000000
1.177415	6.586329	6.600000	4012.804130	0.960451	1163.000000
1.364385	6.579402	6.600000	3962.040125	0.936849	1164.000000
1.573761	6.577979	6.600000	3907.610852	0.908565	1165.000000
1.751800	6.577339	6.600000	3821.526361	0.883288	1166.000000
1.949134	6.560063	6.600000	3750.179561	0.851892	1167.000000
2.184013	6.580298	6.600000	3853.002620	0.849718	1168.000000
2.359557	6.579997	6.600000	3836.833703	0.822746	1169.000000
2.555664	6.583424	6.600000	3850.350972	0.806748	1170.000000
2.772074	6.573943	6.600000	3983.045079	0.771060	1171.000000
2.982206	6.579197	6.600000	3726.351403	0.748243	1172.000000
3.187142	6.576813	6.600000	3606.280380	0.725048	1173.000000
3.376699	6.581265	6.600000	3595.584550	0.711316	1174.000000
3.566692	6.566207	6.600000	3494.498232	0.676695	1175.000000
3.790086	6.576953	6.600000	3444.817121	0.656032	1176.000000
3.963214	6.565807	6.600000	3399.273497	0.745489	1177.000000
4.182361	6.559255	6.600000	3425.638151	0.584907	1178.000000
4.343729	6.583230	6.600000	3206.848770	0.570852	1179.000000
4.559764	6.572230	6.600000	3081.555556	0.546098	1180.000000
4.762325	6.579739	6.600000	2965.201179	0.503632	1181.000000
4.958075	6.578520	6.600000	2800.924889	0.470359	1182.000000
5.177846	6.577614	6.600000	2727.924435	0.445774	1183.000000
5.353065	6.589586	6.600000	3474.323248	0.659295	1184.000000
5.551310	6.569536	6.600000	3041.455487	0.438293	1185.000000
5.749242	6.569323	6.600000	1988.295483	0.319528	1186.000000
5.947888	6.558659	6.600000	1771.679607	0.275157	1187.000000
6.131145	6.583722	6.600000	1743.217054	0.253417	1188.000000
6.343181	6.574810	6.600000	1354.607593	0.192086	1189.000000
6.741136	6.613026	6.600000	1240.891848	0.180536	1190.000000
6.957635	6.632645	6.600000	1270.086112	0.174182	1191.000000
-0.002064	6.778899	6.800000	4256.930641	1.245327	1192.000000
0.188774	6.769413	6.800000	4157.474916	1.080998	1193.000000
0.341716	6.779216	6.800000	4263.270401	1.090897	1194.000000
0.585408	6.780936	6.800000	4265.563417	1.061092	1195.000000
0.790392	6.776447	6.800000	4362.461522	1.182665	1196.000000
0.962586	6.771118	6.800000	4272.389325	1.301303	1197.000000
1.168580	6.781191	6.800000	4426.191202	1.007532	1198.000000
1.365839	6.779985	6.800000	4333.300917	1.056338	1199.000000
1.563199	6.772899	6.800000	4258.341024	0.953125	1200.000000
1.762661	6.776115	6.800000	4233.497237	0.935134	1201.000000
1.921911	6.776721	6.800000	4217.088185	0.922134	1202.000000
2.191514	6.779102	6.800000	4389.066851	0.903438	1203.000000
2.387571	6.777452	6.800000	4158.698979	0.868229	1204.000000
2.587014	6.768778	6.800000	4463.850410	0.929255	1205.000000
2.757696	6.778415	6.800000	4467.843635	0.882435	1206.000000
2.973601	6.772910	6.800000	4088.804612	0.957361	1207.000000
3.188696	6.762953	6.800000	4568.255785	0.828204	1208.000000
3.381212	6.783414	6.800000	4346.923334	0.772878	1209.000000
3.572275	6.778906	6.800000	3886.925366	0.721838	1210.000000
3.763037	6.779532	6.800000	4257.066354	0.743891	1211.000000
3.979923	6.775604	6.800000	3593.390740	0.662705	1212.000000
4.176711	6.777636	6.800000	3590.337744	0.653181	1213.000000
4.364459	6.770919	6.800000	3473.685917	0.607841	1214.000000
4.570511	6.775284	6.800000	3400.570651	0.585675	1215.000000
4.783173	6.768557	6.800000	3256.236513	0.548697	1216.000000
4.945540	6.780958	6.800000	3963.479879	0.591745	1217.000000
5.183302	6.782743	6.800000	3083.586857	0.493616	1218.000000
5.375911	6.772421	6.800000	2811.443229	0.444910	1219.000000
5.559127	6.782571	6.800000	2721.347481	0.419992	1220.000000
5.774130	6.787303	6.800000	3168.074560	0.441902	1221.000000
5.966257	6.775832	6.800000	2201.956555	0.488290	1222.000000
6.178178	6.776199	6.800000	2242.107608	0.328900	1223.000000
6.378139	6.782026	6.800000	1735.163828	0.249119	1224.000000
6.562204	6.771905	6.800000	1465.790864	0.200993	1225.000000
6.932076	6.822375	6.800000	1253.896658	0.169027	1226.000000
0.000448	6.982275	7.000000	4596.738458	1.284539	1227.000000
0.174416	6.982678	7.000000	4593.590631	1.138571	1228.000000
0.362156	6.982922	7.000000	4562.602276	1.117599	1229.000000
0.554752	6.989078	7.000000	4644.973119	1.121364	1230.000000
0.763600	6.975803	7.000000	4557.673086	1.083493	1231.000000
0.964034	6.973467	7.000000	4762.564492	1.078688	1232.000000
1.159480	6.969351	7.000000	4559.752160	1.309957	1233.000000
1.357917	6.963264	7.000000	4692.222299	1.065030	1234.000000
1.576789	6.979433	7.000000	4658.428990	1.013146	1235.000000
1.777221	6.977408	7.000000	4592.934649	0.995633	1236.000000
1.977266	6.983157	7.000000	4610.173398	0.967272	1237.000000
2.190908	6.989049	7.000000	4971.309384	0.984278	1238.000000
2.356008	6.981899	7.000000	4553.831041	0.925929	1239.000000
2.558553	6.974793	7.000000	4544.454338	1.008767	1240.000000
2.770953	6.973525	7.000000	4542.082345	0.996123	1241.000000
2.980015	6.983565	7.000000	4606.141591	0.870231	1242.000000
3.168894	6.980167	7.000000	4435.804384	0.842627	1243.000000
3.381898	6.971392	7.000000	4707.348220	0.885033	1244.000000
3.588013	6.983328	7.000000	4307.345307	0.799465	1245.000000
3.790034	6.983076	7.000000	4250.332030	0.761016	1246.000000
3.987563	6.969117	7.000000	4107.015807	0.731533	1247.000000
4.177009	6.967135	7.000000	3959.526868	0.687395	1248.000000
4.354665	6.971208	7.000000	3899.150903	0.670621	1249.000000
4.569270	6.971226	7.000000	3779.425434	0.632249	1250.000000
4.748952	6.969436	7.000000	3608.363271	0.606833	1251.000000
4.962562	6.983404	7.000000	3621.058554	0.580071	1252.000000
5.181991	6.969803	7.000000	3344.253999	0.537284	1253.000000
5.367476	6.984714	7.000000	3304.540629	0.508055	1254.000000
5.554299	6.976781	7.000000	3042.501554	0.470473	1255.000000
5.749134	6.967671	7.000000	3740.643322	0.555719	1256.000000
5.953691	6.983643	7.000000	3011.553810	0.417840	1257.000000
6.167835	6.970142	7.000000	2341.146513	0.497200	1258.000000
6.352377	6.972702	7.000000	2960.449479	0.388124	1259.000000
6.577816	6.973916	7.000000	1952.632211	0.251017	1260.000000
6.771852	6.971031	7.000000	1542.272483	0.205994	1261.000000
