V0		Vf		V_sent		D		dt		triple_id
0.000042	0.007886	0.000000	6.070952	0.055997	0.000000
0.023274	0.020235	0.000000	8.817027	0.065447	1.000000
0.002682	0.018730	0.000000	7.175422	0.039586	2.000000
0.031387	0.016855	0.000000	14.355610	0.060755	3.000000
0.024939	0.004350	0.000000	23.613220	0.042564	4.000000
0.021836	0.007120	0.000000	193.129104	0.149747	5.000000
0.002504	0.009336	0.000000	65.881098	0.065954	6.000000
0.017875	0.016910	0.000000	285.979750	0.107865	7.000000
0.052466	0.003544	0.000000	48.962824	0.062239	8.000000
0.025296	0.001733	0.000000	64.186927	0.055875	9.000000
0.028227	0.006407	0.000000	64.402326	0.046157	10.000000
0.034183	0.003155	0.000000	32.845460	0.047718	11.000000
0.035664	0.011122	0.000000	93.778556	0.059781	12.000000
0.030295	0.013390	0.000000	76.431405	0.054463	13.000000
0.037500	0.008761	0.000000	88.789928	0.056353	14.000000
0.029428	0.026520	0.000000	94.709423	0.054438	15.000000
0.016017	0.020295	0.000000	94.300056	0.037744	16.000000
0.024637	0.004865	0.000000	110.048009	0.246081	17.000000
0.002869	0.009279	0.000000	135.761534	0.037572	18.000000
0.034577	0.014515	0.000000	143.319462	0.039260	19.000000
0.021773	0.009143	0.000000	135.306229	0.062816	20.000000
0.009174	0.027127	0.000000	159.428180	0.056393	21.000000
0.045963	0.007465	0.000000	148.342300	0.053819	22.000000
0.020302	0.013855	0.000000	164.753427	0.052926	23.000000
0.001412	0.016018	0.000000	196.860151	0.035866	24.000000
0.044084	0.024091	0.000000	165.943998	0.038670	25.000000
0.021646	0.002357	0.000000	191.865419	0.049515	26.000000
0.050302	0.021904	0.000000	183.224617	0.044955	27.000000
0.032403	0.021716	0.000000	275.335373	0.047613	28.000000
0.022112	0.009491	0.000000	185.518151	0.047658	29.000000
0.049682	0.000160	0.000000	1372.527745	0.103399	30.000000
0.021290	0.007312	0.000000	233.155830	0.047922	31.000000
0.008515	0.010238	0.000000	232.128754	0.053501	32.000000
0.034952	0.017061	0.000000	202.027907	0.049443	33.000000
0.028882	0.020576	0.000000	40.214668	0.053151	34.000000
0.043400	0.016633	0.000000	294.680547	0.062000	35.000000
0.042023	0.006423	0.000000	240.079826	0.049124	36.000000
0.002480	0.006734	0.000000	7.416786	0.059531	37.000000
0.043471	0.020652	0.000000	18.846423	0.039255	38.000000
0.042973	0.003082	0.000000	34.028010	0.052600	39.000000
0.048122	0.014777	0.000000	37.715721	0.054589	40.000000
0.000367	0.024644	0.000000	42.187200	0.051417	41.000000
0.032817	0.009222	0.000000	60.535564	0.058864	42.000000
0.000778	0.005112	0.000000	27.496915	0.048286	43.000000
0.026566	0.016721	0.000000	60.391917	0.044392	44.000000
0.003940	0.031806	0.000000	64.929223	0.027914	45.000000
0.004061	0.016203	0.000000	96.461216	0.058773	46.000000
0.001297	0.016411	0.000000	90.884301	0.046582	47.000000
0.012840	0.004113	0.000000	567.148617	0.137036	48.000000
0.039456	0.005790	0.000000	100.136469	0.054408	49.000000
0.013545	0.003920	0.000000	140.783039	0.053991	50.000000
0.036099	0.021278	0.000000	116.683802	0.056833	51.000000
0.046495	0.021647	0.000000	136.821593	0.065868	52.000000
0.004868	0.022215	0.000000	141.506774	0.059453	53.000000
0.027861	0.010681	0.000000	104.475798	0.050041	54.000000
0.014770	0.013768	0.000000	137.059213	0.042120	55.000000
0.007585	0.006690	0.000000	163.480726	0.040010	56.000000
0.003621	0.026054	0.000000	174.083628	0.058570	57.000000
0.020948	0.003063	0.000000	66.852274	0.045393	58.000000
0.034468	0.020416	0.000000	78.862498	0.039657	59.000000
0.049861	0.017896	0.000000	157.251634	0.043427	60.000000
0.020854	0.024108	0.000000	244.591667	0.059945	61.000000
0.011154	0.022838	0.000000	244.394223	0.050803	62.000000
0.031761	0.003809	0.000000	160.436396	0.051601	63.000000
0.030227	0.007028	0.000000	168.640860	0.050992	64.000000
0.041604	0.017743	0.000000	204.080507	0.049994	65.000000
0.005044	0.016402	0.000000	142.248147	0.048823	66.000000
0.011228	0.019966	0.000000	204.737863	0.060476	67.000000
0.002873	0.017247	0.000000	1066.207548	0.088994	68.000000
0.049681	0.026770	0.000000	132.958965	0.063580	69.000000
0.034551	0.005475	0.000000	1821.335454	0.156954	70.000000
0.031212	0.026260	0.000000	270.574590	0.060123	71.000000
0.000928	0.001178	0.000000	5.699503	0.054494	72.000000
0.001632	0.018912	0.000000	20.767536	0.075177	73.000000
0.023560	0.011677	0.000000	44.801188	0.082720	74.000000
0.022628	0.018934	0.000000	58.626085	0.068399	75.000000
0.012608	0.023153	0.000000	60.891982	0.073153	76.000000
0.020780	0.026476	0.000000	105.810648	0.088850	77.000000
0.016993	0.024011	0.000000	72.063784	0.038646	78.000000
0.010176	0.011316	0.000000	74.033097	0.057169	79.000000
0.001718	0.008963	0.000000	83.115747	0.047501	80.000000
0.015282	0.020337	0.000000	87.794613	0.032594	81.000000
0.036688	0.003655	0.000000	83.835779	0.054704	82.000000
0.024306	0.011915	0.000000	99.705994	0.042750	83.000000
0.026453	0.022275	0.000000	123.839597	0.054901	84.000000
0.039338	0.015754	0.000000	50.893087	0.052195	85.000000
0.002603	0.011812	0.000000	75.675496	0.047589	86.000000
0.023893	0.015386	0.000000	128.543467	0.052460	87.000000
0.017004	0.017295	0.000000	154.775456	0.263397	88.000000
0.009530	0.014297	0.000000	301.202887	0.055477	89.000000
0.002754	0.019405	0.000000	156.767654	0.065530	90.000000
0.042146	0.017549	0.000000	113.370175	0.070644	91.000000
0.017024	0.015515	0.000000	153.798481	0.051719	92.000000
0.031678	0.011808	0.000000	220.723986	0.039788	93.000000
0.001235	0.005300	0.000000	208.511413	0.071222	94.000000
0.038207	0.007390	0.000000	161.021837	0.049590	95.000000
0.025405	0.027203	0.000000	123.009398	0.066175	96.000000
0.006652	0.006231	0.000000	231.081563	0.054211	97.000000
0.016385	0.024453	0.000000	178.642425	0.059027	98.000000
0.001870	0.011436	0.000000	1352.574103	0.154221	99.000000
0.035596	0.018453	0.000000	247.545358	0.076132	100.000000
0.043180	0.024758	0.000000	267.375389	0.039452	101.000000
0.030500	0.017711	0.000000	234.222361	0.041708	102.000000
0.024584	0.020397	0.000000	291.900824	0.047866	103.000000
0.033360	0.015246	0.000000	272.955635	0.051594	104.000000
0.045668	0.014989	0.000000	325.520204	0.284365	105.000000
0.019714	0.026728	0.000000	307.244277	0.075396	106.000000
0.002960	0.006332	0.000000	24.871796	0.062704	107.000000
0.030034	0.014291	0.000000	29.656535	0.064044	108.000000
0.025076	0.007318	0.000000	38.517345	0.065828	109.000000
0.025185	0.022733	0.000000	35.543638	0.064222	110.000000
0.029127	0.011229	0.000000	63.492316	0.049415	111.000000
0.036359	0.016071	0.000000	70.356174	0.068586	112.000000
0.028127	0.012146	0.000000	64.579553	0.056957	113.000000
0.003141	0.027417	0.000000	82.485994	0.066140	114.000000
0.039012	0.003770	0.000000	79.935725	0.048133	115.000000
0.008204	0.016144	0.000000	79.269316	0.047235	116.000000
0.037001	0.024288	0.000000	56.757324	0.063463	117.000000
0.014336	0.027532	0.000000	97.291272	0.058524	118.000000
0.038009	0.012267	0.000000	130.415402	0.045841	119.000000
0.023662	0.026040	0.000000	96.205935	0.045595	120.000000
0.043461	0.022160	0.000000	161.214260	0.063682	121.000000
0.034441	0.005912	0.000000	147.209565	0.062139	122.000000
0.009585	0.027234	0.000000	153.315058	0.051501	123.000000
0.009671	0.010556	0.000000	210.464729	0.053161	124.000000
0.014871	0.022432	0.000000	622.282534	0.070798	125.000000
0.026483	0.029925	0.000000	184.963397	0.037320	126.000000
0.046485	0.025238	0.000000	153.740033	0.051392	127.000000
0.017310	0.016553	0.000000	1024.307213	0.188115	128.000000
0.014425	0.002523	0.000000	405.670973	0.041628	129.000000
0.021972	0.022710	0.000000	241.147823	0.060445	130.000000
0.001307	0.012211	0.000000	86.705786	0.042898	131.000000
0.040957	0.015056	0.000000	117.395369	0.040552	132.000000
0.032931	0.000963	0.000000	204.854856	0.040764	133.000000
0.027509	0.009125	0.000000	174.177106	0.040658	134.000000
0.023880	0.023807	0.000000	218.204133	0.057052	135.000000
0.043279	0.023781	0.000000	232.299878	0.046788	136.000000
0.035103	0.017564	0.000000	145.219238	0.037213	137.000000
0.013146	0.019743	0.000000	251.785482	0.046791	138.000000
0.013433	0.006527	0.000000	695.981981	0.053437	139.000000
0.041740	0.019909	0.000000	267.447530	0.046715	140.000000
0.012800	0.009846	0.000000	218.007971	0.047286	141.000000
0.000733	0.011055	0.000000	17.124073	0.047029	142.000000
0.043210	0.015576	0.000000	22.823535	0.056162	143.000000
0.001854	0.022915	0.000000	37.029628	0.058574	144.000000
0.022684	0.014205	0.000000	40.047176	0.047956	145.000000
0.013019	0.004004	0.000000	40.990844	0.039111	146.000000
0.032316	0.006429	0.000000	404.962620	0.186555	147.000000
0.005338	0.017634	0.000000	68.491046	0.034244	148.000000
0.036013	0.004726	0.000000	334.266610	0.102903	149.000000
0.005411	0.006844	0.000000	74.944809	0.046697	150.000000
0.001318	0.013785	0.000000	83.389622	0.037652	151.000000
0.014284	0.019735	0.000000	105.149209	0.069902	152.000000
0.023602	0.025825	0.000000	625.775397	0.184067	153.000000
0.044931	0.020485	0.000000	176.719038	0.052154	154.000000
0.013268	0.012430	0.000000	126.271729	0.054121	155.000000
0.026793	0.016864	0.000000	129.646617	0.061572	156.000000
0.025997	0.022603	0.000000	87.173180	0.042365	157.000000
0.032532	0.020422	0.000000	118.786058	0.033301	158.000000
0.032815	0.017188	0.000000	153.391731	0.058336	159.000000
0.044002	0.008115	0.000000	121.289880	0.050256	160.000000
0.048776	0.009897	0.000000	141.772810	0.039884	161.000000
0.026145	0.016296	0.000000	137.955537	0.038631	162.000000
0.032250	0.003853	0.000000	148.521352	0.048950	163.000000
0.016512	0.014005	0.000000	153.706833	0.048660	164.000000
0.004773	0.019161	0.000000	173.789268	0.039304	165.000000
0.015717	0.029158	0.000000	181.575212	0.045793	166.000000
0.012880	0.014790	0.000000	223.959616	0.258930	167.000000
0.028298	0.024628	0.000000	127.545467	0.049747	168.000000
0.032066	0.022170	0.000000	272.026405	0.303590	169.000000
0.016173	0.010802	0.000000	484.951651	0.063247	170.000000
0.015082	0.002058	0.000000	264.558781	0.037274	171.000000
0.013960	0.013814	0.000000	293.055265	0.052758	172.000000
0.042168	0.019852	0.000000	236.483756	0.047239	173.000000
0.029984	0.007425	0.000000	1480.452293	0.090492	174.000000
0.026613	0.006770	0.000000	172.987358	0.053160	175.000000
0.011821	0.003717	0.000000	279.611435	0.048483	176.000000
0.000239	0.013154	0.000000	29.493381	0.049395	177.000000
0.020059	0.009659	0.000000	31.122042	0.040856	178.000000
0.049282	0.010553	0.000000	47.270729	0.055441	179.000000
0.004437	0.002880	0.000000	18.248359	0.038513	180.000000
0.017722	0.017666	0.000000	45.727486	0.051166	181.000000
0.001510	0.021439	0.000000	49.236941	0.049972	182.000000
0.001209	0.004190	0.000000	67.180143	0.043229	183.000000
0.034564	0.004097	0.000000	72.366570	0.054305	184.000000
0.005018	0.017226	0.000000	46.244774	0.049590	185.000000
0.006329	0.009118	0.000000	60.048768	0.048431	186.000000
0.016442	0.020075	0.000000	52.352637	0.035678	187.000000
0.016144	0.008946	0.000000	127.458460	0.056043	188.000000
0.025247	0.018591	0.000000	154.676961	0.055207	189.000000
0.008687	0.012003	0.000000	121.036562	0.052524	190.000000
0.006449	0.010483	0.000000	60.301147	0.039195	191.000000
0.006513	0.024463	0.000000	152.087029	0.052277	192.000000
0.009903	0.026830	0.000000	148.709597	0.053267	193.000000
0.042595	0.005967	0.000000	114.701585	0.034128	194.000000
0.032511	0.023637	0.000000	134.536186	0.043603	195.000000
0.038871	0.012339	0.000000	195.940167	0.057335	196.000000
0.030820	0.012486	0.000000	224.173313	0.291695	197.000000
0.003011	0.022262	0.000000	93.022643	0.023529	198.000000
0.052843	0.009043	0.000000	273.527714	0.242269	199.000000
0.032602	0.018553	0.000000	759.496286	0.095512	200.000000
0.029831	0.002881	0.000000	1123.262008	0.253284	201.000000
0.045636	0.007021	0.000000	183.858785	0.042107	202.000000
0.018857	0.001286	0.000000	1703.034569	0.188032	203.000000
0.008281	0.018308	0.000000	135.521268	0.277092	204.000000
0.035470	0.003113	0.000000	359.459227	0.044224	205.000000
0.038413	0.013748	0.000000	105.807726	0.051136	206.000000
0.035383	0.016000	0.000000	199.955271	0.041341	207.000000
0.039426	0.008200	0.000000	245.389594	0.051248	208.000000
0.044437	0.009049	0.000000	284.606435	0.042094	209.000000
0.048687	0.023388	0.000000	253.737834	0.057869	210.000000
0.041712	0.019101	0.000000	247.323734	0.044145	211.000000
0.001919	0.012675	0.000000	15.335461	0.039627	212.000000
0.019203	0.008657	0.000000	52.519088	0.063009	213.000000
0.046769	0.015756	0.000000	49.917063	0.062267	214.000000
0.003813	0.019826	0.000000	62.112924	0.055499	215.000000
0.040829	0.012386	0.000000	31.720352	0.035114	216.000000
0.000813	0.005170	0.000000	49.133359	0.044281	217.000000
0.003582	0.024803	0.000000	81.607110	0.047385	218.000000
0.012861	0.019359	0.000000	59.663035	0.044608	219.000000
0.001175	0.010233	0.000000	78.093076	0.037264	220.000000
0.023554	0.010724	0.000000	69.330091	0.043997	221.000000
0.013689	0.024190	0.000000	102.610238	0.048928	222.000000
0.012454	0.024359	0.000000	567.916168	0.249511	223.000000
0.027637	0.018811	0.000000	238.979217	0.057000	224.000000
0.032750	0.003886	0.000000	154.295821	0.053782	225.000000
0.039381	0.004281	0.000000	158.280781	0.043156	226.000000
0.044562	0.023924	0.000000	137.094352	0.031233	227.000000
0.012775	0.020452	0.000000	136.231009	0.052511	228.000000
0.008554	0.005445	0.000000	142.939008	0.053347	229.000000
0.027691	0.017184	0.000000	90.669433	0.035470	230.000000
0.035898	0.013142	0.000000	173.932074	0.055527	231.000000
0.028002	0.005683	0.000000	162.666481	0.051047	232.000000
0.026567	0.016345	0.000000	160.607155	0.054974	233.000000
0.032285	0.002763	0.000000	173.035041	0.055413	234.000000
0.036808	0.003814	0.000000	142.912723	0.051634	235.000000
0.038078	0.029076	0.000000	169.772410	0.050789	236.000000
0.043437	0.028155	0.000000	204.947417	0.030122	237.000000
0.048921	0.006105	0.000000	170.901566	0.045048	238.000000
0.023246	0.017506	0.000000	206.824515	0.045391	239.000000
0.025320	0.013714	0.000000	1709.694447	0.169879	240.000000
0.040820	0.017722	0.000000	1153.826023	0.115597	241.000000
0.011749	0.028091	0.000000	251.302356	0.052791	242.000000
0.042022	0.001514	0.000000	231.146947	0.045044	243.000000
0.025102	0.018569	0.000000	133.733711	0.060594	244.000000
0.019705	0.007567	0.000000	1499.585547	0.110779	245.000000
0.025032	0.026828	0.000000	246.327033	0.053622	246.000000
0.003441	0.014875	0.000000	28.834890	0.037130	247.000000
0.008836	0.018833	0.000000	57.555342	0.055232	248.000000
0.029306	0.014136	0.000000	65.986231	0.059857	249.000000
0.046204	0.003987	0.000000	45.401002	0.036466	250.000000
0.029541	0.013790	0.000000	73.538299	0.052465	251.000000
0.026135	0.015092	0.000000	99.487774	0.060431	252.000000
0.014752	0.015873	0.000000	96.544784	0.047952	253.000000
0.001419	0.005204	0.000000	105.333967	0.046318	254.000000
0.042112	0.005251	0.000000	60.933475	0.037126	255.000000
0.031957	0.013284	0.000000	130.615426	0.068353	256.000000
0.011424	0.015293	0.000000	93.557235	0.039553	257.000000
0.017917	0.008181	0.000000	112.866722	0.042344	258.000000
0.032525	0.001372	0.000000	121.089078	0.044445	259.000000
0.036519	0.028234	0.000000	91.082383	0.037214	260.000000
0.027578	0.006818	0.000000	134.265561	0.049850	261.000000
0.006630	0.024191	0.000000	169.704516	0.052091	262.000000
0.001129	0.029526	0.000000	202.669827	0.041391	263.000000
0.017089	0.012362	0.000000	860.937955	0.120371	264.000000
0.007555	0.015479	0.000000	181.148830	0.052672	265.000000
0.011448	0.017846	0.000000	170.848825	0.052009	266.000000
0.038845	0.012489	0.000000	166.822804	0.037543	267.000000
0.001203	0.008202	0.000000	212.190804	0.046393	268.000000
0.001121	0.003410	0.000000	202.364967	0.047060	269.000000
0.040758	0.017011	0.000000	745.020422	0.084862	270.000000
0.035171	0.021791	0.000000	182.894562	0.036777	271.000000
0.033705	0.012690	0.000000	118.632876	0.057464	272.000000
0.046304	0.011460	0.000000	186.252578	0.314114	273.000000
0.035732	0.010026	0.000000	1495.749360	0.157620	274.000000
0.029079	0.016314	0.000000	238.023665	0.044992	275.000000
0.020996	0.022012	0.000000	1406.030792	0.107575	276.000000
0.027298	0.006766	0.000000	233.579930	0.047877	277.000000
0.049438	0.009127	0.000000	218.643196	0.052218	278.000000
0.007298	0.006352	0.000000	1385.778328	0.115390	279.000000
0.038581	0.029854	0.000000	294.160469	0.291609	280.000000
0.046338	0.008535	0.000000	1868.022439	0.146281	281.000000
0.001887	0.007694	0.000000	58.619999	0.049872	282.000000
0.046927	0.016975	0.000000	104.292210	0.165889	283.000000
0.036083	0.015088	0.000000	54.663643	0.045516	284.000000
0.026174	0.004666	0.000000	57.930767	0.049013	285.000000
0.010785	0.012269	0.000000	91.542364	0.059374	286.000000
0.023554	0.013453	0.000000	89.285097	0.049697	287.000000
0.032213	0.002442	0.000000	82.713678	0.039381	288.000000
0.004219	0.005683	0.000000	92.628177	0.045901	289.000000
0.029594	0.004541	0.000000	62.324669	0.044709	290.000000
0.039034	0.009040	0.000000	128.395248	0.051492	291.000000
0.018090	0.015978	0.000000	93.053547	0.037385	292.000000
0.027509	0.015950	0.000000	135.692140	0.064787	293.000000
0.026492	0.020895	0.000000	80.699007	0.049339	294.000000
0.029818	0.006248	0.000000	72.092619	0.032395	295.000000
0.009789	0.017782	0.000000	135.940164	0.037404	296.000000
0.001740	0.019786	0.000000	156.412354	0.054334	297.000000
0.046915	0.021424	0.000000	731.018700	0.114252	298.000000
0.013158	0.022185	0.000000	169.332659	0.046979	299.000000
0.021263	0.027125	0.000000	116.380591	0.052048	300.000000
0.033787	0.013836	0.000000	118.894664	0.048397	301.000000
0.043623	0.026649	0.000000	192.699302	0.052247	302.000000
0.038127	0.026390	0.000000	156.643845	0.055722	303.000000
0.026630	0.025957	0.000000	158.649291	0.055022	304.000000
0.003869	0.024926	0.000000	176.830951	0.061850	305.000000
0.013596	0.016124	0.000000	239.804359	0.044518	306.000000
0.003069	0.004170	0.000000	244.596114	0.051865	307.000000
0.003237	0.011076	0.000000	186.664000	0.037062	308.000000
0.035197	0.021385	0.000000	206.069123	0.033380	309.000000
0.047335	0.011229	0.000000	307.301854	0.050341	310.000000
0.041199	0.022228	0.000000	149.220262	0.028644	311.000000
0.003444	0.015683	0.000000	157.670126	0.052815	312.000000
0.045767	0.007840	0.000000	235.670142	0.054178	313.000000
0.019195	0.028402	0.000000	364.932126	0.278783	314.000000
0.037612	0.023211	0.000000	1897.517083	0.128848	315.000000
0.038515	0.015519	0.000000	1551.202777	0.090237	316.000000
0.001667	0.004130	0.000000	67.454066	0.059187	317.000000
0.014551	0.011659	0.000000	35.074855	0.045341	318.000000
0.048291	0.015357	0.000000	79.976663	0.059259	319.000000
0.007628	0.007939	0.000000	70.432568	0.051813	320.000000
0.024419	0.021380	0.000000	106.827856	0.066376	321.000000
0.008590	0.009870	0.000000	64.821897	0.044746	322.000000
0.026643	0.014792	0.000000	100.495817	0.055562	323.000000
0.000463	0.008342	0.000000	89.371908	0.042032	324.000000
0.016094	0.013725	0.000000	90.336038	0.049016	325.000000
0.018606	0.012172	0.000000	88.726561	0.044279	326.000000
0.026140	0.011756	0.000000	139.992855	0.053849	327.000000
0.017036	0.006839	0.000000	51.923140	0.029453	328.000000
0.005112	0.021280	0.000000	463.718424	0.372027	329.000000
0.013630	0.013695	0.000000	534.076408	0.412694	330.000000
0.005322	0.017735	0.000000	389.469636	0.064659	331.000000
0.006057	0.016803	0.000000	132.701998	0.038478	332.000000
0.042813	0.022401	0.000000	180.476379	0.053943	333.000000
0.045488	0.006893	0.000000	187.647710	0.048556	334.000000
0.043157	0.021933	0.000000	162.932657	0.044379	335.000000
0.001652	0.021676	0.000000	175.302548	0.043278	336.000000
0.048454	0.024958	0.000000	159.492334	0.030757	337.000000
0.043037	0.006850	0.000000	1179.392737	0.167472	338.000000
0.035037	0.011625	0.000000	366.292118	0.051401	339.000000
0.011025	0.012083	0.000000	162.446103	0.047001	340.000000
0.015683	0.006924	0.000000	193.706070	0.036036	341.000000
0.032409	0.006740	0.000000	230.694736	0.055108	342.000000
0.014121	0.012015	0.000000	103.163863	0.645868	343.000000
0.026895	0.004108	0.000000	191.112626	0.048031	344.000000
0.037968	0.016797	0.000000	137.007321	0.040584	345.000000
0.028509	0.018987	0.000000	206.160857	0.055006	346.000000
0.013051	0.015669	0.000000	277.255232	0.051090	347.000000
0.013687	0.017300	0.000000	1279.414954	0.119774	348.000000
0.004913	0.012980	0.000000	1530.766457	0.119454	349.000000
0.041074	0.010611	0.000000	1484.595728	0.183086	350.000000
0.031197	0.017637	0.000000	1382.233557	0.140430	351.000000
0.003252	0.007987	0.000000	42.972723	0.093767	352.000000
0.017305	0.010320	0.000000	55.402481	0.074237	353.000000
0.008700	0.002849	0.000000	65.988714	0.050898	354.000000
0.035211	0.018238	0.000000	94.015400	0.049634	355.000000
0.019333	0.014308	0.000000	167.645903	0.319311	356.000000
0.011168	0.013980	0.000000	481.012683	0.236164	357.000000
0.013448	0.005312	0.000000	210.641446	0.068124	358.000000
0.003901	0.007140	0.000000	114.794687	0.050821	359.000000
0.007185	0.011246	0.000000	62.580137	0.042292	360.000000
0.045410	0.018443	0.000000	122.184145	0.052195	361.000000
0.019429	0.026210	0.000000	115.960483	0.037356	362.000000
0.019609	0.002230	0.000000	826.079252	0.236594	363.000000
0.000413	0.010191	0.000000	328.577875	0.361269	364.000000
0.039129	0.006907	0.000000	266.471719	0.054494	365.000000
0.044974	0.024970	0.000000	161.718878	0.065852	366.000000
0.002503	0.018336	0.000000	139.268794	0.050949	367.000000
0.037901	0.003799	0.000000	178.707113	0.043047	368.000000
0.034767	0.026513	0.000000	194.121053	0.252588	369.000000
0.044051	0.003564	0.000000	567.757771	0.381651	370.000000
0.022080	0.006508	0.000000	592.202437	0.094021	371.000000
0.003907	0.027359	0.000000	216.952361	0.037214	372.000000
0.036649	0.019565	0.000000	1241.067114	0.486544	373.000000
0.018438	0.014183	0.000000	989.204061	0.148545	374.000000
0.043172	0.017839	0.000000	609.832947	0.044079	375.000000
0.050949	0.006999	0.000000	212.968019	0.045891	376.000000
0.048554	0.013423	0.000000	160.245757	0.035088	377.000000
0.026125	0.027388	0.000000	241.747992	0.043987	378.000000
0.029939	0.008899	0.000000	268.170802	0.051657	379.000000
0.008997	0.005207	0.000000	177.621188	0.049554	380.000000
0.032941	0.017365	0.000000	263.243555	0.031775	381.000000
0.042698	0.015657	0.000000	1548.458193	0.233140	382.000000
0.036753	0.019803	0.000000	900.722872	0.092170	383.000000
0.036444	0.016972	0.000000	1473.223269	0.130673	384.000000
0.007512	0.010709	0.000000	301.304831	0.044648	385.000000
0.010757	0.021733	0.000000	1349.525036	0.146060	386.000000
0.002077	0.007930	0.000000	34.256273	0.099766	387.000000
0.024983	0.010531	0.000000	114.011109	0.283867	388.000000
0.030442	0.015017	0.000000	87.022614	0.039960	389.000000
0.032459	0.001623	0.000000	60.428137	0.037134	390.000000
0.028855	0.007655	0.000000	113.247905	0.054283	391.000000
0.000726	0.016230	0.000000	94.484218	0.055216	392.000000
0.005109	0.015501	0.000000	98.365642	0.051634	393.000000
0.044098	0.005543	0.000000	84.576870	0.034268	394.000000
0.035427	0.012654	0.000000	138.000508	0.057414	395.000000
0.001114	0.022437	0.000000	107.547497	0.060735	396.000000
0.012469	0.011529	0.000000	118.575987	0.263891	397.000000
0.037329	0.032256	0.000000	280.366403	0.122572	398.000000
0.037239	0.021835	0.000000	266.797756	0.094873	399.000000
0.024186	0.012099	0.000000	129.184639	0.039712	400.000000
0.023309	0.004796	0.000000	146.276962	0.039637	401.000000
0.027739	0.015304	0.000000	182.469193	0.056221	402.000000
0.025679	0.003634	0.000000	112.917287	0.043501	403.000000
0.034298	0.023603	0.000000	174.912247	0.047569	404.000000
0.014626	0.014965	0.000000	168.202726	0.035537	405.000000
0.033443	0.011274	0.000000	137.515227	0.055124	406.000000
0.001759	0.011772	0.000000	174.949679	0.055804	407.000000
0.025096	0.009024	0.000000	71.918029	0.040147	408.000000
0.010025	0.016768	0.000000	167.536158	0.283988	409.000000
0.007348	0.006971	0.000000	210.113592	0.053302	410.000000
0.038227	0.018933	0.000000	195.985206	0.053453	411.000000
0.030594	0.023215	0.000000	203.265840	0.037579	412.000000
0.029351	0.021357	0.000000	238.620790	0.037802	413.000000
0.043900	0.028718	0.000000	192.668321	0.050905	414.000000
0.028896	0.017431	0.000000	1453.130740	0.164876	415.000000
0.011751	0.001620	0.000000	244.291406	0.039252	416.000000
0.013616	0.021751	0.000000	273.380385	0.043031	417.000000
0.022537	0.016222	0.000000	200.046133	0.053839	418.000000
0.030161	0.004175	0.000000	308.849902	0.052743	419.000000
0.028348	0.008964	0.000000	276.061449	0.044512	420.000000
0.039250	0.003076	0.000000	233.309611	0.042326	421.000000
0.000283	0.017181	0.000000	78.145713	0.056032	422.000000
0.018801	0.003222	0.000000	87.558861	0.054646	423.000000
0.025404	0.004627	0.000000	61.636117	0.043934	424.000000
0.037415	0.021522	0.000000	110.501920	0.055529	425.000000
0.021506	0.017450	0.000000	64.951359	0.037453	426.000000
0.006864	0.011299	0.000000	127.641677	0.053570	427.000000
0.018888	0.005418	0.000000	102.229634	0.043471	428.000000
0.026876	0.006332	0.000000	119.071711	0.055995	429.000000
0.027716	0.008606	0.000000	97.188206	0.035176	430.000000
0.032770	0.015147	0.000000	125.298730	0.038079	431.000000
0.002143	0.017568	0.000000	68.111737	0.038715	432.000000
0.041865	0.011135	0.000000	145.087809	0.058391	433.000000
0.050286	0.010400	0.000000	199.100763	0.060079	434.000000
0.037683	0.026948	0.000000	79.707311	0.038243	435.000000
0.005544	0.011159	0.000000	162.236742	0.049305	436.000000
0.040119	0.026649	0.000000	228.936998	0.062864	437.000000
0.025859	0.029535	0.000000	138.481792	0.059408	438.000000
0.011475	0.018170	0.000000	191.048148	0.047792	439.000000
0.031690	0.007891	0.000000	128.164613	0.053643	440.000000
0.040546	0.007667	0.000000	1268.592402	0.205289	441.000000
0.041755	0.023148	0.000000	295.873009	0.053463	442.000000
0.030112	0.012989	0.000000	1078.465323	0.140731	443.000000
0.021276	0.011800	0.000000	232.366145	0.046447	444.000000
0.045183	0.019627	0.000000	167.712112	0.032288	445.000000
0.040645	0.006091	0.000000	221.789397	0.224019	446.000000
0.005780	0.021372	0.000000	241.202712	0.051025	447.000000
0.036820	0.003525	0.000000	230.030141	0.042064	448.000000
0.005712	0.006772	0.000000	1792.376180	0.405427	449.000000
0.044789	0.007379	0.000000	247.597931	0.051219	450.000000
0.040606	0.023922	0.000000	326.827175	0.057961	451.000000
0.004202	0.018508	0.000000	325.623866	0.057527	452.000000
0.043711	0.004980	0.000000	293.329469	0.046850	453.000000
0.009042	0.027758	0.000000	226.555213	0.062391	454.000000
0.037461	0.021546	0.000000	270.128462	0.047878	455.000000
0.024440	0.003159	0.000000	312.685863	0.046330	456.000000
0.000057	0.010932	0.000000	117.106452	0.058781	457.000000
0.031846	0.019968	0.000000	84.532613	0.049767	458.000000
0.035023	0.015799	0.000000	83.623409	0.039111	459.000000
0.023894	0.012726	0.000000	179.053181	0.166359	460.000000
0.012289	0.010254	0.000000	353.959789	0.212806	461.000000
0.001283	0.003951	0.000000	206.901091	0.058183	462.000000
0.021250	0.017828	0.000000	137.515922	0.056643	463.000000
0.018903	0.007560	0.000000	112.923917	0.041423	464.000000
0.026156	0.021539	0.000000	152.506382	0.059301	465.000000
0.039496	0.007032	0.000000	111.948395	0.037733	466.000000
0.009399	0.010122	0.000000	158.575592	0.051396	467.000000
0.034295	0.012487	0.000000	367.516272	0.107890	468.000000
0.047526	0.017849	0.000000	188.811864	0.045355	469.000000
0.024591	0.003332	0.000000	79.426169	0.051640	470.000000
0.037927	0.005930	0.000000	191.282096	0.049110	471.000000
0.045098	0.009453	0.000000	176.625354	0.044300	472.000000
0.011161	0.006059	0.000000	126.533745	0.055610	473.000000
0.009383	0.024270	0.000000	212.910788	0.059535	474.000000
0.023945	0.008227	0.000000	912.808657	0.136718	475.000000
0.012616	0.008557	0.000000	208.359476	0.044544	476.000000
0.012108	0.021163	0.000000	189.156584	0.043034	477.000000
0.038607	0.026673	0.000000	132.498539	0.312838	478.000000
0.012033	0.012000	0.000000	1552.234721	0.782496	479.000000
0.046666	0.023361	0.000000	913.576373	0.133688	480.000000
0.023183	0.018945	0.000000	226.984085	0.048394	481.000000
0.030641	0.004877	0.000000	328.257509	0.066726	482.000000
0.016200	0.007383	0.000000	2378.920197	0.359022	483.000000
0.046194	0.010634	0.000000	1380.225800	0.220133	484.000000
0.049355	0.028153	0.000000	994.271351	0.154165	485.000000
0.032632	0.010761	0.000000	843.968831	0.083094	486.000000
0.046759	0.011722	0.000000	268.551226	0.061452	487.000000
0.044776	0.021884	0.000000	300.693435	0.057506	488.000000
0.030745	0.005259	0.000000	306.270659	0.051859	489.000000
0.023272	0.006140	0.000000	345.751311	0.068147	490.000000
0.019228	0.025530	0.000000	390.687938	0.067584	491.000000
0.000336	0.017240	0.000000	96.993948	0.060325	492.000000
0.051043	0.007173	0.000000	91.887450	0.058145	493.000000
0.023678	0.003332	0.000000	79.370866	0.244041	494.000000
0.002250	0.015059	0.000000	52.205760	0.062346	495.000000
0.039394	0.016290	0.000000	131.904097	0.052157	496.000000
0.017344	0.020187	0.000000	72.855559	0.257313	497.000000
0.007451	0.013271	0.000000	179.321005	0.068902	498.000000
0.011108	0.007397	0.000000	131.401235	0.054515	499.000000
0.006146	0.005377	0.000000	136.902627	0.057694	500.000000
0.007543	0.005324	0.000000	200.890206	0.070174	501.000000
0.033542	0.011261	0.000000	131.395271	0.054752	502.000000
0.005368	0.021233	0.000000	233.694863	0.071000	503.000000
0.004836	0.012122	0.000000	197.742618	0.055904	504.000000
0.037559	0.011361	0.000000	140.697159	0.034922	505.000000
0.014659	0.010761	0.000000	199.505977	0.052831	506.000000
0.002499	0.004977	0.000000	282.794943	0.067831	507.000000
0.027972	0.003226	0.000000	228.343299	0.056953	508.000000
0.042018	0.013739	0.000000	221.034785	0.057485	509.000000
0.016471	0.023129	0.000000	274.052288	0.070376	510.000000
0.033446	0.024641	0.000000	208.358636	0.043776	511.000000
0.008936	0.024858	0.000000	299.431570	0.071197	512.000000
0.017459	0.011508	0.000000	235.736349	0.054736	513.000000
0.011033	0.020277	0.000000	256.654870	0.059173	514.000000
0.013385	0.016268	0.000000	238.953886	0.042767	515.000000
0.030879	0.017091	0.000000	323.017829	0.071878	516.000000
0.005603	0.006591	0.000000	121.406542	0.266135	517.000000
0.038558	0.011943	0.000000	281.338119	0.063961	518.000000
0.020445	0.030470	0.000000	287.725937	0.059049	519.000000
0.011655	0.006061	0.000000	298.692699	0.043997	520.000000
0.035776	0.010230	0.000000	368.862093	0.068158	521.000000
0.015764	0.018006	0.000000	1432.311204	0.196169	522.000000
0.035071	0.006996	0.000000	1020.099789	0.130742	523.000000
0.015098	0.012821	0.000000	384.295476	0.052888	524.000000
0.032098	0.019665	0.000000	351.158265	0.064464	525.000000
0.013600	0.019466	0.000000	319.910431	0.038655	526.000000
0.000095	0.020221	0.000000	59.218408	0.051670	527.000000
0.046636	0.012035	0.000000	111.869690	0.086131	528.000000
0.016459	0.014341	0.000000	110.964435	0.057124	529.000000
0.035990	0.021047	0.000000	173.867842	0.065491	530.000000
0.016238	0.013394	0.000000	137.057194	0.053368	531.000000
0.023570	0.008457	0.000000	172.561660	0.060052	532.000000
0.007820	0.005547	0.000000	134.723090	0.055757	533.000000
0.029911	0.022946	0.000000	188.438500	0.061893	534.000000
0.002679	0.011754	0.000000	128.935275	0.052803	535.000000
0.010705	0.017229	0.000000	464.897894	0.178935	536.000000
0.037519	0.010738	0.000000	402.535652	0.187173	537.000000
0.022058	0.002419	0.000000	370.359413	0.130295	538.000000
0.038952	0.012867	0.000000	297.003061	0.101836	539.000000
0.002759	0.012241	0.000000	216.758720	0.065170	540.000000
0.009068	0.020810	0.000000	662.837731	0.202457	541.000000
0.046529	0.011914	0.000000	841.184735	0.259907	542.000000
0.003851	0.007912	0.000000	699.043513	0.206672	543.000000
0.044107	0.010088	0.000000	586.880082	0.130075	544.000000
0.010341	0.022283	0.000000	446.231366	0.099935	545.000000
0.048072	0.005870	0.000000	278.101671	0.058580	546.000000
0.026043	0.006930	0.000000	867.815304	0.238479	547.000000
0.004493	0.028572	0.000000	946.689842	0.139667	548.000000
0.038940	0.021316	0.000000	286.609040	0.065044	549.000000
0.021407	0.005251	0.000000	249.366444	0.273207	550.000000
0.004077	0.023058	0.000000	725.096275	0.116537	551.000000
0.032441	0.005832	0.000000	344.852888	0.073727	552.000000
0.050017	0.015798	0.000000	342.542956	0.064605	553.000000
0.039164	0.029359	0.000000	287.662983	0.061202	554.000000
0.012120	0.021865	0.000000	1483.679723	0.234299	555.000000
0.011772	0.016878	0.000000	956.283434	0.129221	556.000000
0.040312	0.021757	0.000000	503.442444	0.065607	557.000000
0.024269	0.012665	0.000000	315.816519	0.053667	558.000000
0.021172	0.006034	0.000000	290.867470	0.055892	559.000000
0.046736	0.016695	0.000000	361.013377	0.039599	560.000000
0.008931	0.008910	0.000000	364.375470	0.050884	561.000000
0.003471	0.010083	0.000000	96.397849	0.043728	562.000000
0.053027	0.005963	0.000000	64.697875	0.047039	563.000000
0.042680	0.007541	0.000000	133.946080	0.256078	564.000000
0.007977	0.009028	0.000000	133.540537	0.167948	565.000000
0.000794	0.014143	0.000000	159.729488	0.116973	566.000000
0.030180	0.017185	0.000000	90.928873	0.216280	567.000000
0.021918	0.018890	0.000000	177.185423	0.086480	568.000000
0.012236	0.004428	0.000000	147.614046	0.051381	569.000000
0.033595	0.009660	0.000000	170.651677	0.058227	570.000000
0.029486	0.009039	0.000000	126.426774	0.267029	571.000000
0.036642	0.001601	0.000000	462.683752	0.198046	572.000000
0.001521	0.021185	0.000000	513.643965	0.471307	573.000000
0.045542	0.020851	0.000000	524.586793	0.174112	574.000000
0.015886	0.008325	0.000000	221.902620	0.056911	575.000000
0.020312	0.010411	0.000000	230.634566	0.058731	576.000000
0.028663	0.003555	0.000000	239.288615	0.066264	577.000000
0.009862	0.013971	0.000000	205.697107	0.051564	578.000000
0.045845	0.005132	0.000000	239.652736	0.054748	579.000000
0.035673	0.004888	0.000000	269.750899	0.058285	580.000000
0.019654	0.019087	0.000000	221.193793	0.056682	581.000000
0.027278	0.011447	0.000000	150.537488	0.050054	582.000000
0.011341	0.008587	0.000000	290.867922	0.063673	583.000000
0.046296	0.002072	0.000000	270.687984	0.060556	584.000000
0.046461	0.006035	0.000000	1237.745724	0.168816	585.000000
0.007513	0.016758	0.000000	1089.428869	0.182118	586.000000
0.035484	0.024789	0.000000	462.684211	0.056305	587.000000
0.021072	0.013675	0.000000	388.946768	0.069298	588.000000
0.023972	0.020495	0.000000	234.192189	0.038073	589.000000
0.051337	0.010048	0.000000	309.722129	0.055566	590.000000
0.051622	0.007048	0.000000	284.669072	0.051834	591.000000
0.036839	0.008335	0.000000	414.461688	0.071232	592.000000
0.033495	0.006485	0.000000	429.550269	0.067649	593.000000
0.046818	0.012971	0.000000	335.904409	0.054081	594.000000
0.003921	0.003756	0.000000	249.968845	0.051177	595.000000
0.047519	0.011838	0.000000	368.597834	0.051308	596.000000
0.001850	0.005702	0.000000	125.279975	0.057672	597.000000
0.026826	0.006810	0.000000	136.881265	0.059709	598.000000
0.041813	0.008819	0.000000	118.532357	0.055917	599.000000
0.004487	0.007107	0.000000	117.914041	0.045479	600.000000
0.003386	0.005567	0.000000	144.769997	0.050396	601.000000
0.035760	0.020737	0.000000	172.324827	0.056769	602.000000
0.046100	0.003957	0.000000	140.889711	0.045265	603.000000
0.023994	0.005118	0.000000	205.493834	0.057829	604.000000
0.042465	0.019768	0.000000	154.158241	0.050342	605.000000
0.003539	0.010562	0.000000	202.433467	0.069284	606.000000
0.008020	0.012838	0.000000	220.647443	0.063336	607.000000
0.025313	0.012986	0.000000	191.527297	0.049225	608.000000
0.040464	0.005894	0.000000	225.007282	0.066304	609.000000
0.005020	0.011681	0.000000	181.706185	0.054659	610.000000
0.035399	0.009395	0.000000	206.730246	0.050359	611.000000
0.002476	0.011360	0.000000	219.381811	0.050889	612.000000
0.041702	0.004167	0.000000	228.733549	0.065685	613.000000
0.040183	0.017601	0.000000	196.904144	0.054009	614.000000
0.036766	0.008101	0.000000	277.344378	0.065484	615.000000
0.011943	0.015697	0.000000	317.827909	0.066395	616.000000
0.005176	0.005069	0.000000	211.619559	0.045665	617.000000
0.004078	0.017345	0.000000	239.739526	0.051027	618.000000
0.032830	0.027033	0.000000	334.486922	0.069722	619.000000
0.038702	0.017447	0.000000	369.774949	0.072971	620.000000
0.029658	0.007780	0.000000	361.477527	0.061763	621.000000
0.039616	0.014234	0.000000	289.075584	0.063449	622.000000
0.020529	0.004367	0.000000	277.468873	0.051775	623.000000
0.022037	0.027716	0.000000	385.010156	0.076129	624.000000
0.044974	0.012437	0.000000	454.837474	0.061613	625.000000
0.005054	0.003423	0.000000	335.651820	0.053374	626.000000
0.001277	0.007167	0.000000	1560.947857	0.127016	627.000000
0.043382	0.003973	0.000000	424.257258	0.074447	628.000000
0.027072	0.008966	0.000000	338.499058	0.052746	629.000000
0.023312	0.017094	0.000000	358.527801	0.066445	630.000000
0.023614	0.028212	0.000000	450.582087	0.095359	631.000000
0.000110	0.020095	0.000000	142.153051	0.058420	632.000000
0.034033	0.021126	0.000000	81.391613	0.042623	633.000000
0.016734	0.010757	0.000000	124.663879	0.049463	634.000000
0.009809	0.011225	0.000000	136.972340	0.059675	635.000000
0.036339	0.015085	0.000000	117.374820	0.043022	636.000000
0.043329	0.005733	0.000000	143.415987	0.042763	637.000000
0.023837	0.017275	0.000000	165.436162	0.066936	638.000000
0.016575	0.001841	0.000000	152.217887	0.041907	639.000000
0.034515	0.015350	0.000000	154.795466	0.059796	640.000000
0.028656	0.021642	0.000000	258.351779	0.065005	641.000000
0.033667	0.009315	0.000000	128.617235	0.049753	642.000000
0.023869	0.004291	0.000000	208.554625	0.072807	643.000000
0.042247	0.020386	0.000000	208.545490	0.052074	644.000000
0.044480	0.004049	0.000000	189.162065	0.043072	645.000000
0.033324	0.019728	0.000000	237.440664	0.279420	646.000000
0.023153	0.010862	0.000000	286.915384	0.060400	647.000000
0.013315	0.011519	0.000000	155.243970	0.054833	648.000000
0.048454	0.007893	0.000000	299.293756	0.067073	649.000000
0.005948	0.019327	0.000000	232.057815	0.045593	650.000000
0.012898	0.009461	0.000000	266.080403	0.066087	651.000000
0.024385	0.009281	0.000000	286.762687	0.061829	652.000000
0.038023	0.004482	0.000000	801.841972	0.144578	653.000000
0.018793	0.008119	0.000000	341.732549	0.048243	654.000000
0.002021	0.019592	0.000000	293.913029	0.042543	655.000000
0.018413	0.006890	0.000000	1062.157063	0.153404	656.000000
0.007878	0.026763	0.000000	461.692222	0.065760	657.000000
0.009316	0.003868	0.000000	278.740150	0.051079	658.000000
0.007485	0.006834	0.000000	341.699011	0.051463	659.000000
0.048398	0.028142	0.000000	341.245428	0.043745	660.000000
0.033244	0.016959	0.000000	399.768788	0.074631	661.000000
0.043276	0.011017	0.000000	385.667461	0.051652	662.000000
0.052230	0.006131	0.000000	339.070716	0.050562	663.000000
0.045406	0.025735	0.000000	313.216516	0.052213	664.000000
0.048309	0.025572	0.000000	278.386220	0.071124	665.000000
0.042954	0.004109	0.000000	429.644012	0.060855	666.000000
0.001589	0.013010	0.000000	159.714705	0.068894	667.000000
0.043625	0.005049	0.000000	103.408796	0.051652	668.000000
0.033410	0.016159	0.000000	127.004112	0.063862	669.000000
0.046822	0.013514	0.000000	114.884145	0.036630	670.000000
0.001078	0.011135	0.000000	138.088327	0.052980	671.000000
0.003796	0.007899	0.000000	218.509332	0.066386	672.000000
0.002530	0.011310	0.000000	163.955087	0.054215	673.000000
0.014646	0.023672	0.000000	207.840581	0.063721	674.000000
0.040491	0.009446	0.000000	153.475082	0.044333	675.000000
0.009562	0.001728	0.000000	183.059496	0.045490	676.000000
0.025079	0.015735	0.000000	168.844522	0.050622	677.000000
0.005458	0.015059	0.000000	176.035400	0.060897	678.000000
0.014736	0.011624	0.000000	271.063276	0.063885	679.000000
0.008226	0.008801	0.000000	195.470775	0.060037	680.000000
0.037152	0.007765	0.000000	250.916277	0.057357	681.000000
0.011821	0.008302	0.000000	211.492639	0.067365	682.000000
0.020075	0.013996	0.000000	210.617037	0.044795	683.000000
0.012896	0.002813	0.000000	896.268315	0.236263	684.000000
0.044002	0.016616	0.000000	1202.989502	0.302445	685.000000
0.026749	0.011726	0.000000	920.063832	0.202064	686.000000
0.015818	0.026829	0.000000	1059.354407	0.239868	687.000000
0.021259	0.029325	0.000000	938.434763	0.185862	688.000000
0.004804	0.007650	0.000000	871.406954	0.196035	689.000000
0.003812	0.023338	0.000000	1140.078645	0.205917	690.000000
0.014443	0.002330	0.000000	845.707943	0.140950	691.000000
0.026379	0.029238	0.000000	1563.468659	0.268974	692.000000
0.015417	0.025137	0.000000	1590.075997	0.197347	693.000000
0.050484	0.017689	0.000000	839.484951	0.103485	694.000000
0.021759	0.016944	0.000000	636.728133	0.129801	695.000000
0.042389	0.016555	0.000000	959.088478	0.119103	696.000000
0.009480	0.015202	0.000000	2224.762225	0.277362	697.000000
0.010825	0.006360	0.000000	2004.183790	0.321379	698.000000
0.019144	0.026356	0.000000	2070.498216	0.224931	699.000000
0.010151	0.002284	0.000000	1639.642637	0.244599	700.000000
0.040759	0.001561	0.000000	1879.707344	0.257940	701.000000
0.001885	0.015734	0.000000	154.308234	0.264267	702.000000
0.005892	0.004050	0.000000	152.451384	0.244478	703.000000
0.027965	0.013911	0.000000	189.949190	0.240740	704.000000
0.038303	0.000465	0.000000	325.695146	0.249350	705.000000
0.013224	0.012067	0.000000	1315.148136	0.562312	706.000000
0.030374	0.004809	0.000000	283.599835	0.221923	707.000000
0.005373	0.003556	0.000000	325.772729	0.217636	708.000000
0.021821	0.009980	0.000000	323.221311	0.139836	709.000000
0.024812	0.002641	0.000000	192.589399	0.097616	710.000000
0.038824	0.008434	0.000000	250.429570	0.144815	711.000000
0.033527	0.012787	0.000000	304.262929	0.125408	712.000000
0.013345	0.006337	0.000000	323.793203	0.121081	713.000000
0.011843	0.016056	0.000000	280.378323	0.074888	714.000000
0.007082	0.004220	0.000000	255.240013	0.064467	715.000000
0.018905	0.013477	0.000000	192.442751	0.056031	716.000000
0.040914	0.012798	0.000000	270.153866	0.066153	717.000000
0.035066	0.005246	0.000000	208.320060	0.064560	718.000000
0.023258	0.008128	0.000000	266.429550	0.084317	719.000000
0.029880	0.007139	0.000000	262.849719	0.045795	720.000000
0.039180	0.009818	0.000000	1268.553378	0.268420	721.000000
0.022995	0.007279	0.000000	1181.354697	0.278688	722.000000
0.010679	0.018747	0.000000	1150.091579	0.279751	723.000000
0.038386	0.002226	0.000000	608.910276	0.082026	724.000000
0.016678	0.029887	0.000000	339.836895	0.057023	725.000000
0.035218	0.002265	0.000000	239.812141	0.049365	726.000000
0.038753	0.025717	0.000000	285.032351	0.050388	727.000000
0.013223	0.007877	0.000000	399.936661	0.061781	728.000000
0.016304	0.011270	0.000000	319.504191	0.064632	729.000000
0.035494	0.008327	0.000000	419.457768	0.053979	730.000000
0.017451	0.010304	0.000000	341.847352	0.044342	731.000000
0.030075	0.008431	0.000000	379.058791	0.073704	732.000000
0.030283	0.023216	0.000000	510.115319	0.082750	733.000000
0.043718	0.023052	0.000000	303.802081	0.045131	734.000000
0.032242	0.018402	0.000000	450.875137	0.063279	735.000000
0.026816	0.022121	0.000000	461.401603	0.058343	736.000000
0.000806	0.015986	0.000000	2195.810733	1.089289	737.000000
0.045226	0.014070	0.000000	83.591807	0.039146	738.000000
0.039844	0.005995	0.000000	139.205924	0.055989	739.000000
0.032387	0.013368	0.000000	76.352310	0.249350	740.000000
0.043055	0.011247	0.000000	309.932319	0.097551	741.000000
0.001395	0.004867	0.000000	159.188316	0.059547	742.000000
0.045527	0.012875	0.000000	158.606156	0.052519	743.000000
0.032139	0.006030	0.000000	160.590835	0.044669	744.000000
0.029992	0.001237	0.000000	202.078391	0.053310	745.000000
0.041986	0.016155	0.000000	190.383500	0.045033	746.000000
0.038523	0.021630	0.000000	221.640331	0.058928	747.000000
0.020774	0.003152	0.000000	828.338826	0.433599	748.000000
0.015698	0.006052	0.000000	459.652291	0.062352	749.000000
0.015217	0.020689	0.000000	201.356806	0.054235	750.000000
0.036839	0.008736	0.000000	186.580930	0.037681	751.000000
0.040665	0.019975	0.000000	241.278999	0.063284	752.000000
0.016519	0.006126	0.000000	166.190899	0.048861	753.000000
0.030072	0.007198	0.000000	171.088372	0.044788	754.000000
0.019708	0.009228	0.000000	200.757118	0.044220	755.000000
0.007678	0.004455	0.000000	373.049880	0.073680	756.000000
0.044011	0.017801	0.000000	276.338807	0.056884	757.000000
0.045159	0.003328	0.000000	261.587205	0.042984	758.000000
0.036114	0.012102	0.000000	167.569659	0.031223	759.000000
0.010311	0.017639	0.000000	273.665848	0.049440	760.000000
0.026826	0.009146	0.000000	351.127583	0.064133	761.000000
0.032298	0.028456	0.000000	267.979692	0.059844	762.000000
0.023440	0.003163	0.000000	1284.213258	0.225843	763.000000
0.043481	0.010475	0.000000	1512.049679	0.416192	764.000000
0.040480	0.019393	0.000000	1577.928545	0.427993	765.000000
0.027178	0.007506	0.000000	313.482445	0.044124	766.000000
0.031790	0.019304	0.000000	215.020039	0.037675	767.000000
0.033838	0.012656	0.000000	372.530783	0.050268	768.000000
0.020390	0.025914	0.000000	309.849741	0.047014	769.000000
0.021329	0.009155	0.000000	1054.104617	0.110546	770.000000
0.035469	0.024336	0.000000	2053.792421	0.423349	771.000000
0.001004	0.003449	0.000000	143.154905	0.045999	772.000000
0.018174	0.000465	0.000000	86.363922	0.040330	773.000000
0.019388	0.013359	0.000000	99.814562	0.040929	774.000000
0.022291	0.007921	0.000000	112.020951	0.054419	775.000000
0.028147	0.003977	0.000000	216.491430	0.056607	776.000000
0.026101	0.003890	0.000000	145.574229	0.040149	777.000000
0.016603	0.006128	0.000000	124.580195	0.264989	778.000000
0.045140	0.005926	0.000000	255.581095	0.064416	779.000000
0.013929	0.019081	0.000000	116.727444	0.044782	780.000000
0.021230	0.011143	0.000000	155.558924	0.056905	781.000000
0.018504	0.020612	0.000000	689.983535	0.140171	782.000000
0.014670	0.005662	0.000000	552.926891	0.070821	783.000000
0.015513	0.011041	0.000000	604.894034	0.125583	784.000000
0.014422	0.004681	0.000000	239.365077	0.054103	785.000000
0.024288	0.004980	0.000000	197.825659	0.049061	786.000000
0.033160	0.008320	0.000000	278.759998	0.055646	787.000000
0.015479	0.016640	0.000000	226.359624	0.059650	788.000000
0.022623	0.016694	0.000000	183.297176	0.046127	789.000000
0.030050	0.018072	0.000000	1293.995302	0.154296	790.000000
0.007157	0.020177	0.000000	1113.868934	0.118726	791.000000
0.009763	0.008879	0.000000	249.412603	0.036856	792.000000
0.032933	0.014145	0.000000	261.472426	0.059445	793.000000
0.045380	0.017080	0.000000	206.655848	0.035772	794.000000
0.012576	0.027607	0.000000	352.540544	0.058369	795.000000
0.047068	0.004073	0.000000	265.018291	0.044549	796.000000
0.035458	0.021709	0.000000	296.139871	0.042263	797.000000
0.035627	0.023918	0.000000	299.138381	0.053614	798.000000
0.046455	0.016898	0.000000	306.020236	0.038975	799.000000
0.029248	0.024672	0.000000	350.950914	0.056761	800.000000
0.010154	0.018258	0.000000	1768.613011	0.159819	801.000000
0.013578	0.021476	0.000000	285.844670	0.048890	802.000000
0.043213	0.003103	0.000000	380.046580	0.061288	803.000000
0.031214	0.019062	0.000000	1266.397846	0.130468	804.000000
0.030927	0.029015	0.000000	326.990693	0.051974	805.000000
0.023024	0.016647	0.000000	297.801058	0.056958	806.000000
0.000194	0.017765	0.000000	167.783105	0.051143	807.000000
0.003607	0.016221	0.000000	68.254026	0.035465	808.000000
0.025659	0.012555	0.000000	208.602409	0.245909	809.000000
0.034626	0.022545	0.000000	258.360422	0.053494	810.000000
0.010095	0.013942	0.000000	179.555988	0.061179	811.000000
0.049497	0.016304	0.000000	187.320649	0.052902	812.000000
0.009623	0.020318	0.000000	207.795564	0.054773	813.000000
0.027204	0.005861	0.000000	174.845970	0.055398	814.000000
0.023799	0.000137	0.000000	167.776041	0.052300	815.000000
0.021834	0.019564	0.000000	186.085060	0.045277	816.000000
0.010590	0.004877	0.000000	214.105687	0.059308	817.000000
0.030722	0.012577	0.000000	168.978748	0.037409	818.000000
0.004948	0.003641	0.000000	619.158593	0.164206	819.000000
0.026166	0.011824	0.000000	783.725727	0.268321	820.000000
0.021279	0.005939	0.000000	365.597974	0.067337	821.000000
0.035335	0.006967	0.000000	240.281713	0.044017	822.000000
0.007913	0.016077	0.000000	317.007780	0.066427	823.000000
0.026940	0.004678	0.000000	249.364982	0.053515	824.000000
0.038166	0.020036	0.000000	186.297369	0.038396	825.000000
0.003895	0.012955	0.000000	286.026553	0.057416	826.000000
0.044343	0.007676	0.000000	276.073510	0.046082	827.000000
0.003688	0.019781	0.000000	238.002178	0.059418	828.000000
0.032720	0.012877	0.000000	274.008153	0.058693	829.000000
0.046584	0.021004	0.000000	146.209485	0.034925	830.000000
0.005523	0.009454	0.000000	361.121732	0.057220	831.000000
0.026464	0.006070	0.000000	300.228466	0.046403	832.000000
0.013142	0.002313	0.000000	314.372597	0.051525	833.000000
0.009028	0.012747	0.000000	250.661391	0.033263	834.000000
0.016407	0.021801	0.000000	1536.897805	0.217569	835.000000
0.039690	0.005229	0.000000	1361.089851	0.221571	836.000000
0.049605	0.016722	0.000000	1758.474588	0.555701	837.000000
0.038124	0.021908	0.000000	2192.865699	0.270499	838.000000
0.025976	0.540032	0.000000	2600.044316	0.406044	839.000000
0.009951	0.002506	0.000000	1969.186124	0.276650	840.000000
0.024162	0.026219	0.000000	1785.515586	0.515119	841.000000
0.000270	0.009986	0.000000	205.055434	0.315254	842.000000
0.044430	0.006899	0.000000	98.368756	0.325812	843.000000
0.038303	0.001999	0.000000	146.948586	0.276351	844.000000
0.000318	0.001924	0.000000	258.540298	0.340268	845.000000
0.024589	0.012534	0.000000	389.139065	0.300636	846.000000
0.041266	0.020319	0.000000	1194.333233	0.758681	847.000000
0.019212	0.020639	0.000000	441.166007	0.290502	848.000000
0.033931	0.015279	0.000000	1014.941148	0.337659	849.000000
0.007609	0.010901	0.000000	449.344146	0.181010	850.000000
0.042617	0.003894	0.000000	490.380528	0.289639	851.000000
0.018751	0.014348	0.000000	551.536578	0.185851	852.000000
0.052511	0.011399	0.000000	810.436185	0.177263	853.000000
0.024547	0.017432	0.000000	457.364170	0.434330	854.000000
0.008748	0.019927	0.000000	820.232943	0.262749	855.000000
0.050489	0.010196	0.000000	633.295010	0.235735	856.000000
0.005971	0.003500	0.000000	829.069632	0.276820	857.000000
0.000417	0.005980	0.000000	1712.945987	0.204212	858.000000
0.037124	0.020982	0.000000	1118.852797	0.303515	859.000000
0.034763	0.011986	0.000000	1185.688124	0.324795	860.000000
0.028201	0.007185	0.000000	1425.832380	0.255056	861.000000
0.020295	0.005710	0.000000	1254.089321	0.323123	862.000000
0.020952	0.013007	0.000000	1307.943709	0.271912	863.000000
0.019490	0.014012	0.000000	1422.747753	0.340975	864.000000
0.006904	0.023356	0.000000	1682.495093	0.240437	865.000000
0.049741	0.008682	0.000000	1471.403291	0.275350	866.000000
0.027803	0.016825	0.000000	3009.647291	0.227746	867.000000
0.050228	0.004853	0.000000	1050.960306	0.146663	868.000000
0.033261	0.026852	0.000000	811.660548	0.108887	869.000000
0.031796	0.016787	0.000000	514.867275	0.241927	870.000000
0.027475	0.009990	0.000000	1387.945986	0.197370	871.000000
0.012211	0.018899	0.000000	1137.907817	0.131889	872.000000
0.036395	0.002909	0.000000	1729.320381	0.287925	873.000000
0.028331	0.021452	0.000000	1594.028482	0.232038	874.000000
0.024685	0.012973	0.000000	1618.531185	0.212024	875.000000
0.022048	0.007131	0.000000	789.078730	0.102261	876.000000
0.000061	0.019018	0.000000	183.015959	0.394281	877.000000
0.033055	0.004982	0.000000	185.456864	0.243471	878.000000
0.031083	0.019472	0.000000	140.774647	0.176597	879.000000
0.022811	0.021773	0.000000	243.937908	0.329989	880.000000
0.030782	0.012952	0.000000	414.193102	0.293981	881.000000
0.029169	0.007643	0.000000	355.045829	0.547029	882.000000
0.015768	0.014757	0.000000	426.056689	0.245984	883.000000
0.031535	0.010696	0.000000	1128.636432	0.351663	884.000000
0.013203	0.005793	0.000000	388.538747	0.388443	885.000000
0.017869	0.013509	0.000000	955.506424	0.267514	886.000000
0.037720	0.012261	0.000000	465.766356	0.162553	887.000000
0.013812	0.010785	0.000000	190.506215	0.050688	888.000000
0.010175	0.007194	0.000000	143.605007	0.040628	889.000000
0.033006	0.014210	0.000000	161.020483	0.032823	890.000000
0.048528	0.004233	0.000000	243.717682	0.048500	891.000000
0.026766	0.003648	0.000000	300.892634	0.066474	892.000000
0.030135	0.001537	0.000000	1107.778931	0.217604	893.000000
0.039364	0.010058	0.000000	174.227403	0.044084	894.000000
0.013684	0.007195	0.000000	1293.983109	0.158818	895.000000
0.024526	0.001003	0.000000	270.634877	0.048117	896.000000
0.012048	0.008143	0.000000	312.923190	0.067356	897.000000
0.016963	0.009842	0.000000	286.175151	0.056428	898.000000
0.033299	0.018588	0.000000	412.544301	0.289315	899.000000
0.019720	0.014289	0.000000	200.760563	0.043267	900.000000
0.019961	0.013045	0.000000	221.451595	0.037271	901.000000
0.022093	0.015869	0.000000	345.240787	0.050793	902.000000
0.032297	0.024643	0.000000	404.412190	0.066156	903.000000
0.018198	0.027385	0.000000	406.128402	0.050397	904.000000
0.042736	0.023019	0.000000	288.801740	0.042384	905.000000
0.035992	0.023542	0.000000	299.644172	0.040581	906.000000
0.022537	0.006669	0.000000	310.694432	0.045831	907.000000
0.034180	0.009288	0.000000	284.243579	0.040148	908.000000
0.018166	0.006136	0.000000	1824.623881	0.233921	909.000000
0.046050	0.022361	0.000000	1447.792182	0.193768	910.000000
0.033009	0.012393	0.000000	1717.697355	0.187019	911.000000
0.000255	0.011556	0.000000	141.106248	0.129120	912.000000
0.020234	0.014392	0.000000	228.449646	0.061299	913.000000
0.011018	0.007026	0.000000	179.638635	0.044939	914.000000
0.048860	0.004258	0.000000	147.879544	0.046822	915.000000
0.006142	0.017940	0.000000	213.585426	0.047728	916.000000
0.051422	0.011295	0.000000	179.584771	0.039907	917.000000
0.024894	0.013380	0.000000	576.130521	0.124139	918.000000
0.021549	0.011019	0.000000	189.724967	0.053095	919.000000
0.023949	0.001186	0.000000	210.295120	0.060560	920.000000
0.037031	0.002073	0.000000	212.891013	0.045384	921.000000
0.014793	0.014767	0.000000	139.965812	0.036633	922.000000
0.011745	0.019079	0.000000	564.002009	0.210335	923.000000
0.040716	0.001678	0.000000	476.970752	0.184618	924.000000
0.023298	0.018360	0.000000	1039.990260	0.165466	925.000000
0.046170	0.008136	0.000000	503.695463	0.144382	926.000000
0.016499	0.009944	0.000000	611.777896	0.204619	927.000000
0.013072	0.017458	0.000000	847.543070	0.240709	928.000000
0.020355	0.011934	0.000000	1108.333696	0.207679	929.000000
0.005289	0.006733	0.000000	1037.316520	0.240925	930.000000
0.014787	0.016721	0.000000	746.858490	0.266184	931.000000
0.029693	0.002089	0.000000	1355.127026	0.510914	932.000000
0.044517	0.014575	0.000000	1059.182971	0.189517	933.000000
0.032979	0.016245	0.000000	1288.326244	0.300683	934.000000
0.013803	0.024278	0.000000	1627.769639	0.247932	935.000000
0.034754	0.007810	0.000000	1264.750798	0.276559	936.000000
0.039049	0.019034	0.000000	1391.507934	0.249687	937.000000
0.033832	0.015653	0.000000	904.075666	0.159810	938.000000
0.038443	0.025257	0.000000	1012.248528	0.175952	939.000000
0.035168	0.012654	0.000000	726.741576	0.346662	940.000000
0.011433	0.024804	0.000000	1561.045119	0.339290	941.000000
0.043623	0.018468	0.000000	962.529855	0.109653	942.000000
0.016505	0.014146	0.000000	420.136639	0.037782	943.000000
0.028865	0.007240	0.000000	1192.450740	0.391938	944.000000
0.003656	0.004892	0.000000	1786.906226	0.200106	945.000000
0.040838	0.023065	0.000000	378.925385	0.042505	946.000000
0.000071	0.009466	0.000000	217.083659	0.056546	947.000000
0.015395	0.018282	0.000000	283.640210	0.100363	948.000000
0.029973	0.011643	0.000000	234.063560	0.261816	949.000000
0.032598	0.007634	0.000000	503.662096	0.565881	950.000000
0.012816	0.004146	0.000000	323.715505	0.333101	951.000000
0.002375	0.013197	0.000000	248.361806	0.230155	952.000000
0.041997	0.006084	0.000000	221.456750	0.146677	953.000000
0.043888	0.003673	0.000000	242.311588	0.044079	954.000000
0.006858	0.011245	0.000000	633.530530	0.342130	955.000000
0.040303	0.006644	0.000000	547.455383	0.243206	956.000000
0.028620	0.003696	0.000000	411.951408	0.125255	957.000000
0.039695	0.009653	0.000000	288.547318	0.093075	958.000000
0.010325	0.010618	0.000000	281.993707	0.057493	959.000000
0.012423	0.012863	0.000000	314.066589	0.108618	960.000000
0.005444	0.014308	0.000000	488.230046	0.357520	961.000000
0.030512	0.020888	0.000000	1023.264905	0.290381	962.000000
0.051069	0.011458	0.000000	1199.840580	0.309553	963.000000
0.020101	0.016080	0.000000	624.079849	0.188654	964.000000
0.015408	0.014129	0.000000	839.130072	0.199486	965.000000
0.013873	0.004015	0.000000	977.888001	0.200491	966.000000
0.015448	0.023427	0.000000	1222.133135	0.185475	967.000000
0.008206	0.008569	0.000000	675.229830	0.143332	968.000000
0.018536	0.014726	0.000000	520.415751	0.084327	969.000000
0.015090	0.006306	0.000000	700.414695	0.107180	970.000000
0.029096	0.008057	0.000000	390.919090	0.280219	971.000000
0.036044	0.016539	0.000000	614.004633	0.071303	972.000000
0.023756	0.006066	0.000000	375.521464	0.060870	973.000000
0.032807	0.023282	0.000000	1320.018306	0.130588	974.000000
0.015442	0.009671	0.000000	298.802303	0.046783	975.000000
0.021566	0.011430	0.000000	394.548564	0.055996	976.000000
0.015857	0.001357	0.000000	544.487772	0.289776	977.000000
0.018904	0.009073	0.000000	524.019036	0.084300	978.000000
0.041469	0.023825	0.000000	568.105354	0.080824	979.000000
0.042864	0.026164	0.000000	323.012694	0.038830	980.000000
0.034925	0.009835	0.000000	1706.623336	0.243001	981.000000
0.000170	0.003591	0.000000	96.571585	0.213660	982.000000
0.027174	0.012013	0.000000	216.944725	0.113989	983.000000
0.043005	0.013942	0.000000	99.816251	0.091162	984.000000
0.022121	0.017008	0.000000	263.776895	0.324037	985.000000
0.015308	0.007043	0.000000	258.114740	0.182167	986.000000
0.033422	0.008653	0.000000	191.532033	0.115273	987.000000
0.017911	0.003783	0.000000	233.447706	0.100102	988.000000
0.025753	0.011427	0.000000	960.562546	0.295939	989.000000
0.024957	0.005088	0.000000	320.934654	0.093991	990.000000
0.000800	0.004797	0.000000	211.502144	0.097522	991.000000
0.004402	0.003157	0.000000	726.291222	0.128422	992.000000
0.025534	0.015155	0.000000	335.577037	0.079621	993.000000
0.012074	0.011039	0.000000	264.124244	0.072789	994.000000
0.000673	0.005715	0.000000	1405.814912	0.384067	995.000000
0.040573	0.020461	0.000000	985.497452	0.338665	996.000000
0.009498	0.017096	0.000000	684.981765	0.198715	997.000000
0.016845	0.006743	0.000000	765.268424	0.185087	998.000000
0.032062	0.011925	0.000000	680.843497	0.167697	999.000000
0.042360	0.001188	0.000000	569.221691	0.100409	1000.000000
0.038482	0.008945	0.000000	296.570486	0.059789	1001.000000
0.049204	0.015636	0.000000	354.203701	0.051304	1002.000000
0.013409	0.009311	0.000000	302.194672	0.060740	1003.000000
0.014675	0.015846	0.000000	802.019600	0.061749	1004.000000
0.039436	0.002473	0.000000	529.793395	0.119024	1005.000000
0.026058	0.004558	0.000000	2643.013665	0.479297	1006.000000
0.019470	0.009744	0.000000	1292.446773	0.170074	1007.000000
0.025915	0.018550	0.000000	705.839199	0.121940	1008.000000
0.045883	0.005906	0.000000	527.682774	0.139762	1009.000000
0.023011	0.022647	0.000000	1802.957412	0.276551	1010.000000
0.018980	0.007979	0.000000	2812.825748	0.197887	1011.000000
0.019600	0.010158	0.000000	1023.731951	0.186840	1012.000000
0.042474	0.006354	0.000000	1711.968185	0.182729	1013.000000
0.017834	0.010689	0.000000	1110.094048	0.103236	1014.000000
0.039449	0.015626	0.000000	333.867198	0.053748	1015.000000
0.019724	0.019880	0.000000	384.743412	0.046673	1016.000000
0.003496	0.008420	0.000000	201.092092	0.045251	1017.000000
0.037561	0.022488	0.000000	314.241759	0.313764	1018.000000
0.021143	0.009948	0.000000	278.491526	0.434655	1019.000000
0.005240	0.010373	0.000000	214.563349	0.100493	1020.000000
0.044140	0.007177	0.000000	169.545332	0.043828	1021.000000
0.043011	0.006918	0.000000	226.572147	0.048565	1022.000000
0.009739	0.024403	0.000000	75.450856	0.206552	1023.000000
0.038396	0.015649	0.000000	324.369684	0.068336	1024.000000
0.037920	0.015063	0.000000	240.001385	0.043618	1025.000000
0.037218	0.014901	0.000000	126.244730	0.032641	1026.000000
0.026435	0.012180	0.000000	262.930918	0.053426	1027.000000
0.029231	0.013782	0.000000	234.596975	0.240298	1028.000000
0.021948	0.019008	0.000000	287.384624	0.056550	1029.000000
0.046976	0.007397	0.000000	359.152353	0.256141	1030.000000
0.030219	0.009055	0.000000	276.143717	0.052370	1031.000000
0.028274	0.014104	0.000000	198.775263	0.046224	1032.000000
0.036310	0.021576	0.000000	604.397980	0.282765	1033.000000
0.035552	0.018358	0.000000	1181.853692	0.197337	1034.000000
0.010450	0.019865	0.000000	335.953125	0.068701	1035.000000
0.038838	0.011575	0.000000	289.126403	0.048471	1036.000000
0.009512	0.006287	0.000000	251.205391	0.040588	1037.000000
0.037128	0.008773	0.000000	258.169828	0.278722	1038.000000
0.009754	0.014976	0.000000	1463.683224	0.194471	1039.000000
0.038707	0.008152	0.000000	401.662611	0.056857	1040.000000
0.025970	0.014291	0.000000	363.352398	0.056427	1041.000000
0.025691	0.018803	0.000000	1930.165153	0.354394	1042.000000
0.017651	0.009598	0.000000	428.042761	0.039517	1043.000000
0.009424	0.006023	0.000000	1334.723124	0.165789	1044.000000
0.049253	0.022868	0.000000	389.029484	0.073858	1045.000000
0.012730	0.019096	0.000000	1372.908718	0.165856	1046.000000
0.019630	0.027888	0.000000	357.816573	0.063775	1047.000000
0.007698	0.006148	0.000000	363.440887	0.056273	1048.000000
0.043628	0.002321	0.000000	1905.771320	0.176036	1049.000000
0.016386	0.006807	0.000000	2063.877169	0.211926	1050.000000
0.021681	0.009331	0.000000	706.576230	0.080351	1051.000000
0.000359	0.016166	0.000000	80.520470	0.033125	1052.000000
0.004611	0.007694	0.000000	222.284896	0.059049	1053.000000
0.014817	0.020874	0.000000	357.278454	0.255827	1054.000000
0.001251	0.014286	0.000000	1282.868463	0.400849	1055.000000
0.008847	0.004500	0.000000	231.568322	0.044348	1056.000000
0.016734	0.012354	0.000000	142.956684	0.040116	1057.000000
0.045824	0.019500	0.000000	143.165775	0.045704	1058.000000
0.030233	0.013134	0.000000	259.983323	0.058362	1059.000000
0.053139	0.012531	0.000000	144.759538	0.033564	1060.000000
0.000252	0.008024	0.000000	215.144984	0.050926	1061.000000
0.043768	0.015230	0.000000	396.072516	0.277200	1062.000000
0.020906	0.020543	0.000000	267.952790	0.046169	1063.000000
0.028279	0.004530	0.000000	209.749703	0.051234	1064.000000
0.008328	0.006903	0.000000	260.090314	0.040554	1065.000000
0.029229	0.017143	0.000000	316.036706	0.066203	1066.000000
0.039311	0.001567	0.000000	238.794423	0.045666	1067.000000
0.021343	0.011806	0.000000	390.376624	0.068792	1068.000000
0.043760	0.009651	0.000000	300.107818	0.051704	1069.000000
0.010136	0.017926	0.000000	401.510262	0.060022	1070.000000
0.005311	0.013009	0.000000	348.637524	0.277651	1071.000000
0.021003	0.017238	0.000000	256.409852	0.232351	1072.000000
0.020015	0.013758	0.000000	360.538560	0.057793	1073.000000
0.028231	0.004889	0.000000	269.707436	0.043965	1074.000000
0.005746	0.009637	0.000000	221.526579	0.031557	1075.000000
0.033565	0.005819	0.000000	1517.940730	0.422222	1076.000000
0.024000	0.012483	0.000000	2357.722004	0.473763	1077.000000
0.001712	0.010375	0.000000	812.692387	0.067904	1078.000000
0.039789	0.002073	0.000000	436.403859	0.060300	1079.000000
0.025460	0.001319	0.000000	392.272381	0.055404	1080.000000
0.007332	0.008728	0.000000	396.897358	0.061121	1081.000000
0.010301	0.009162	0.000000	373.718381	0.055100	1082.000000
0.026825	0.020326	0.000000	698.414770	0.039308	1083.000000
0.029442	0.011631	0.000000	555.235503	0.320031	1084.000000
0.015799	0.008475	0.000000	513.955322	0.060258	1085.000000
0.050197	0.005701	0.000000	1841.660415	0.124829	1086.000000
0.000438	0.011552	0.000000	305.562296	0.133134	1087.000000
0.045228	0.013855	0.000000	349.686282	0.236434	1088.000000
0.011461	0.006665	0.000000	255.788361	0.050838	1089.000000
0.044747	0.010997	0.000000	387.081644	0.125088	1090.000000
0.005272	0.020452	0.000000	74.738162	0.052456	1091.000000
0.015760	0.021787	0.000000	212.832650	0.049858	1092.000000
0.003201	0.015681	0.000000	222.336577	0.051424	1093.000000
0.028201	0.011327	0.000000	380.451009	0.221541	1094.000000
0.038017	0.006891	0.000000	277.362215	0.059539	1095.000000
0.004816	0.009194	0.000000	266.081630	0.049765	1096.000000
0.045876	0.017796	0.000000	705.223188	0.167119	1097.000000
0.040931	0.020036	0.000000	355.180866	0.040169	1098.000000
0.043259	0.007011	0.000000	348.379904	0.069817	1099.000000
0.020051	0.015629	0.000000	326.485915	0.059692	1100.000000
0.004664	0.021464	0.000000	335.106457	0.061852	1101.000000
0.022819	0.020929	0.000000	356.915457	0.054466	1102.000000
0.035930	0.014587	0.000000	499.767252	0.210011	1103.000000
0.021227	0.005863	0.000000	299.869249	0.062494	1104.000000
0.015746	0.016523	0.000000	324.053104	0.056033	1105.000000
0.028800	0.001276	0.000000	298.900037	0.054667	1106.000000
0.029756	0.003578	0.000000	640.087416	0.047091	1107.000000
0.017752	0.012718	0.000000	536.123757	0.284436	1108.000000
0.019223	0.018102	0.000000	1061.550121	0.355791	1109.000000
0.017201	0.003074	0.000000	1008.626037	0.122264	1110.000000
0.016660	0.009744	0.000000	294.571185	0.038396	1111.000000
0.030378	0.006876	0.000000	374.428499	0.049317	1112.000000
0.040077	0.001253	0.000000	333.806300	0.040222	1113.000000
0.025301	0.019646	0.000000	490.154743	0.290759	1114.000000
0.036356	0.018455	0.000000	1135.682542	0.100196	1115.000000
0.012000	0.010917	0.000000	323.224023	0.042679	1116.000000
0.015932	0.021765	0.000000	472.768897	0.057632	1117.000000
0.024105	0.006000	0.000000	381.685252	0.039187	1118.000000
0.017233	0.013253	0.000000	452.684210	0.057435	1119.000000
0.021691	0.005844	0.000000	548.636067	0.066673	1120.000000
0.024065	0.019869	0.000000	789.167811	0.305713	1121.000000
0.001056	0.018282	0.000000	225.168810	0.074970	1122.000000
0.027033	0.018980	0.000000	352.988364	0.249406	1123.000000
0.031668	0.009514	0.000000	133.831969	0.035233	1124.000000
0.043585	0.007165	0.000000	185.779196	0.149830	1125.000000
0.008298	0.016156	0.000000	218.412352	0.049219	1126.000000
0.017302	0.013720	0.000000	315.286269	0.222224	1127.000000
0.009367	0.015517	0.000000	272.483270	0.058003	1128.000000
0.007413	0.014271	0.000000	271.561871	0.056260	1129.000000
0.024378	0.011096	0.000000	231.192260	0.058571	1130.000000
0.026673	0.010965	0.000000	252.078951	0.047463	1131.000000
0.030177	0.014792	0.000000	482.426948	0.314857	1132.000000
0.038505	0.013972	0.000000	387.775199	0.057785	1133.000000
0.020384	0.010140	0.000000	682.368839	0.055195	1134.000000
0.007325	0.011730	0.000000	589.055296	0.054717	1135.000000
0.039193	0.021153	0.000000	232.716812	0.042391	1136.000000
0.013522	0.020553	0.000000	381.245146	0.064874	1137.000000
0.045885	0.021706	0.000000	331.085440	0.053837	1138.000000
0.019779	0.002446	0.000000	259.309594	0.048245	1139.000000
0.041477	0.007307	0.000000	316.270140	0.052817	1140.000000
0.007371	0.016818	0.000000	389.764753	0.074266	1141.000000
0.005115	0.013584	0.000000	335.690930	0.049058	1142.000000
0.011024	0.022846	0.000000	289.303734	0.048929	1143.000000
0.022119	0.010368	0.000000	1278.280821	0.126622	1144.000000
0.035998	0.006138	0.000000	1509.102738	0.397633	1145.000000
0.007422	0.006789	0.000000	246.820660	0.043909	1146.000000
0.045578	0.003669	0.000000	346.740597	0.069160	1147.000000
0.004429	0.003487	0.000000	406.880463	0.042034	1148.000000
0.032132	0.013531	0.000000	350.266726	0.045441	1149.000000
0.006885	0.014768	0.000000	1317.348754	0.110906	1150.000000
0.046474	0.015207	0.000000	336.798086	0.037190	1151.000000
0.018652	0.017306	0.000000	1092.757678	0.090220	1152.000000
0.011143	0.013911	0.000000	1481.674688	0.192196	1153.000000
0.027994	0.006924	0.000000	460.526979	0.044942	1154.000000
0.030125	0.011917	0.000000	2257.847071	0.196683	1155.000000
0.037788	0.004844	0.000000	506.620655	0.059143	1156.000000
0.000211	0.006732	0.000000	147.946402	0.037736	1157.000000
0.017755	0.020144	0.000000	268.487119	0.059496	1158.000000
0.029673	0.009715	0.000000	439.112289	0.310090	1159.000000
0.028505	0.014313	0.000000	348.993374	0.179092	1160.000000
0.028129	0.008468	0.000000	290.079270	0.061386	1161.000000
0.043047	0.017504	0.000000	408.123306	0.161616	1162.000000
0.021559	0.006015	0.000000	263.060014	0.050723	1163.000000
0.046225	0.021301	0.000000	364.181972	0.064278	1164.000000
0.023033	0.012922	0.000000	313.373382	0.052500	1165.000000
0.036195	0.002753	0.000000	197.998075	0.045062	1166.000000
0.043262	0.003303	0.000000	195.649649	0.039993	1167.000000
0.012257	0.017062	0.000000	324.836323	0.063221	1168.000000
0.051211	0.004709	0.000000	265.721253	0.051679	1169.000000
0.048378	0.015967	0.000000	266.237325	0.045941	1170.000000
0.025353	0.009634	0.000000	248.566833	0.056811	1171.000000
0.009228	0.021081	0.000000	220.637657	0.048178	1172.000000
0.005495	0.005016	0.000000	289.782910	0.056531	1173.000000
0.021139	0.006658	0.000000	335.323915	0.056012	1174.000000
0.041358	0.008451	0.000000	270.430385	0.052331	1175.000000
0.003526	0.020830	0.000000	400.036507	0.063783	1176.000000
0.031152	0.008881	0.000000	402.048952	0.237422	1177.000000
0.013112	0.003946	0.000000	685.613730	0.048293	1178.000000
0.044322	0.013319	0.000000	395.512930	0.058703	1179.000000
0.034633	0.018153	0.000000	446.508047	0.062732	1180.000000
0.026979	0.009338	0.000000	325.781576	0.048751	1181.000000
0.035292	0.014260	0.000000	255.446861	0.034167	1182.000000
0.015475	0.023009	0.000000	427.816694	0.052304	1183.000000
0.022400	0.003381	0.000000	842.039421	0.333553	1184.000000
0.029270	0.012731	0.000000	1635.512546	0.168436	1185.000000
0.026459	0.018077	0.000000	376.237883	0.050812	1186.000000
0.039330	0.003652	0.000000	406.708127	0.035888	1187.000000
0.007174	0.011111	0.000000	476.648371	0.052918	1188.000000
0.042285	0.012513	0.000000	446.512795	0.060129	1189.000000
0.031031	0.025110	0.000000	410.078144	0.044664	1190.000000
0.034772	0.026156	0.000000	413.874633	0.053066	1191.000000
0.001672	0.020452	0.000000	288.083793	0.169364	1192.000000
0.006744	0.019886	0.000000	106.092315	0.042527	1193.000000
0.026794	0.009067	0.000000	245.250764	0.069063	1194.000000
0.009182	0.020679	0.000000	308.349562	0.059640	1195.000000
0.002139	0.015245	0.000000	455.712651	0.306520	1196.000000
0.044765	0.013959	0.000000	318.521261	0.531044	1197.000000
0.021283	0.012326	0.000000	558.336902	0.066571	1198.000000
0.037311	0.011664	0.000000	243.258464	0.078662	1199.000000
0.022504	0.008704	0.000000	247.359624	0.046135	1200.000000
0.045611	0.012095	0.000000	276.258271	0.044940	1201.000000
0.029252	0.015833	0.000000	260.872517	0.054051	1202.000000
0.001443	0.012307	0.000000	633.707245	0.059446	1203.000000
0.008283	0.009843	0.000000	344.471550	0.060604	1204.000000
0.006028	0.007166	0.000000	896.059784	0.187609	1205.000000
0.034560	0.012707	0.000000	851.544086	0.118019	1206.000000
0.028692	0.008965	0.000000	451.819424	0.312376	1207.000000
0.004452	0.017407	0.000000	1314.967637	0.127413	1208.000000
0.010755	0.007066	0.000000	989.865965	0.076940	1209.000000
0.028217	0.009342	0.000000	336.476468	0.045912	1210.000000
0.025370	0.011627	0.000000	1054.969067	0.117729	1211.000000
0.015477	0.006241	0.000000	269.352946	0.039871	1212.000000
0.016853	0.014656	0.000000	407.739283	0.055504	1213.000000
0.015249	0.011978	0.000000	295.541355	0.047692	1214.000000
0.028948	0.014140	0.000000	342.949964	0.057512	1215.000000
0.009133	0.012997	0.000000	377.650537	0.042432	1216.000000
0.026920	0.013560	0.000000	1756.854675	0.170989	1217.000000
0.010799	0.017766	0.000000	374.092007	0.049744	1218.000000
0.026405	0.005007	0.000000	358.058245	0.049050	1219.000000
0.029090	0.011248	0.000000	387.197574	0.050799	1220.000000
0.020882	0.010101	0.000000	1535.517701	0.147688	1221.000000
0.024766	0.015413	0.000000	349.401007	0.302824	1222.000000
0.013959	0.020987	0.000000	720.674014	0.105206	1223.000000
0.012908	0.010819	0.000000	508.798924	0.059471	1224.000000
0.032317	0.018838	0.000000	514.332828	0.065059	1225.000000
0.032375	0.018543	0.000000	445.374915	0.049648	1226.000000
0.000327	0.007516	0.000000	321.313887	0.273054	1227.000000
0.021476	0.004437	0.000000	245.139225	0.056462	1228.000000
0.051172	0.002752	0.000000	196.061264	0.044979	1229.000000
0.029031	0.003582	0.000000	253.524667	0.060196	1230.000000
0.024804	0.013194	0.000000	131.367654	0.039124	1231.000000
0.044967	0.015452	0.000000	75.653901	0.035616	1232.000000
0.050764	0.015234	0.000000	237.667147	0.477989	1233.000000
0.034888	0.007833	0.000000	510.150306	0.115105	1234.000000
0.025117	0.020451	0.000000	351.139301	0.058047	1235.000000
0.024721	0.020552	0.000000	292.923705	0.059218	1236.000000
0.022385	0.007793	0.000000	195.576128	0.044824	1237.000000
0.001553	0.002546	0.000000	270.152940	0.024237	1238.000000
0.028718	0.005940	0.000000	287.359842	0.046050	1239.000000
0.047580	0.011316	0.000000	466.823154	0.238013	1240.000000
0.022670	0.015293	0.000000	575.738552	0.230599	1241.000000
0.012875	0.009674	0.000000	514.257695	0.054452	1242.000000
0.022402	0.011239	0.000000	439.472961	0.059529	1243.000000
0.011528	0.011906	0.000000	954.306356	0.152188	1244.000000
0.004945	0.015997	0.000000	415.530667	0.058219	1245.000000
0.003627	0.008156	0.000000	393.430145	0.045864	1246.000000
0.005682	0.020011	0.000000	418.809127	0.062387	1247.000000
0.024199	0.003079	0.000000	336.800593	0.037748	1248.000000
0.032827	0.020729	0.000000	394.838622	0.055025	1249.000000
0.019870	0.012694	0.000000	450.277735	0.059668	1250.000000
0.036601	0.005384	0.000000	327.675330	0.046025	1251.000000
0.024211	0.006269	0.000000	400.310530	0.044576	1252.000000
0.013111	0.020209	0.000000	464.323573	0.058295	1253.000000
0.032437	0.011437	0.000000	323.638373	0.046969	1254.000000
0.022112	0.016279	0.000000	387.612727	0.047086	1255.000000
0.036830	0.019576	0.000000	1855.062951	0.243422	1256.000000
0.042912	0.012340	0.000000	1022.461065	0.085022	1257.000000
0.022313	0.012846	0.000000	447.131835	0.229787	1258.000000
0.041433	0.018492	0.000000	1722.983576	0.189955	1259.000000
0.012873	0.009226	0.000000	504.096071	0.045528	1260.000000
0.020293	0.017075	0.000000	577.854480	0.056455	1261.000000
